timestamp,co,no,no2,nox,o3,pm25,so2
2024-10-18 15:00:00-06:00,0.7,0.006,0.024,0.03,0.083,24.0,0.003
2024-10-18 16:00:00-06:00,0.6,0.003,0.018,0.021,0.1,24.0,0.003
2024-10-18 17:00:00-06:00,0.5,0.002,0.014,0.016,0.096,18.0,0.005
2024-10-18 18:00:00-06:00,0.5,0.002,0.018,0.021,0.05,18.0,0.004
2024-10-18 19:00:00-06:00,0.5,0.002,0.022,0.023,0.034,16.0,0.002
2024-10-18 20:00:00-06:00,0.5,0.002,0.022,0.023,0.034,16.0,0.002
2024-10-18 21:00:00-06:00,0.5,0.002,0.017,0.018,0.027,14.0,0.001
2024-10-18 22:00:00-06:00,0.5,0.002,0.022,0.024,0.018,7.0,0.001
2024-10-19 00:00:00-06:00,0.5,0.002,0.019,0.021,0.019,8.0,0.001
2024-10-19 01:00:00-06:00,0.5,,,,,6.0,
2024-10-19 03:00:00-06:00,,,,,,5.0,
2024-10-19 04:00:00-06:00,,,,,,5.0,
2024-10-19 05:00:00-06:00,0.3,0.002,0.007,0.009,0.027,7.0,0.002
2024-10-19 06:00:00-06:00,0.3,0.002,0.011,0.013,0.023,9.0,0.002
2024-10-19 07:00:00-06:00,0.3,0.002,0.011,0.013,0.023,9.0,0.002
2024-10-19 08:00:00-06:00,0.4,0.002,0.013,0.015,0.021,9.0,0.002
2024-10-19 09:00:00-06:00,0.4,0.004,0.017,0.021,0.019,6.0,0.002
2024-10-19 10:00:00-06:00,0.5,0.008,0.015,0.023,0.028,6.0,0.002
2024-10-19 11:00:00-06:00,0.5,0.008,0.015,0.023,0.028,6.0,0.002
2024-10-19 12:00:00-06:00,0.4,0.007,0.014,0.021,0.036,9.0,0.002
2024-10-19 13:00:00-06:00,0.4,0.005,0.011,0.017,0.047,8.0,0.001
2024-10-19 14:00:00-06:00,0.4,0.004,0.01,0.013,0.062,13.0,0.002
2024-10-19 15:00:00-06:00,0.3,0.003,0.006,0.009,0.053,7.0,0.001
2024-10-19 16:00:00-06:00,0.3,0.003,0.006,0.009,0.053,7.0,0.001
2024-10-19 17:00:00-06:00,0.3,0.002,0.006,0.008,0.051,4.0,0.001
2024-10-19 18:00:00-06:00,0.4,0.002,0.008,0.01,0.043,6.0,0.001
2024-10-19 19:00:00-06:00,0.4,0.002,0.008,0.01,0.04,8.0,0.001
2024-10-19 20:00:00-06:00,0.4,0.001,0.011,0.013,0.035,5.0,0.001
2024-10-19 21:00:00-06:00,0.4,0.002,0.013,0.014,0.031,8.0,0.001
2024-10-19 22:00:00-06:00,0.4,0.002,0.016,0.018,0.025,2.0,0.002
2024-10-19 23:00:00-06:00,0.4,0.002,0.013,0.015,0.027,10.0,0.001
2024-10-20 00:00:00-06:00,0.4,0.002,0.013,0.015,0.027,10.0,0.001
2024-10-20 01:00:00-06:00,0.4,0.002,0.012,0.014,0.028,2.0,0.001
2024-10-20 02:00:00-06:00,0.4,0.002,0.011,0.012,0.029,,0.001
2024-10-20 03:00:00-06:00,0.3,0.001,0.007,0.008,0.036,3.0,0.001
2024-10-20 04:00:00-06:00,0.3,0.001,0.007,0.008,0.035,,0.001
2024-10-20 05:00:00-06:00,0.3,0.001,0.007,0.008,0.034,5.0,0.001
2024-10-20 06:00:00-06:00,0.3,0.001,0.007,0.008,0.034,5.0,0.001
2024-10-20 07:00:00-06:00,0.3,0.002,0.012,0.014,0.025,3.0,0.002
2024-10-20 08:00:00-06:00,0.3,0.002,0.012,0.014,0.025,3.0,0.002
2024-10-20 09:00:00-06:00,0.3,0.002,0.013,0.015,0.027,6.0,0.002
2024-10-20 11:00:00-06:00,0.3,0.004,0.01,0.014,0.033,4.0,0.001
2024-10-20 12:00:00-06:00,0.3,0.003,0.007,0.009,0.039,3.0,0.002
2024-10-20 13:00:00-06:00,0.3,0.003,0.007,0.009,0.039,3.0,0.002
2024-10-20 14:00:00-06:00,0.4,0.003,0.008,0.012,0.038,5.0,0.002
2024-10-20 15:00:00-06:00,0.4,0.003,0.008,0.011,0.039,6.0,0.002
2024-10-20 16:00:00-06:00,0.4,0.003,0.007,0.01,0.038,5.0,0.001
2024-10-20 17:00:00-06:00,0.4,0.003,0.007,0.009,0.036,8.0,0.001
2024-10-20 19:00:00-06:00,0.4,0.002,0.01,0.012,0.028,8.0,0.002
2024-10-20 20:00:00-06:00,0.4,0.002,0.012,0.014,0.024,6.0,0.002
2024-10-20 21:00:00-06:00,0.4,0.002,0.012,0.014,0.022,7.0,0.002
2024-10-20 22:00:00-06:00,0.4,0.002,0.011,0.013,0.023,8.0,0.002
2024-10-20 23:00:00-06:00,0.4,0.002,0.012,0.013,0.022,4.0,0.001
2024-10-21 00:00:00-06:00,0.4,0.002,0.011,0.013,0.022,5.0,0.001
2024-10-21 01:00:00-06:00,0.4,0.002,0.011,0.013,0.021,2.0,0.001
2024-10-21 02:00:00-06:00,0.4,0.002,0.012,0.014,0.017,,0.001
2024-10-21 04:00:00-06:00,0.4,0.002,0.012,0.013,0.016,5.0,0.001
2024-10-21 05:00:00-06:00,0.3,0.002,0.009,0.011,0.017,6.0,0.001
2024-10-21 06:00:00-06:00,0.3,0.002,0.008,0.01,0.017,4.0,0.001
2024-10-21 07:00:00-06:00,0.3,0.002,0.01,0.011,0.015,4.0,0.001
2024-10-21 08:00:00-06:00,0.4,0.004,0.019,0.023,0.007,6.0,0.001
2024-10-21 10:00:00-06:00,0.8,0.029,0.025,0.054,0.003,8.0,0.002
2024-10-21 11:00:00-06:00,0.9,0.031,0.023,0.054,0.005,5.0,0.002
2024-10-21 12:00:00-06:00,0.7,0.019,0.019,0.038,0.013,9.0,0.001
2024-10-21 13:00:00-06:00,0.6,0.014,0.016,0.03,0.019,6.0,0.001
2024-10-21 14:00:00-06:00,0.6,0.016,0.018,0.034,0.021,4.0,0.001
2024-10-21 15:00:00-06:00,0.6,0.01,0.016,0.026,0.033,8.0,0.001
2024-10-21 16:00:00-06:00,0.6,0.006,0.015,0.021,0.03,9.0,0.001
2024-10-21 17:00:00-06:00,0.6,0.006,0.015,0.021,0.03,9.0,0.001
2024-10-21 18:00:00-06:00,0.6,0.007,0.024,0.031,0.012,9.0,0.002
2024-10-21 19:00:00-06:00,0.6,0.007,0.024,0.031,0.012,9.0,0.002
2024-10-21 20:00:00-06:00,0.5,0.003,0.017,0.02,0.015,6.0,0.001
2024-10-21 21:00:00-06:00,0.5,0.003,0.02,0.024,0.011,5.0,0.001
2024-10-21 22:00:00-06:00,0.5,0.003,0.02,0.024,0.011,5.0,0.001
2024-10-21 23:00:00-06:00,0.5,0.004,0.021,0.025,0.009,4.0,0.001
2024-10-22 00:00:00-06:00,0.5,0.003,0.025,0.028,0.006,1.0,0.002
2024-10-22 01:00:00-06:00,0.4,0.002,0.013,0.015,0.016,,0.001
2024-10-22 02:00:00-06:00,0.4,0.002,0.013,0.015,0.016,,0.001
2024-10-22 03:00:00-06:00,0.4,0.002,0.014,0.016,0.012,5.0,0.001
2024-10-22 04:00:00-06:00,0.4,0.002,0.012,0.014,0.014,5.0,0.001
2024-10-22 05:00:00-06:00,0.4,0.002,0.012,0.014,0.014,5.0,0.001
2024-10-22 06:00:00-06:00,0.3,0.002,0.009,0.011,0.014,5.0,0.001
2024-10-22 08:00:00-06:00,0.6,0.01,0.021,0.032,0.009,11.0,0.001
2024-10-22 10:00:00-06:00,0.7,0.018,0.02,0.038,0.015,10.0,0.002
2024-10-22 11:00:00-06:00,0.5,0.011,0.013,0.024,0.028,6.0,0.002
2024-10-22 12:00:00-06:00,0.6,0.012,0.015,0.026,0.031,8.0,0.002
2024-10-22 13:00:00-06:00,0.6,0.01,0.016,0.026,0.044,10.0,0.002
2024-10-22 14:00:00-06:00,0.6,0.004,0.016,0.021,0.083,15.0,0.002
2024-10-22 15:00:00-06:00,0.6,0.004,0.016,0.021,0.083,15.0,0.002
2024-10-22 17:00:00-06:00,0.6,0.003,0.016,0.018,0.099,15.0,0.002
2024-10-22 18:00:00-06:00,0.5,0.003,0.013,0.016,0.073,20.0,0.002
2024-10-22 19:00:00-06:00,0.5,0.002,0.017,0.019,0.044,14.0,0.002
2024-10-22 20:00:00-06:00,0.5,0.002,0.018,0.021,0.026,14.0,0.002
2024-10-22 21:00:00-06:00,0.4,0.002,0.015,0.017,0.026,9.0,0.001
2024-10-22 22:00:00-06:00,0.5,0.002,0.022,0.025,0.016,6.0,0.002
2024-10-22 23:00:00-06:00,0.5,0.002,0.019,0.021,0.02,6.0,0.001
2024-10-23 00:00:00-06:00,0.4,0.002,0.011,0.013,0.029,7.0,0.001
2024-10-23 01:00:00-06:00,0.4,0.002,0.009,0.011,0.027,2.0,0.001
2024-10-23 02:00:00-06:00,0.4,0.002,0.015,0.017,0.015,5.0,0.001
2024-10-23 03:00:00-06:00,0.4,0.002,0.015,0.017,0.015,5.0,0.001
2024-10-23 04:00:00-06:00,0.4,0.002,0.016,0.018,0.012,4.0,0.001
2024-10-23 05:00:00-06:00,0.4,0.002,0.017,0.019,0.009,4.0,0.002
2024-10-23 06:00:00-06:00,0.3,0.002,0.012,0.014,0.015,12.0,0.003
2024-10-23 07:00:00-06:00,0.3,0.002,0.01,0.012,0.01,11.0,0.002
2024-10-23 08:00:00-06:00,0.4,0.007,0.017,0.024,0.004,13.0,0.002
2024-10-23 09:00:00-06:00,0.6,0.024,0.017,0.042,0.004,9.0,0.002
2024-10-23 10:00:00-06:00,1.3,0.06,0.027,0.087,0.004,11.0,0.006
2024-10-23 11:00:00-06:00,,,,,,14.0,
2024-10-23 14:00:00-06:00,0.7,0.005,0.023,0.028,0.072,20.0,0.003
2024-10-23 15:00:00-06:00,0.7,0.005,0.023,0.028,0.072,20.0,0.003
2024-10-23 16:00:00-06:00,0.7,0.002,0.022,0.024,0.105,23.0,0.002
2024-10-23 17:00:00-06:00,0.7,0.002,0.022,0.024,0.105,23.0,0.002
2024-10-23 18:00:00-06:00,0.6,0.001,0.02,0.021,0.104,18.0,0.002
2024-10-23 19:00:00-06:00,0.5,0.0,0.02,0.02,0.072,22.0,0.003
2024-10-23 20:00:00-06:00,0.5,0.0,0.02,0.02,0.024,9.0,0.001
2024-10-23 21:00:00-06:00,0.5,0.001,0.023,0.024,0.017,6.0,0.002
2024-10-23 22:00:00-06:00,0.5,0.0,0.019,0.019,0.018,7.0,0.001
2024-10-23 23:00:00-06:00,0.4,0.0,0.015,0.015,0.019,4.0,0.003
2024-10-24 00:00:00-06:00,0.4,0.0,0.015,0.015,0.019,4.0,0.003
2024-10-24 01:00:00-06:00,0.4,0.0,0.013,0.013,0.02,7.0,0.003
2024-10-24 02:00:00-06:00,0.4,0.0,0.012,0.012,0.021,,0.003
2024-10-24 03:00:00-06:00,0.3,0.0,0.009,0.009,0.022,8.0,0.004
2024-10-24 04:00:00-06:00,0.3,0.0,0.008,0.008,0.022,9.0,0.003
2024-10-24 05:00:00-06:00,0.3,0.0,0.008,0.008,0.022,9.0,0.003
2024-10-24 06:00:00-06:00,0.3,0.0,0.009,0.009,0.021,10.0,0.003
2024-10-24 07:00:00-06:00,0.3,0.0,0.013,0.013,0.016,11.0,0.003
2024-10-24 08:00:00-06:00,0.4,0.003,0.022,0.025,0.007,10.0,0.004
2024-10-24 09:00:00-06:00,0.5,0.006,0.023,0.029,0.009,14.0,0.003
2024-10-24 10:00:00-06:00,0.6,0.01,0.023,0.034,0.013,12.0,0.002
2024-10-24 11:00:00-06:00,0.5,0.006,0.017,0.023,0.027,9.0,0.002
2024-10-24 12:00:00-06:00,0.6,0.009,0.017,0.026,0.036,12.0,0.002
2024-10-24 13:00:00-06:00,0.6,0.007,0.018,0.025,0.048,15.0,0.002
2024-10-24 14:00:00-06:00,0.6,0.005,0.02,0.025,0.061,18.0,0.002
2024-10-24 15:00:00-06:00,0.7,0.004,0.024,0.029,0.079,26.0,0.003
2024-10-24 16:00:00-06:00,0.7,0.003,0.025,0.028,0.092,21.0,0.003
2024-10-25 04:00:00-06:00,0.5,0.003,0.016,0.019,0.008,,
2024-10-25 06:00:00-06:00,0.4,0.005,0.017,0.022,0.004,8.0,0.002
2024-10-25 07:00:00-06:00,0.4,0.011,0.017,0.029,0.002,11.0,0.002
2024-10-25 08:00:00-06:00,0.6,0.019,0.022,0.041,0.002,10.0,0.002
2024-10-25 09:00:00-06:00,0.8,0.025,0.027,0.053,0.004,8.0,0.003
2024-10-25 10:00:00-06:00,1.0,0.039,0.027,0.065,0.006,13.0,0.003
2024-10-25 11:00:00-06:00,1.1,0.039,0.029,0.068,0.015,29.0,0.002
2024-10-25 12:00:00-06:00,1.1,0.026,0.036,0.062,0.03,38.0,0.003
2024-10-25 13:00:00-06:00,1.3,0.021,0.047,0.068,0.045,46.0,0.003
2024-10-25 14:00:00-06:00,1.2,0.016,0.051,0.067,0.061,51.0,0.003
2024-10-25 15:00:00-06:00,0.8,0.008,0.035,0.043,0.074,55.0,0.003
2024-10-25 16:00:00-06:00,0.8,0.005,0.033,0.038,0.085,40.0,0.003
2024-10-25 17:00:00-06:00,0.5,0.002,0.016,0.018,0.078,32.0,0.003
2024-10-25 18:00:00-06:00,0.5,0.001,0.021,0.022,0.067,20.0,0.007
2024-10-25 19:00:00-06:00,0.5,0.0,0.025,0.025,0.05,13.0,0.015
2024-10-25 20:00:00-06:00,0.5,0.0,0.025,0.025,0.05,13.0,0.015
2024-10-25 22:00:00-06:00,0.5,0.0,0.019,0.02,0.018,6.0,0.002
2024-10-25 23:00:00-06:00,0.5,0.0,0.019,0.02,0.018,6.0,0.002
2024-10-26 00:00:00-06:00,0.6,0.001,0.024,0.024,0.013,5.0,0.004
2024-10-26 01:00:00-06:00,0.5,0.001,0.026,0.027,0.01,4.0,0.007
2024-10-26 02:00:00-06:00,0.5,0.0,0.017,0.017,0.017,,0.008
2024-10-26 03:00:00-06:00,0.4,0.001,0.015,0.016,0.02,16.0,0.007
2024-10-26 04:00:00-06:00,0.5,0.002,0.025,0.027,0.007,9.0,0.005
2024-10-26 06:00:00-06:00,0.4,0.0,0.02,0.02,0.012,12.0,0.009
2024-10-26 07:00:00-06:00,0.4,0.0,0.02,0.02,0.012,12.0,0.009
2024-10-26 08:00:00-06:00,0.4,0.001,0.021,0.022,0.011,13.0,0.009
2024-10-26 10:00:00-06:00,0.5,0.01,0.022,0.033,0.013,17.0,0.011
2024-10-26 12:00:00-06:00,0.6,0.012,0.023,0.034,0.037,14.0,0.005
2024-10-26 13:00:00-06:00,0.6,0.012,0.023,0.034,0.037,14.0,0.005
2024-10-26 14:00:00-06:00,0.6,0.006,0.021,0.028,0.054,30.0,0.003
2024-10-26 15:00:00-06:00,0.6,0.004,0.022,0.026,0.07,34.0,0.003
2024-10-26 16:00:00-06:00,0.7,0.002,0.019,0.02,0.094,32.0,0.002
2024-10-26 17:00:00-06:00,0.7,0.0,0.019,0.02,0.098,30.0,0.002
2024-10-26 18:00:00-06:00,0.7,0.0,0.019,0.02,0.098,30.0,0.002
2024-10-26 19:00:00-06:00,0.6,0.0,0.022,0.022,0.057,26.0,0.002
2024-10-26 20:00:00-06:00,0.5,0.0,0.018,0.018,0.024,18.0,0.002
2024-10-26 21:00:00-06:00,0.5,0.0,0.016,0.016,0.018,13.0,0.005
2024-10-26 22:00:00-06:00,0.5,0.0,0.017,0.017,0.016,8.0,0.005
2024-10-26 23:00:00-06:00,0.4,0.001,0.015,0.016,0.019,5.0,0.001
2024-10-27 00:00:00-06:00,0.4,0.0,0.012,0.012,0.02,6.0,0.002
2024-10-27 01:00:00-06:00,0.4,0.0,0.012,0.012,0.02,6.0,0.002
2024-10-27 02:00:00-06:00,0.4,0.0,0.01,0.01,0.023,,0.003
2024-10-27 03:00:00-06:00,0.4,0.0,0.01,0.01,0.023,8.0,0.003
2024-10-27 04:00:00-06:00,0.3,0.0,0.011,0.011,0.02,10.0,0.004
2024-10-27 05:00:00-06:00,0.3,0.0,0.011,0.011,0.02,10.0,0.004
2024-10-27 06:00:00-06:00,0.3,0.0,0.015,0.014,0.016,13.0,0.009
2024-10-27 08:00:00-06:00,0.4,0.0,0.02,0.021,0.009,14.0,0.02
2024-10-27 09:00:00-06:00,0.4,0.003,0.021,0.024,0.009,12.0,0.01
2024-10-27 10:00:00-06:00,0.4,0.005,0.016,0.021,0.016,17.0,0.003
2024-10-27 11:00:00-06:00,0.4,0.01,0.017,0.026,0.017,12.0,0.003
2024-10-27 12:00:00-06:00,0.4,0.007,0.013,0.02,0.023,12.0,0.003
2024-10-27 13:00:00-06:00,0.4,0.004,0.01,0.014,0.034,13.0,0.002
2024-10-27 15:00:00-06:00,0.4,0.002,0.009,0.011,0.04,12.0,0.003
2024-10-27 16:00:00-06:00,0.4,0.002,0.008,0.01,0.047,15.0,0.003
2024-10-27 17:00:00-06:00,0.4,0.0,0.01,0.01,0.047,13.0,0.004
2024-10-27 18:00:00-06:00,0.4,0.001,0.011,0.012,0.037,21.0,0.004
2024-10-27 20:00:00-06:00,0.5,0.0,0.013,0.013,0.026,14.0,0.005
2024-10-27 21:00:00-06:00,0.5,0.0,0.015,0.015,0.021,14.0,0.002
2024-10-27 22:00:00-06:00,0.5,0.0,0.019,0.019,0.014,14.0,0.002
2024-10-28 00:00:00-06:00,0.4,0.0,0.013,0.013,0.018,13.0,0.001
2024-10-28 01:00:00-06:00,0.4,0.0,0.01,0.009,0.022,,0.002
2024-10-28 02:00:00-06:00,0.4,0.0,0.01,0.009,0.022,,0.002
2024-10-28 03:00:00-06:00,0.3,0.0,0.007,0.007,0.023,13.0,0.002
2024-10-28 04:00:00-06:00,0.3,0.0,0.008,0.008,0.022,11.0,0.003
2024-10-28 05:00:00-06:00,0.3,0.0,0.008,0.008,0.021,9.0,0.004
2024-10-28 06:00:00-06:00,0.3,0.0,0.01,0.01,0.017,12.0,0.007
2024-10-28 07:00:00-06:00,0.3,0.0,0.016,0.016,0.011,12.0,0.008
2024-10-28 08:00:00-06:00,0.4,0.003,0.023,0.026,0.005,15.0,0.006
2024-10-28 09:00:00-06:00,0.6,0.017,0.024,0.041,0.005,19.0,0.005
2024-10-28 10:00:00-06:00,0.7,0.022,0.022,0.044,0.01,13.0,0.003
2024-10-28 11:00:00-06:00,0.8,0.019,0.023,0.042,0.016,19.0,0.002
2024-10-28 12:00:00-06:00,0.8,0.019,0.023,0.042,0.016,19.0,0.002
2024-10-28 13:00:00-06:00,0.7,0.016,0.021,0.038,0.027,21.0,0.002
2024-10-28 14:00:00-06:00,0.7,0.007,0.023,0.03,0.052,25.0,0.004
2024-10-28 15:00:00-06:00,0.7,0.007,0.023,0.03,0.052,25.0,0.004
2024-10-28 17:00:00-06:00,0.6,0.002,0.019,0.021,0.046,22.0,0.004
2024-10-28 18:00:00-06:00,0.7,0.003,0.022,0.025,0.048,19.0,0.007
2024-10-28 19:00:00-06:00,1.1,0.004,0.05,0.054,0.014,24.0,0.006
2024-10-28 20:00:00-06:00,1.1,0.004,0.05,0.054,0.014,24.0,0.006
2024-10-28 21:00:00-06:00,0.7,0.003,0.027,0.029,0.018,26.0,0.021
2024-10-28 22:00:00-06:00,0.9,0.021,0.034,0.055,0.003,16.0,0.015
2024-10-28 23:00:00-06:00,0.9,0.021,0.034,0.055,0.003,16.0,0.015
2024-10-29 00:00:00-06:00,1.0,0.017,0.034,0.052,0.003,17.0,0.013
2024-10-29 01:00:00-06:00,0.8,0.008,0.035,0.043,0.003,23.0,0.015
2024-10-29 02:00:00-06:00,0.7,0.011,0.027,0.037,0.004,,0.009
2024-10-29 04:00:00-06:00,0.7,0.017,0.02,0.037,0.002,17.0,0.005
2024-10-29 05:00:00-06:00,0.5,0.004,0.017,0.021,0.006,20.0,0.006
2024-10-29 06:00:00-06:00,0.5,0.013,0.016,0.029,0.003,17.0,0.004
2024-10-29 07:00:00-06:00,0.5,0.013,0.016,0.029,0.003,17.0,0.004
2024-10-29 08:00:00-06:00,0.7,0.035,0.017,0.053,0.002,22.0,0.004
2024-10-29 09:00:00-06:00,1.3,0.103,0.02,0.124,0.003,21.0,0.006
2024-10-29 10:00:00-06:00,1.2,0.055,0.031,0.086,0.008,23.0,0.008
2024-10-29 11:00:00-06:00,1.1,0.018,0.038,0.056,0.043,33.0,0.012
2024-10-29 12:00:00-06:00,0.9,0.007,0.027,0.034,0.067,36.0,0.017
2024-10-29 13:00:00-06:00,0.9,0.007,0.027,0.034,0.067,36.0,0.017
2024-10-29 14:00:00-06:00,0.8,0.003,0.024,0.027,0.087,40.0,0.017
2024-10-29 15:00:00-06:00,0.8,0.003,0.024,0.027,0.087,40.0,0.017
2024-10-29 16:00:00-06:00,0.7,0.002,0.022,0.025,0.076,34.0,0.016
2024-10-29 17:00:00-06:00,0.8,0.002,0.027,0.029,0.083,30.0,0.016
2024-10-29 18:00:00-06:00,0.8,0.001,0.031,0.032,0.084,27.0,0.015
2024-10-29 19:00:00-06:00,0.8,0.002,0.028,0.03,0.049,34.0,0.009
2024-10-29 20:00:00-06:00,0.8,0.0,0.033,0.033,0.031,30.0,0.006
2024-10-29 21:00:00-06:00,0.8,0.0,0.029,0.029,0.026,26.0,0.004
2024-10-29 22:00:00-06:00,0.7,0.001,0.033,0.035,0.013,20.0,0.003
2024-10-29 23:00:00-06:00,0.8,0.0,0.027,0.027,0.026,16.0,0.002
2024-10-30 00:00:00-06:00,0.8,0.0,0.027,0.027,0.026,16.0,0.002
2024-10-30 01:00:00-06:00,0.8,0.003,0.03,0.032,0.011,18.0,0.002
2024-10-30 02:00:00-06:00,0.6,0.001,0.019,0.02,0.012,,0.002
2024-10-30 03:00:00-06:00,0.6,0.003,0.021,0.025,0.004,21.0,0.002
2024-10-30 04:00:00-06:00,0.6,0.003,0.021,0.025,0.004,21.0,0.002
2024-10-30 05:00:00-06:00,0.5,0.003,0.015,0.018,0.005,15.0,0.001
2024-10-30 06:00:00-06:00,0.6,0.018,0.02,0.037,0.002,8.0,0.002
2024-10-30 07:00:00-06:00,0.7,0.038,0.017,0.056,0.002,15.0,0.002
2024-10-30 08:00:00-06:00,0.7,0.038,0.017,0.056,0.002,15.0,0.002
2024-10-30 09:00:00-06:00,1.8,0.087,0.038,0.124,0.009,12.0,0.003
2024-10-30 10:00:00-06:00,1.8,0.087,0.038,0.124,0.009,12.0,0.003
2024-10-30 11:00:00-06:00,1.2,0.027,0.037,0.065,0.025,23.0,0.003
2024-10-30 12:00:00-06:00,1.0,0.014,0.033,0.047,0.046,24.0,0.004
2024-10-30 13:00:00-06:00,0.8,0.007,0.025,0.031,0.064,29.0,0.004
2024-10-30 14:00:00-06:00,0.7,0.004,0.024,0.028,0.088,24.0,0.004
2024-10-30 15:00:00-06:00,0.8,0.003,0.029,0.032,0.103,25.0,0.004
2024-10-30 16:00:00-06:00,0.8,0.001,0.026,0.027,0.122,33.0,0.005
2024-10-31 05:00:00-06:00,0.3,0.0,0.007,0.007,0.022,,
2024-10-31 06:00:00-06:00,0.3,0.0,0.009,0.009,0.015,,
2024-10-31 07:00:00-06:00,0.4,0.002,0.013,0.015,0.008,,
2024-10-31 08:00:00-06:00,1.2,0.057,0.022,0.079,0.003,,
2024-10-31 09:00:00-06:00,1.1,0.039,0.03,0.069,0.009,,
2024-10-31 10:00:00-06:00,0.7,0.01,0.023,0.033,0.031,,
2024-10-31 11:00:00-06:00,0.7,0.01,0.023,0.033,0.031,,
2024-10-31 12:00:00-06:00,0.8,0.01,0.027,0.037,0.037,,
2024-10-31 13:00:00-06:00,0.7,0.006,0.021,0.027,0.053,,
2024-10-31 14:00:00-06:00,0.8,0.004,0.027,0.031,0.081,,
2024-10-31 15:00:00-06:00,0.8,0.004,0.027,0.031,0.081,,
2024-10-31 17:00:00-06:00,0.5,0.001,0.014,0.015,0.072,23.0,0.007
2024-10-31 18:00:00-06:00,0.5,0.0,0.017,0.017,0.044,26.0,0.004
2024-10-31 19:00:00-06:00,0.6,0.001,0.02,0.021,0.029,22.0,0.003
2024-10-31 20:00:00-06:00,0.6,0.001,0.02,0.021,0.029,22.0,0.003
2024-10-31 21:00:00-06:00,0.6,0.001,0.019,0.02,0.021,12.0,0.002
2024-10-31 22:00:00-06:00,0.6,0.0,0.016,0.016,0.019,10.0,0.001
2024-10-31 23:00:00-06:00,0.6,0.001,0.025,0.026,0.01,10.0,0.002
2024-11-01 00:00:00-06:00,0.6,0.0,0.021,0.021,0.015,8.0,0.002
2024-11-01 01:00:00-06:00,0.5,0.0,0.013,0.013,0.021,18.0,0.002
2024-11-01 02:00:00-06:00,0.4,0.0,0.012,0.012,0.018,17.0,0.002
2024-11-01 03:00:00-06:00,0.4,0.0,0.012,0.012,0.018,17.0,0.002
2024-11-01 04:00:00-06:00,0.4,0.0,0.014,0.014,0.015,11.0,0.002
2024-11-01 05:00:00-06:00,0.4,0.0,0.017,0.017,0.011,12.0,0.002
2024-11-01 06:00:00-06:00,0.4,0.003,0.017,0.021,0.005,11.0,0.002
2024-11-01 07:00:00-06:00,0.5,0.003,0.02,0.023,0.005,17.0,0.004
2024-11-01 08:00:00-06:00,0.5,0.007,0.021,0.028,0.007,19.0,0.008
2024-11-01 09:00:00-06:00,0.5,0.007,0.021,0.028,0.007,19.0,0.008
2024-11-01 10:00:00-06:00,0.6,0.015,0.02,0.035,0.012,20.0,0.009
2024-11-01 11:00:00-06:00,0.6,0.008,0.014,0.022,0.032,20.0,0.009
2024-11-01 12:00:00-06:00,0.6,0.008,0.014,0.022,0.032,20.0,0.009
2024-11-01 13:00:00-06:00,0.6,0.006,0.015,0.021,0.043,15.0,0.005
2024-11-01 14:00:00-06:00,0.7,0.003,0.021,0.023,0.077,21.0,0.003
2024-11-01 15:00:00-06:00,0.5,0.001,0.014,0.015,0.074,26.0,0.004
2024-11-01 16:00:00-06:00,0.5,0.001,0.014,0.015,0.074,26.0,0.004
2024-11-01 17:00:00-06:00,0.6,0.0,0.018,0.018,0.059,19.0,0.005
2024-11-01 18:00:00-06:00,0.6,0.0,0.018,0.018,0.059,19.0,0.005
2024-11-01 19:00:00-06:00,0.7,0.0,0.02,0.021,0.047,21.0,0.004
2024-11-01 20:00:00-06:00,0.6,0.0,0.017,0.017,0.028,25.0,0.004
2024-11-01 22:00:00-06:00,0.7,0.0,0.022,0.022,0.019,18.0,0.004
2024-11-01 23:00:00-06:00,0.6,0.0,0.019,0.019,0.019,16.0,0.006
2024-11-02 00:00:00-06:00,0.6,0.0,0.019,0.019,0.019,16.0,0.006
2024-11-02 01:00:00-06:00,0.6,0.0,0.016,0.016,0.018,15.0,0.004
2024-11-02 02:00:00-06:00,0.6,0.0,0.016,0.016,0.014,,0.003
2024-11-02 03:00:00-06:00,0.5,0.0,0.012,0.012,0.015,21.0,0.002
2024-11-02 05:00:00-06:00,0.4,0.0,0.01,0.01,0.011,18.0,0.002
2024-11-02 06:00:00-06:00,0.5,0.003,0.014,0.018,0.004,17.0,0.002
2024-11-02 07:00:00-06:00,0.6,0.005,0.013,0.019,0.003,17.0,0.002
2024-11-02 08:00:00-06:00,0.6,0.011,0.012,0.024,0.004,22.0,0.002
2024-11-02 09:00:00-06:00,0.6,0.011,0.012,0.024,0.004,22.0,0.002
2024-11-02 10:00:00-06:00,0.5,0.009,0.014,0.024,0.017,16.0,0.005
2024-11-02 11:00:00-06:00,0.5,0.006,0.011,0.017,0.031,18.0,0.005
2024-11-02 12:00:00-06:00,0.5,0.003,0.01,0.013,0.045,20.0,0.006
2024-11-02 13:00:00-06:00,0.5,0.003,0.011,0.014,0.057,25.0,0.004
2024-11-02 14:00:00-06:00,0.5,0.002,0.012,0.014,0.074,23.0,0.004
2024-11-02 15:00:00-06:00,0.5,0.002,0.012,0.014,0.074,23.0,0.004
2024-11-02 18:00:00-06:00,0.6,0.0,0.015,0.016,0.044,39.0,0.027
2024-11-02 19:00:00-06:00,0.6,0.0,0.016,0.016,0.033,36.0,0.027
2024-11-02 20:00:00-06:00,0.6,0.0,0.016,0.016,0.037,20.0,0.025
2024-11-02 21:00:00-06:00,0.6,0.0,0.015,0.015,0.046,20.0,0.008
2024-11-02 22:00:00-06:00,0.6,0.0,0.015,0.015,0.046,20.0,0.008
2024-11-02 23:00:00-06:00,0.7,0.0,0.022,0.022,0.02,15.0,0.003
2024-11-03 00:00:00-06:00,0.7,0.0,0.022,0.022,0.02,15.0,0.003
2024-11-03 01:00:00-06:00,0.9,0.001,0.028,0.03,0.005,,0.002
2024-11-03 02:00:00-06:00,0.9,0.001,0.028,0.03,0.005,,0.002
2024-11-03 03:00:00-06:00,1.0,0.009,0.026,0.035,0.002,10.0,0.001
2024-11-03 04:00:00-06:00,0.8,0.002,0.021,0.023,0.006,15.0,0.001
2024-11-03 07:00:00-06:00,0.5,0.001,0.014,0.014,0.007,16.0,0.001
2024-11-03 09:00:00-06:00,1.2,0.031,0.024,0.055,0.013,13.0,0.003
2024-11-03 10:00:00-06:00,0.9,0.014,0.024,0.038,0.03,20.0,0.004
2024-11-03 11:00:00-06:00,0.9,0.014,0.024,0.038,0.03,20.0,0.004
2024-11-03 12:00:00-06:00,0.7,0.006,0.017,0.023,0.048,24.0,0.004
2024-11-03 13:00:00-06:00,0.5,0.002,0.01,0.012,0.064,28.0,0.004
2024-11-03 14:00:00-06:00,0.5,0.001,0.01,0.011,0.086,22.0,0.005
2024-11-03 15:00:00-06:00,0.6,0.0,0.01,0.011,0.102,25.0,0.008
2024-11-03 16:00:00-06:00,0.5,0.0,0.009,0.01,0.049,34.0,0.004
2024-11-03 18:00:00-06:00,0.6,0.0,0.012,0.012,0.054,22.0,0.003
2024-11-03 19:00:00-06:00,0.7,0.0,0.02,0.02,0.036,27.0,0.002
2024-11-03 20:00:00-06:00,0.7,0.0,0.02,0.02,0.036,27.0,0.002
2024-11-03 21:00:00-06:00,0.9,0.001,0.028,0.029,0.023,19.0,0.002
2024-11-03 22:00:00-06:00,1.2,0.02,0.032,0.052,0.002,25.0,0.002
2024-11-04 00:00:00-06:00,1.0,0.0,0.024,0.025,0.013,22.0,0.001
2024-11-04 01:00:00-06:00,0.9,0.0,0.022,0.022,0.013,18.0,0.001
2024-11-04 02:00:00-06:00,0.9,0.002,0.029,0.031,0.006,,0.001
2024-11-04 04:00:00-06:00,0.6,0.001,0.019,0.02,0.007,20.0,0.001
2024-11-04 05:00:00-06:00,0.6,0.001,0.017,0.018,0.006,23.0,0.002
2024-11-04 06:00:00-06:00,0.6,0.004,0.016,0.02,0.003,25.0,0.001
2024-11-04 07:00:00-06:00,0.8,0.029,0.015,0.044,0.002,18.0,0.002
2024-11-04 08:00:00-06:00,0.8,0.029,0.015,0.044,0.002,18.0,0.002
2024-11-04 09:00:00-06:00,1.4,0.091,0.02,0.111,0.003,25.0,0.003
2024-11-04 10:00:00-06:00,1.4,0.061,0.03,0.091,0.008,24.0,0.003
2024-11-04 11:00:00-06:00,1.1,0.023,0.031,0.053,0.028,30.0,0.003
2024-11-04 12:00:00-06:00,0.8,0.006,0.02,0.025,0.055,33.0,0.003
2024-11-04 14:00:00-06:00,0.8,0.002,0.02,0.021,0.096,25.0,0.003
2024-11-04 15:00:00-06:00,0.7,0.001,0.016,0.017,0.1,34.0,0.002
2024-11-04 16:00:00-06:00,0.7,0.001,0.016,0.017,0.1,34.0,0.002
2024-11-04 17:00:00-06:00,0.6,0.001,0.019,0.02,0.051,27.0,0.001
2024-11-04 18:00:00-06:00,0.6,0.001,0.019,0.02,0.051,27.0,0.001
2024-11-04 19:00:00-06:00,0.9,0.003,0.03,0.032,0.022,21.0,0.001
2024-11-04 20:00:00-06:00,1.2,0.028,0.033,0.061,0.003,16.0,0.002
2024-11-04 21:00:00-06:00,1.1,0.01,0.034,0.045,0.005,16.0,0.001
2024-11-04 23:00:00-06:00,1.2,0.03,0.025,0.055,0.002,24.0,0.002
2024-11-05 00:00:00-06:00,1.2,0.03,0.025,0.055,0.002,24.0,0.002
2024-11-05 01:00:00-06:00,1.4,0.052,0.021,0.073,0.002,,0.002
2024-11-05 02:00:00-06:00,1.2,0.042,0.018,0.06,0.002,26.0,0.002
2024-11-05 03:00:00-06:00,1.2,0.042,0.018,0.06,0.002,26.0,0.002
2024-11-05 04:00:00-06:00,0.7,0.012,0.016,0.028,0.002,20.0,0.001
2024-11-05 05:00:00-06:00,0.7,0.012,0.016,0.028,0.002,20.0,0.001
2024-11-05 06:00:00-06:00,0.6,0.018,0.012,0.03,0.002,18.0,0.001
2024-11-05 07:00:00-06:00,0.6,0.018,0.012,0.03,0.002,18.0,0.001
2024-11-05 08:00:00-06:00,0.7,0.04,0.013,0.053,0.002,16.0,0.002
2024-11-05 09:00:00-06:00,2.0,0.164,0.015,0.179,0.003,20.0,0.004
2024-11-05 10:00:00-06:00,1.3,0.033,0.035,0.068,0.022,27.0,0.002
2024-11-05 11:00:00-06:00,0.9,0.01,0.025,0.035,0.044,31.0,0.002
2024-11-05 12:00:00-06:00,0.9,0.01,0.025,0.035,0.044,31.0,0.002
2024-11-05 13:00:00-06:00,0.9,0.007,0.028,0.035,0.069,29.0,0.002
2024-11-05 14:00:00-06:00,1.0,0.005,0.035,0.04,0.095,30.0,0.003
2024-11-05 15:00:00-06:00,0.8,0.001,0.021,0.022,0.11,32.0,0.003
2024-11-05 16:00:00-06:00,0.7,0.0,0.019,0.019,0.088,20.0,0.002
2024-11-05 17:00:00-06:00,0.7,0.0,0.019,0.019,0.088,20.0,0.002
2024-11-05 18:00:00-06:00,0.5,0.001,0.013,0.014,0.05,25.0,0.001
2024-11-05 19:00:00-06:00,0.8,0.003,0.026,0.029,0.033,8.0,0.001
2024-11-05 20:00:00-06:00,0.8,0.003,0.026,0.029,0.033,8.0,0.001
2024-11-05 21:00:00-06:00,1.0,0.002,0.035,0.037,0.02,18.0,0.001
2024-11-05 22:00:00-06:00,1.0,0.002,0.04,0.042,0.021,21.0,0.002
2024-11-05 23:00:00-06:00,0.6,0.0,0.019,0.019,0.039,24.0,0.002
2024-11-06 00:00:00-06:00,0.8,0.002,0.032,0.034,0.019,18.0,0.002
2024-11-06 03:00:00-06:00,,,,,,12.0,
2024-11-06 04:00:00-06:00,0.5,0.001,0.016,0.017,0.008,17.0,0.001
2024-11-06 05:00:00-06:00,0.5,0.001,0.016,0.017,0.008,17.0,0.001
2024-11-06 06:00:00-06:00,0.5,0.001,0.014,0.015,0.008,15.0,0.001
2024-11-06 07:00:00-06:00,0.5,0.006,0.015,0.021,0.003,11.0,0.001
2024-11-06 08:00:00-06:00,0.8,0.048,0.016,0.064,0.002,15.0,0.002
2024-11-06 09:00:00-06:00,1.6,0.115,0.02,0.135,0.003,18.0,0.003
2024-11-06 10:00:00-06:00,1.9,0.095,0.04,0.135,0.008,15.0,0.003
2024-11-06 11:00:00-06:00,0.8,0.007,0.02,0.027,0.051,29.0,0.001
2024-11-06 12:00:00-06:00,0.6,0.003,0.013,0.016,0.058,23.0,0.001
2024-11-06 13:00:00-06:00,0.6,0.001,0.011,0.013,0.074,15.0,0.001
2024-11-06 14:00:00-06:00,0.6,0.001,0.011,0.013,0.074,15.0,0.001
2024-11-06 15:00:00-06:00,0.7,0.001,0.017,0.018,0.12,13.0,0.001
2024-11-06 16:00:00-06:00,0.7,0.001,0.017,0.018,0.12,13.0,0.001
2024-11-06 17:00:00-06:00,0.8,0.0,0.021,0.022,0.134,21.0,0.002
2024-11-06 18:00:00-06:00,0.8,0.001,0.03,0.031,0.071,27.0,0.002
2024-11-06 19:00:00-06:00,0.8,0.002,0.028,0.031,0.027,23.0,0.001
2024-11-06 20:00:00-06:00,1.2,0.005,0.049,0.054,0.01,13.0,0.001
2024-11-06 21:00:00-06:00,1.3,0.007,0.046,0.053,0.01,19.0,0.001
2024-11-06 22:00:00-06:00,1.3,0.007,0.046,0.053,0.01,19.0,0.001
2024-11-08 18:00:00-06:00,0.5,0.001,0.017,0.018,0.047,19.0,0.003
2024-11-08 19:00:00-06:00,0.6,0.0,0.023,0.023,0.03,12.0,0.002
2024-11-08 20:00:00-06:00,0.6,0.0,0.023,0.023,0.03,12.0,0.002
2024-11-08 21:00:00-06:00,0.8,0.002,0.032,0.033,0.018,12.0,0.002
2024-11-08 22:00:00-06:00,0.7,0.001,0.026,0.027,0.017,6.0,0.001
2024-11-08 23:00:00-06:00,1.2,0.038,0.038,0.077,0.002,10.0,0.002
2024-11-09 00:00:00-06:00,1.2,0.038,0.038,0.077,0.002,10.0,0.002
2024-11-09 01:00:00-06:00,0.9,0.011,0.032,0.043,0.005,9.0,0.001
2024-11-09 02:00:00-06:00,0.6,0.0,0.019,0.019,0.016,,0.001
2024-11-09 03:00:00-06:00,0.5,0.0,0.015,0.015,0.018,9.0,0.001
2024-11-09 04:00:00-06:00,0.4,0.0,0.011,0.011,0.018,4.0,0.001
2024-11-09 05:00:00-06:00,0.4,0.001,0.013,0.014,0.011,9.0,0.001
2024-11-09 06:00:00-06:00,0.5,0.002,0.016,0.018,0.006,5.0,0.001
2024-11-09 07:00:00-06:00,0.5,0.009,0.017,0.026,0.003,6.0,0.001
2024-11-09 08:00:00-06:00,0.5,0.009,0.017,0.026,0.003,8.0,0.001
2024-11-09 09:00:00-06:00,0.9,0.056,0.019,0.075,0.004,10.0,0.002
2024-11-09 10:00:00-06:00,1.0,0.037,0.027,0.063,0.014,7.0,0.002
2024-11-09 11:00:00-06:00,1.1,0.027,0.036,0.063,0.026,9.0,0.002
2024-11-09 12:00:00-06:00,0.5,0.007,0.016,0.024,0.039,15.0,0.001
2024-11-09 13:00:00-06:00,0.5,0.006,0.016,0.021,0.046,18.0,0.001
2024-11-09 14:00:00-06:00,0.5,0.004,0.014,0.018,0.053,9.0,0.002
2024-11-09 15:00:00-06:00,0.4,0.001,0.01,0.011,0.066,9.0,0.001
2024-11-09 16:00:00-06:00,0.4,0.001,0.01,0.011,0.066,9.0,0.001
2024-11-09 17:00:00-06:00,0.4,0.001,0.009,0.01,0.069,9.0,0.002
2024-11-09 18:00:00-06:00,0.5,0.001,0.011,0.012,0.069,8.0,0.002
2024-11-09 19:00:00-06:00,0.5,0.0,0.014,0.014,0.05,19.0,0.002
2024-11-09 20:00:00-06:00,0.5,0.0,0.017,0.017,0.03,13.0,0.004
2024-11-09 21:00:00-06:00,0.6,0.0,0.017,0.017,0.023,15.0,0.001
2024-11-09 22:00:00-06:00,0.6,0.0,0.022,0.022,0.014,6.0,0.001
2024-11-09 23:00:00-06:00,0.6,0.001,0.022,0.022,0.013,5.0,0.003
2024-11-10 00:00:00-06:00,0.7,0.002,0.024,0.026,0.006,12.0,0.002
2024-11-10 01:00:00-06:00,0.8,0.007,0.023,0.03,0.003,11.0,0.001
2024-11-10 02:00:00-06:00,0.7,0.006,0.019,0.025,0.003,10.0,0.001
2024-11-10 03:00:00-06:00,0.7,0.006,0.019,0.025,0.003,10.0,0.001
2024-11-10 04:00:00-06:00,0.6,0.002,0.016,0.018,0.005,11.0,0.001
2024-11-10 05:00:00-06:00,0.6,0.004,0.017,0.022,0.003,12.0,0.001
2024-11-10 06:00:00-06:00,0.5,0.004,0.014,0.018,0.005,11.0,0.001
2024-11-10 07:00:00-06:00,0.4,0.002,0.014,0.016,0.004,10.0,0.001
2024-11-10 08:00:00-06:00,0.5,0.005,0.015,0.02,0.003,5.0,0.001
2024-11-10 09:00:00-06:00,0.7,0.02,0.016,0.036,0.005,8.0,0.001
2024-11-10 10:00:00-06:00,1.0,0.028,0.028,0.056,0.015,3.0,0.002
2024-11-10 11:00:00-06:00,1.2,0.025,0.039,0.064,0.029,12.0,0.003
2024-11-10 12:00:00-06:00,1.1,0.014,0.037,0.051,0.05,26.0,0.002
2024-11-10 13:00:00-06:00,0.9,0.008,0.033,0.041,0.067,32.0,0.002
2024-11-10 14:00:00-06:00,0.8,0.003,0.025,0.028,0.095,24.0,0.003
2024-11-10 15:00:00-06:00,0.8,0.003,0.025,0.028,0.095,24.0,0.003
2024-11-10 16:00:00-06:00,0.6,0.001,0.013,0.013,0.087,21.0,0.003
2024-11-10 17:00:00-06:00,0.4,0.0,0.008,0.008,0.071,15.0,0.002
2024-11-10 19:00:00-06:00,0.4,0.0,0.009,0.009,0.037,11.0,0.001
2024-11-10 20:00:00-06:00,0.5,0.0,0.015,0.016,0.026,8.0,0.001
2024-11-10 21:00:00-06:00,0.5,0.0,0.019,0.019,0.02,11.0,0.001
2024-11-10 22:00:00-06:00,0.8,0.005,0.028,0.032,0.006,1.0,0.001
2024-11-10 23:00:00-06:00,0.8,0.005,0.028,0.032,0.006,1.0,0.001
2024-11-11 00:00:00-06:00,0.7,0.003,0.026,0.028,0.006,1.0,0.001
2024-11-11 01:00:00-06:00,0.6,0.0,0.02,0.02,0.011,3.0,0.001
2024-11-11 02:00:00-06:00,0.5,0.0,0.019,0.019,0.011,,0.001
2024-11-11 03:00:00-06:00,0.5,0.001,0.02,0.02,0.011,10.0,0.001
2024-11-11 04:00:00-06:00,0.5,0.0,0.016,0.016,0.016,5.0,0.001
2024-11-11 05:00:00-06:00,0.5,0.001,0.016,0.017,0.012,4.0,0.001
2024-11-11 06:00:00-06:00,0.4,0.006,0.02,0.026,0.004,10.0,0.001
2024-11-11 07:00:00-06:00,0.4,0.006,0.02,0.026,0.004,10.0,0.001
2024-11-11 08:00:00-06:00,0.7,0.035,0.02,0.056,0.002,6.0,0.002
2024-11-11 09:00:00-06:00,1.3,0.105,0.023,0.129,0.003,9.0,0.003
2024-11-11 10:00:00-06:00,1.5,0.074,0.038,0.112,0.009,6.0,0.003
2024-11-11 11:00:00-06:00,2.0,0.066,0.062,0.128,0.017,14.0,0.003
2024-11-11 12:00:00-06:00,1.3,0.032,0.049,0.081,0.032,21.0,0.003
2024-11-11 13:00:00-06:00,0.7,0.009,0.023,0.032,0.045,28.0,0.002
2024-11-11 18:00:00-06:00,0.2,0.001,0.008,0.009,0.035,16.0,0.001
2024-11-11 19:00:00-06:00,0.2,0.001,0.012,0.013,0.026,11.0,0.001
2024-11-11 20:00:00-06:00,0.2,0.001,0.014,0.015,0.021,11.0,0.001
2024-11-11 21:00:00-06:00,0.2,0.0,0.014,0.015,0.018,6.0,0.001
2024-11-12 00:00:00-06:00,0.4,0.004,0.028,0.032,0.004,5.0,0.001
2024-11-12 01:00:00-06:00,0.3,,,,,7.0,
2024-11-12 03:00:00-06:00,,,,,,5.0,
2024-11-12 04:00:00-06:00,,,,,,6.0,
2024-11-12 05:00:00-06:00,0.1,0.0,0.008,0.009,0.013,3.0,0.001
2024-11-12 06:00:00-06:00,0.1,0.001,0.01,0.01,0.007,4.0,0.001
2024-11-12 07:00:00-06:00,0.1,0.003,0.015,0.018,0.002,6.0,0.001
2024-11-12 08:00:00-06:00,0.4,0.027,0.017,0.044,0.001,5.0,0.001
2024-11-12 09:00:00-06:00,1.1,0.106,0.02,0.126,0.002,10.0,0.003
2024-11-12 10:00:00-06:00,1.6,0.108,0.036,0.144,0.005,9.0,0.003
2024-11-12 11:00:00-06:00,0.9,0.036,0.033,0.069,0.017,17.0,0.002
2024-11-12 12:00:00-06:00,0.5,0.013,0.021,0.034,0.032,18.0,0.002
2024-11-12 13:00:00-06:00,0.3,0.005,0.011,0.017,0.041,17.0,0.001
2024-11-12 14:00:00-06:00,0.4,0.005,0.015,0.02,0.055,12.0,0.002
2024-11-12 15:00:00-06:00,0.4,0.003,0.021,0.024,0.075,16.0,0.003
2024-11-12 16:00:00-06:00,0.4,0.003,0.021,0.024,0.075,16.0,0.003
2024-11-12 17:00:00-06:00,0.4,0.003,0.023,0.026,0.075,15.0,0.004
2024-11-12 18:00:00-06:00,0.4,0.002,0.023,0.024,0.078,16.0,0.003
2024-11-12 19:00:00-06:00,0.7,0.006,0.043,0.049,0.035,19.0,0.002
2024-11-12 20:00:00-06:00,0.7,0.006,0.043,0.049,0.035,19.0,0.002
2024-11-12 21:00:00-06:00,1.2,0.021,0.059,0.081,0.002,18.0,0.002
2024-11-12 22:00:00-06:00,1.2,0.021,0.059,0.081,0.002,18.0,0.002
2024-11-12 23:00:00-06:00,1.3,0.046,0.05,0.096,0.001,19.0,0.004
2024-11-13 00:00:00-06:00,0.9,0.025,0.04,0.065,0.003,18.0,0.003
2024-11-13 03:00:00-06:00,0.5,0.002,0.026,0.028,0.005,8.0,0.002
2024-11-13 04:00:00-06:00,0.7,0.007,0.032,0.039,0.001,14.0,0.001
2024-11-13 05:00:00-06:00,0.5,0.018,0.023,0.041,0.001,18.0,0.002
2024-11-13 06:00:00-06:00,0.3,0.008,0.019,0.027,0.001,20.0,0.001
2024-11-13 07:00:00-06:00,0.2,0.004,0.018,0.022,0.003,12.0,0.001
2024-11-13 08:00:00-06:00,0.5,0.033,0.021,0.054,0.001,10.0,0.002
2024-11-13 09:00:00-06:00,1.1,0.086,0.028,0.114,0.002,13.0,0.003
2024-11-13 10:00:00-06:00,1.5,0.092,0.042,0.134,0.007,15.0,0.003
2024-11-13 11:00:00-06:00,1.2,0.038,0.049,0.087,0.023,14.0,0.002
2024-11-13 12:00:00-06:00,1.1,0.021,0.047,0.068,0.042,27.0,0.002
2024-11-13 13:00:00-06:00,0.7,0.011,0.035,0.047,0.055,35.0,0.003
2024-11-13 14:00:00-06:00,0.4,0.006,0.025,0.031,0.064,25.0,0.003
2024-11-13 15:00:00-06:00,0.4,0.004,0.021,0.025,0.071,17.0,0.003
2024-11-13 16:00:00-06:00,0.2,0.001,0.01,0.011,0.074,20.0,0.003
2024-11-13 17:00:00-06:00,0.2,0.001,0.009,0.01,0.074,15.0,0.004
2024-11-13 18:00:00-06:00,0.2,0.001,0.01,0.011,0.066,14.0,0.004
2024-11-13 19:00:00-06:00,0.2,0.001,0.011,0.012,0.04,10.0,0.002
2024-11-13 20:00:00-06:00,0.3,0.001,0.019,0.02,0.027,14.0,0.001
2024-11-13 21:00:00-06:00,0.4,0.001,0.024,0.025,0.02,5.0,0.001
2024-11-13 22:00:00-06:00,0.5,0.002,0.032,0.035,0.011,9.0,0.001
2024-11-13 23:00:00-06:00,0.7,0.014,0.035,0.05,0.002,,
2024-11-14 00:00:00-06:00,1.0,0.043,0.034,0.078,0.001,,
2024-11-14 03:00:00-06:00,0.3,0.006,0.025,0.032,0.002,7.0,0.001
2024-11-14 04:00:00-06:00,0.3,0.002,0.022,0.023,0.007,8.0,0.002
2024-11-14 06:00:00-06:00,0.1,0.001,0.012,0.013,0.014,7.0,0.007
2024-11-14 07:00:00-06:00,0.1,0.001,0.014,0.015,0.01,9.0,0.006
2024-11-14 08:00:00-06:00,0.3,0.009,0.019,0.028,0.003,12.0,0.003
2024-11-14 09:00:00-06:00,0.8,0.054,0.023,0.077,0.003,9.0,0.003
2024-11-14 10:00:00-06:00,0.3,0.007,0.013,0.02,0.024,9.0,0.002
2024-11-14 11:00:00-06:00,0.3,0.006,0.011,0.017,0.029,10.0,0.002
2024-11-14 12:00:00-06:00,0.2,0.005,0.01,0.016,0.035,12.0,0.001
2024-11-14 13:00:00-06:00,0.2,0.004,0.01,0.014,0.04,15.0,0.001
2024-11-14 14:00:00-06:00,0.2,0.003,0.009,0.012,0.058,14.0,0.001
2024-11-14 15:00:00-06:00,0.2,0.003,0.009,0.012,0.058,14.0,0.001
2024-11-14 16:00:00-06:00,0.2,0.002,0.009,0.011,0.062,16.0,0.001
2024-11-14 17:00:00-06:00,0.2,0.001,0.008,0.01,0.06,15.0,0.002
2024-11-14 18:00:00-06:00,0.2,0.001,0.009,0.01,0.05,13.0,0.001
2024-11-14 19:00:00-06:00,0.2,0.001,0.013,0.014,0.038,15.0,0.001
2024-11-14 20:00:00-06:00,0.3,0.0,0.017,0.018,0.027,13.0,0.001
2024-11-14 22:00:00-06:00,0.4,0.001,0.02,0.02,0.017,10.0,0.001
2024-11-14 23:00:00-06:00,0.5,0.002,0.029,0.032,0.007,12.0,0.001
2024-11-15 00:00:00-06:00,0.5,0.004,0.032,0.037,0.003,11.0,0.001
2024-11-15 02:00:00-06:00,0.3,0.001,0.016,0.017,0.01,,0.001
2024-11-15 03:00:00-06:00,0.3,0.01,0.02,0.03,0.002,7.0,0.001
2024-11-15 04:00:00-06:00,0.2,0.005,0.015,0.02,0.008,10.0,0.001
2024-11-15 05:00:00-06:00,0.2,0.005,0.015,0.02,0.008,10.0,0.001
2024-11-15 06:00:00-06:00,0.1,0.0,0.008,0.009,0.013,6.0,0.001
2024-11-15 07:00:00-06:00,0.2,0.002,0.017,0.019,0.004,7.0,0.001
2024-11-15 08:00:00-06:00,0.5,0.031,0.023,0.054,0.001,8.0,0.002
2024-11-15 09:00:00-06:00,0.9,0.062,0.024,0.086,0.001,7.0,0.002
2024-11-15 10:00:00-06:00,1.3,0.086,0.032,0.118,0.004,12.0,0.003
2024-11-15 11:00:00-06:00,1.0,0.051,0.031,0.082,0.015,12.0,0.003
2024-11-15 12:00:00-06:00,0.5,0.013,0.019,0.032,0.031,16.0,0.002
2024-11-15 13:00:00-06:00,0.6,0.011,0.025,0.036,0.045,12.0,0.002
2024-11-15 14:00:00-06:00,0.7,0.009,0.029,0.038,0.064,15.0,0.002
2024-11-15 15:00:00-06:00,0.6,0.005,0.025,0.03,0.084,23.0,0.002
2024-11-15 16:00:00-06:00,0.7,0.003,0.031,0.034,0.101,20.0,0.002
2024-11-15 18:00:00-06:00,0.7,0.001,0.03,0.03,0.112,25.0,0.002
2024-11-15 19:00:00-06:00,0.7,0.001,0.034,0.035,0.09,24.0,0.002
2024-11-15 20:00:00-06:00,0.9,0.002,0.049,0.051,0.035,25.0,0.001
2024-11-15 21:00:00-06:00,1.1,0.001,0.053,0.054,0.029,16.0,0.002
2024-11-15 22:00:00-06:00,1.4,0.016,0.059,0.075,0.002,20.0,0.002
2024-11-15 23:00:00-06:00,1.4,0.047,0.047,0.094,0.001,15.0,0.003
2024-11-16 00:00:00-06:00,1.4,0.047,0.047,0.094,0.001,15.0,0.003
2024-11-16 01:00:00-06:00,0.7,0.007,0.035,0.042,0.006,19.0,0.004
2024-11-16 02:00:00-06:00,0.6,0.008,0.032,0.04,0.004,,0.003
2024-11-16 03:00:00-06:00,1.3,0.052,0.03,0.082,0.001,21.0,0.002
2024-11-16 04:00:00-06:00,1.1,0.043,0.027,0.071,0.001,25.0,0.002
2024-11-16 05:00:00-06:00,1.1,0.043,0.027,0.071,0.001,25.0,0.002
2024-11-16 06:00:00-06:00,0.9,0.032,0.024,0.056,0.001,26.0,0.002
2024-11-16 07:00:00-06:00,0.7,0.023,0.021,0.044,0.001,24.0,0.002
2024-11-16 08:00:00-06:00,1.1,0.075,0.023,0.098,0.002,21.0,0.003
2024-11-16 09:00:00-06:00,1.1,0.075,0.023,0.098,0.002,21.0,0.003
2024-11-16 10:00:00-06:00,1.6,0.087,0.043,0.13,0.006,19.0,0.003
2024-11-16 11:00:00-06:00,1.4,0.044,0.05,0.094,0.021,25.0,0.003
2024-11-16 12:00:00-06:00,1.0,0.019,0.043,0.062,0.042,26.0,0.003
2024-11-16 13:00:00-06:00,0.7,0.008,0.03,0.037,0.068,33.0,0.004
2024-11-16 14:00:00-06:00,0.6,0.004,0.026,0.03,0.091,25.0,0.004
2024-11-16 15:00:00-06:00,0.6,0.003,0.026,0.029,0.108,25.0,0.004
2024-11-16 16:00:00-06:00,0.5,0.002,0.02,0.021,0.11,20.0,0.004
2024-11-16 17:00:00-06:00,0.4,0.001,0.018,0.019,0.117,22.0,0.004
2024-11-16 18:00:00-06:00,0.4,0.0,0.017,0.017,0.112,25.0,0.006
2024-11-16 19:00:00-06:00,0.8,0.0,0.039,0.039,0.059,22.0,0.002
2024-11-16 22:00:00-06:00,1.0,0.002,0.045,0.046,0.016,21.0,0.002
2024-11-16 23:00:00-06:00,1.0,0.002,0.049,0.051,0.017,23.0,0.002
2024-11-17 01:00:00-06:00,1.1,0.004,0.048,0.052,0.006,,0.002
2024-11-17 02:00:00-06:00,1.1,0.01,0.045,0.056,0.002,16.0,0.002
2024-11-17 03:00:00-06:00,0.9,0.003,0.037,0.04,0.005,25.0,0.001
2024-11-17 04:00:00-06:00,0.9,0.012,0.036,0.049,0.001,22.0,0.001
2024-11-17 06:00:00-06:00,0.5,0.002,0.02,0.022,0.006,19.0,0.001
2024-11-17 07:00:00-06:00,0.4,0.002,0.018,0.02,0.006,12.0,0.001
2024-11-17 08:00:00-06:00,0.6,0.015,0.02,0.036,0.004,12.0,0.001
2024-11-17 09:00:00-06:00,0.5,0.012,0.021,0.034,0.023,12.0,0.002
2024-11-17 10:00:00-06:00,0.6,0.01,0.023,0.033,0.036,12.0,0.002
2024-11-17 11:00:00-06:00,0.5,0.006,0.018,0.024,0.048,15.0,0.002
2024-11-17 12:00:00-06:00,0.4,0.002,0.011,0.013,0.069,17.0,0.002
2024-11-17 13:00:00-06:00,0.2,0.001,0.006,0.007,0.075,12.0,0.005
2024-11-17 14:00:00-06:00,0.2,0.0,0.005,0.005,0.076,13.0,0.004
2024-11-17 15:00:00-06:00,0.2,0.0,0.004,0.004,0.066,13.0,0.003
2024-11-17 16:00:00-06:00,0.1,0.0,0.003,0.003,0.056,13.0,0.004
2024-11-17 17:00:00-06:00,0.1,0.0,0.003,0.003,0.052,10.0,0.002
2024-11-17 18:00:00-06:00,0.1,0.0,0.005,0.005,0.046,8.0,0.001
2024-11-17 19:00:00-06:00,0.2,0.0,0.01,0.01,0.038,15.0,0.002
2024-11-17 20:00:00-06:00,0.3,0.0,0.014,0.014,0.029,5.0,0.002
2024-11-17 21:00:00-06:00,0.4,0.001,0.023,0.024,0.011,8.0,0.001
2024-11-17 22:00:00-06:00,0.4,0.004,0.024,0.028,0.004,7.0,0.001
2024-11-18 00:00:00-06:00,0.6,,,,,2.0,
2024-11-18 02:00:00-06:00,,,,,,13.0,
2024-11-18 04:00:00-06:00,0.3,0.002,0.016,0.019,0.003,5.0,0.001
2024-11-18 05:00:00-06:00,0.3,0.002,0.016,0.019,0.003,5.0,0.001
2024-11-18 06:00:00-06:00,0.3,0.005,0.018,0.023,0.001,9.0,0.001
2024-11-18 07:00:00-06:00,0.3,0.006,0.02,0.026,0.001,8.0,0.001
2024-11-18 08:00:00-06:00,0.7,0.034,0.022,0.056,0.003,5.0,0.002
2024-11-18 09:00:00-06:00,0.8,0.04,0.03,0.069,0.011,9.0,0.002
2024-11-18 10:00:00-06:00,0.6,0.015,0.022,0.037,0.031,13.0,0.002
2024-11-18 11:00:00-06:00,0.4,0.005,0.013,0.018,0.049,16.0,0.002
2024-11-18 12:00:00-06:00,0.2,0.002,0.008,0.01,0.057,14.0,0.002
2024-11-18 13:00:00-06:00,0.2,0.001,0.004,0.004,0.063,14.0,0.002
2024-11-18 14:00:00-06:00,0.2,0.001,0.004,0.004,0.066,11.0,0.002
2024-11-18 15:00:00-06:00,0.2,0.0,0.004,0.004,0.065,10.0,0.002
2024-11-18 16:00:00-06:00,0.1,0.0,0.003,0.003,0.066,6.0,0.002
2024-11-18 17:00:00-06:00,0.1,0.0,0.002,0.002,0.049,12.0,0.001
2024-11-18 18:00:00-06:00,0.2,0.0,0.005,0.005,0.032,11.0,0.001
2024-11-18 19:00:00-06:00,0.4,0.002,0.018,0.021,0.025,10.0,0.001
2024-11-18 20:00:00-06:00,0.5,0.001,0.02,0.021,0.02,13.0,0.001
2024-11-18 21:00:00-06:00,0.6,0.002,0.025,0.026,0.018,15.0,0.001
2024-11-19 00:00:00-06:00,0.8,0.007,0.034,0.04,0.002,20.0,0.001
2024-11-19 01:00:00-06:00,1.1,0.024,0.031,0.055,0.001,,0.001
2024-11-19 03:00:00-06:00,0.7,0.018,0.022,0.04,0.001,19.0,0.001
2024-11-19 04:00:00-06:00,0.7,0.019,0.019,0.038,0.001,19.0,0.001
2024-11-19 05:00:00-06:00,0.7,0.016,0.02,0.036,0.001,15.0,0.001
2024-11-19 06:00:00-06:00,0.6,0.024,0.019,0.043,0.001,16.0,0.001
2024-11-19 08:00:00-06:00,1.1,0.075,0.018,0.094,0.002,19.0,0.002
2024-11-19 09:00:00-06:00,1.2,0.05,0.033,0.083,0.009,13.0,0.002
2024-11-19 10:00:00-06:00,1.1,0.025,0.04,0.065,0.024,17.0,0.003
2024-11-19 11:00:00-06:00,0.9,0.016,0.035,0.05,0.041,24.0,0.002
2024-11-19 13:00:00-06:00,0.7,0.004,0.022,0.026,0.083,25.0,0.002
2024-11-19 14:00:00-06:00,0.6,0.002,0.018,0.02,0.099,23.0,0.002
2024-11-19 15:00:00-06:00,0.4,0.001,0.012,0.013,0.083,14.0,0.001
2024-11-19 16:00:00-06:00,0.3,0.002,0.012,0.014,0.044,18.0,0.001
2024-11-19 17:00:00-06:00,0.3,0.003,0.015,0.018,0.043,13.0,0.001
2024-11-19 18:00:00-06:00,0.2,0.001,0.01,0.011,0.042,7.0,0.001
2024-11-19 19:00:00-06:00,0.3,0.001,0.015,0.016,0.036,9.0,0.001
2024-11-19 20:00:00-06:00,0.7,0.002,0.032,0.034,0.015,11.0,0.001
2024-11-19 21:00:00-06:00,0.9,0.012,0.044,0.056,0.005,9.0,0.001
2024-11-19 22:00:00-06:00,0.8,0.003,0.036,0.039,0.012,16.0,0.001
2024-11-19 23:00:00-06:00,0.5,0.002,0.025,0.027,0.01,12.0,0.001
2024-11-20 00:00:00-06:00,0.4,0.0,0.017,0.017,0.016,12.0,0.001
2024-11-20 01:00:00-06:00,0.4,0.001,0.017,0.018,0.013,,0.001
2024-11-20 02:00:00-06:00,0.4,0.0,0.015,0.016,0.011,12.0,0.001
2024-11-20 03:00:00-06:00,0.4,0.0,0.015,0.016,0.011,12.0,0.001
2024-11-20 04:00:00-06:00,0.3,0.001,0.011,0.012,0.01,9.0,0.001
2024-11-20 05:00:00-06:00,0.3,0.001,0.013,0.015,0.005,7.0,0.001
2024-11-20 06:00:00-06:00,0.4,0.002,0.019,0.021,0.004,14.0,0.001
2024-11-20 07:00:00-06:00,0.5,0.008,0.027,0.034,0.001,16.0,0.002
2024-11-20 08:00:00-06:00,0.7,0.028,0.028,0.056,0.001,21.0,0.002
2024-11-20 09:00:00-06:00,0.7,0.022,0.026,0.048,0.006,31.0,0.002
2024-11-20 14:00:00-06:00,0.4,0.004,0.018,0.022,0.024,16.0,0.001
2024-11-20 15:00:00-06:00,0.5,0.005,0.018,0.023,0.026,13.0,0.001
2024-11-27 12:00:00-06:00,0.8,0.013,0.033,0.046,0.055,27.0,0.002
2024-11-27 13:00:00-06:00,1.0,0.012,0.044,0.056,0.07,23.0,0.002
2024-11-27 14:00:00-06:00,1.3,0.012,0.068,0.081,0.088,18.0,0.003
2024-11-27 15:00:00-06:00,0.7,0.006,0.038,0.044,0.085,33.0,0.002
2024-11-27 16:00:00-06:00,0.5,0.005,0.03,0.035,0.068,19.0,0.003
2024-11-27 17:00:00-06:00,0.4,0.002,0.02,0.022,0.073,10.0,0.002
2024-11-27 18:00:00-06:00,0.8,0.001,0.048,0.049,0.067,1.0,0.004
2024-11-27 19:00:00-06:00,1.0,0.015,0.07,0.084,0.017,21.0,0.005
2024-11-27 20:00:00-06:00,1.0,0.004,0.063,0.067,0.008,24.0,0.006
2024-11-27 21:00:00-06:00,0.9,0.015,0.057,0.072,0.004,15.0,0.008
2024-11-27 22:00:00-06:00,1.0,0.034,0.049,0.082,0.002,10.0,0.005
2024-11-27 23:00:00-06:00,0.9,0.043,0.037,0.08,0.002,9.0,0.003
2024-11-28 00:00:00-06:00,1.5,0.082,0.037,0.119,0.001,8.0,0.003
2024-11-28 01:00:00-06:00,0.8,0.047,0.029,0.075,0.001,,0.002
2024-11-28 02:00:00-06:00,0.7,0.031,0.023,0.054,0.001,12.0,0.002
2024-11-28 03:00:00-06:00,0.7,0.027,0.023,0.05,0.001,2.0,0.002
2024-11-28 04:00:00-06:00,0.9,0.041,0.025,0.065,0.001,6.0,0.002
2024-11-28 05:00:00-06:00,0.5,0.02,0.022,0.042,0.001,9.0,0.002
2024-11-28 06:00:00-06:00,0.6,0.028,0.021,0.049,0.001,11.0,0.002
2024-11-28 07:00:00-06:00,0.8,0.052,0.02,0.072,0.001,9.0,0.002
2024-11-28 08:00:00-06:00,1.5,0.139,0.025,0.165,0.002,9.0,0.004
2024-11-28 09:00:00-06:00,2.3,0.157,0.046,0.204,0.005,16.0,0.005
2024-11-28 10:00:00-06:00,1.2,0.04,0.042,0.082,0.021,23.0,0.002
2024-11-28 11:00:00-06:00,1.1,0.024,0.044,0.068,0.036,27.0,0.002
2024-11-28 12:00:00-06:00,1.1,0.016,0.047,0.063,0.059,27.0,0.002
2024-11-28 13:00:00-06:00,0.9,0.009,0.044,0.053,0.081,31.0,0.003
2024-11-28 14:00:00-06:00,0.9,0.009,0.044,0.053,0.081,31.0,0.003
2024-11-28 15:00:00-06:00,0.7,0.005,0.038,0.043,0.095,18.0,0.003
2024-11-28 16:00:00-06:00,0.5,0.002,0.025,0.027,0.097,18.0,0.002
2024-11-28 17:00:00-06:00,0.4,0.001,0.022,0.024,0.091,17.0,0.002
2024-11-28 18:00:00-06:00,0.6,0.0,0.029,0.03,0.073,11.0,0.002
2024-11-28 19:00:00-06:00,0.7,0.0,0.04,0.041,0.05,11.0,0.002
2024-11-28 20:00:00-06:00,1.1,0.004,0.064,0.069,0.019,14.0,0.003
2024-11-28 21:00:00-06:00,0.9,0.009,0.056,0.065,0.004,15.0,0.004
2024-11-28 22:00:00-06:00,0.8,0.016,0.043,0.059,0.002,14.0,0.003
2024-11-28 23:00:00-06:00,0.7,0.015,0.039,0.054,0.004,6.0,0.002
2024-11-29 00:00:00-06:00,0.7,0.007,0.042,0.049,0.002,9.0,0.001
2024-11-29 01:00:00-06:00,0.8,0.018,0.039,0.057,0.001,,0.002
2024-11-29 02:00:00-06:00,0.6,0.01,0.034,0.044,0.003,5.0,0.002
2024-11-29 03:00:00-06:00,0.5,0.005,0.029,0.033,0.003,9.0,0.002
2024-11-29 04:00:00-06:00,0.7,0.02,0.028,0.047,0.001,9.0,0.002
2024-11-29 05:00:00-06:00,0.8,0.034,0.025,0.059,0.001,10.0,0.002
2024-11-29 06:00:00-06:00,0.6,0.022,0.021,0.043,0.001,12.0,0.002
2024-11-29 07:00:00-06:00,0.7,0.056,0.022,0.078,0.001,8.0,0.002
2024-11-29 08:00:00-06:00,1.4,0.131,0.027,0.157,0.001,12.0,0.004
2024-11-30 04:00:00-06:00,0.7,0.011,0.03,0.041,,,
2024-11-30 05:00:00-06:00,0.7,0.024,0.028,0.051,,,
2024-11-30 07:00:00-06:00,0.7,0.042,0.021,0.064,,13.0,0.002
2024-11-30 08:00:00-06:00,1.2,0.088,0.025,0.113,,14.0,0.003
2024-11-30 09:00:00-06:00,1.7,0.102,0.042,0.144,,20.0,0.005
2024-11-30 10:00:00-06:00,1.2,0.031,0.043,0.075,,24.0,0.005
2024-11-30 11:00:00-06:00,0.9,0.014,0.036,0.05,,40.0,0.007
2024-11-30 12:00:00-06:00,1.0,0.012,0.043,0.054,,40.0,0.006
2024-11-30 13:00:00-06:00,0.8,0.009,0.039,0.048,,39.0,0.005
2024-11-30 14:00:00-06:00,0.7,0.006,0.037,0.043,,37.0,0.005
2024-11-30 15:00:00-06:00,0.4,0.003,0.016,0.019,,32.0,0.002
2024-11-30 16:00:00-06:00,0.3,0.001,0.009,0.01,,19.0,0.002
2024-11-30 17:00:00-06:00,0.3,0.0,0.009,0.01,,1.0,0.002
2024-11-30 18:00:00-06:00,0.4,0.0,0.019,0.019,,12.0,0.004
2024-11-30 19:00:00-06:00,0.4,0.0,0.02,0.02,,17.0,0.01
2024-11-30 20:00:00-06:00,0.5,0.0,0.027,0.027,,18.0,0.007
2024-11-30 21:00:00-06:00,0.7,0.004,0.043,0.047,,11.0,0.005
2024-11-30 22:00:00-06:00,0.7,0.005,0.039,0.044,,11.0,0.003
2024-11-30 23:00:00-06:00,0.6,0.002,0.031,0.033,,12.0,0.002
2024-12-01 00:00:00-06:00,0.5,0.002,0.029,0.031,,7.0,0.001
2024-12-01 02:00:00-06:00,0.3,0.0,0.014,0.014,,16.0,0.001
2024-12-01 03:00:00-06:00,0.3,0.001,0.013,0.014,,5.0,0.001
2024-12-01 04:00:00-06:00,0.5,0.009,0.021,0.03,,8.0,0.001
2024-12-01 05:00:00-06:00,0.7,0.021,0.022,0.043,,3.0,0.002
2024-12-01 06:00:00-06:00,0.5,0.012,0.021,0.033,,7.0,0.001
2024-12-01 07:00:00-06:00,0.5,0.012,0.019,0.031,,10.0,0.001
2024-12-01 08:00:00-06:00,0.6,0.023,0.018,0.042,,10.0,0.002
2024-12-01 09:00:00-06:00,1.1,0.047,0.033,0.079,,9.0,0.003
2024-12-01 10:00:00-06:00,1.1,0.03,0.04,0.07,,10.0,0.003
2024-12-01 11:00:00-06:00,1.1,0.023,0.046,0.069,,26.0,0.004
2024-12-01 12:00:00-06:00,0.8,0.014,0.036,0.05,,29.0,0.004
2024-12-01 13:00:00-06:00,0.4,0.005,0.015,0.02,,30.0,0.004
2024-12-01 14:00:00-06:00,0.4,0.005,0.018,0.023,,7.0,0.005
2024-12-01 15:00:00-06:00,0.3,0.002,0.01,0.012,,13.0,0.003
2024-12-01 16:00:00-06:00,0.2,0.0,0.006,0.006,,9.0,0.002
2024-12-01 17:00:00-06:00,0.3,0.001,0.008,0.008,,8.0,0.002
2024-12-01 18:00:00-06:00,0.3,0.0,0.013,0.014,,10.0,0.008
2024-12-01 19:00:00-06:00,0.4,0.0,0.018,0.018,,16.0,0.004
2024-12-01 20:00:00-06:00,0.5,0.001,0.027,0.028,,16.0,0.005
2024-12-01 21:00:00-06:00,0.7,0.008,0.033,0.04,,13.0,0.004
2024-12-01 22:00:00-06:00,0.6,0.005,0.028,0.033,,12.0,0.003
2024-12-01 23:00:00-06:00,0.5,0.004,0.024,0.028,,12.0,0.002
2024-12-02 00:00:00-06:00,0.4,0.002,0.02,0.022,,5.0,0.002
2024-12-02 01:00:00-06:00,0.3,0.001,0.015,0.016,,,0.002
2024-12-02 02:00:00-06:00,0.2,0.0,0.014,0.014,,10.0,0.002
2024-12-02 03:00:00-06:00,0.2,0.0,0.008,0.008,,5.0,0.002
2024-12-02 04:00:00-06:00,0.2,0.002,0.011,0.012,,3.0,0.002
2024-12-02 05:00:00-06:00,0.2,0.002,0.013,0.015,,9.0,0.001
2024-12-02 06:00:00-06:00,0.3,0.004,0.015,0.019,,5.0,0.001
2024-12-02 09:00:00-06:00,2.0,0.139,0.034,0.173,,15.0,0.006
2024-12-02 10:00:00-06:00,1.3,0.044,0.04,0.084,,15.0,0.007
2024-12-02 11:00:00-06:00,1.1,0.024,0.038,0.062,,25.0,0.007
2024-12-02 12:00:00-06:00,0.8,0.014,0.031,0.045,,31.0,0.005
2024-12-02 13:00:00-06:00,,,,,,25.0,
2024-12-02 16:00:00-06:00,,,,,,29.0,
2024-12-02 17:00:00-06:00,0.5,0.001,0.02,0.021,,19.0,0.003
2024-12-02 18:00:00-06:00,0.5,0.004,0.031,0.035,,17.0,0.003
2024-12-02 19:00:00-06:00,0.9,0.001,0.055,0.056,,19.0,0.005
2024-12-02 20:00:00-06:00,1.0,0.01,0.057,0.067,,21.0,0.009
2024-12-02 21:00:00-06:00,0.6,0.004,0.037,0.041,,17.0,0.011
2024-12-02 22:00:00-06:00,0.4,0.001,0.024,0.024,,19.0,0.011
2024-12-02 23:00:00-06:00,0.4,0.0,0.022,0.022,,12.0,0.014
2024-12-03 00:00:00-06:00,0.5,0.001,0.024,0.025,,15.0,0.016
2024-12-03 01:00:00-06:00,0.4,0.001,0.024,0.025,0.006,,0.027
2024-12-03 03:00:00-06:00,0.3,0.001,0.017,0.018,0.008,15.0,0.011
2024-12-03 04:00:00-06:00,0.3,0.003,0.017,0.019,0.004,18.0,0.006
2024-12-03 05:00:00-06:00,0.3,0.012,0.017,0.03,0.001,17.0,0.004
2024-12-03 06:00:00-06:00,0.3,0.014,0.016,0.03,0.002,15.0,0.003
2024-12-03 07:00:00-06:00,0.6,0.039,0.017,0.056,0.002,16.0,0.003
2024-12-03 08:00:00-06:00,1.0,0.081,0.019,0.1,0.002,15.0,0.004
2024-12-03 09:00:00-06:00,1.3,0.072,0.032,0.104,0.005,15.0,0.007
2024-12-03 10:00:00-06:00,1.5,0.063,0.047,0.11,0.012,24.0,0.008
2024-12-03 11:00:00-06:00,1.3,0.043,0.049,0.093,0.022,33.0,0.009
2024-12-03 15:00:00-06:00,0.5,0.004,0.024,0.028,0.067,26.0,0.004
2024-12-03 16:00:00-06:00,0.4,0.002,0.017,0.019,0.065,25.0,0.003
2024-12-03 17:00:00-06:00,0.3,0.001,0.016,0.018,0.056,17.0,0.005
2024-12-03 18:00:00-06:00,0.4,0.0,0.019,0.02,0.043,12.0,0.003
2024-12-03 19:00:00-06:00,0.4,0.0,0.019,0.02,0.021,20.0,0.002
2024-12-03 20:00:00-06:00,0.5,0.001,0.028,0.029,0.009,11.0,0.003
2024-12-03 21:00:00-06:00,0.4,0.001,0.023,0.024,0.012,11.0,0.002
2024-12-03 22:00:00-06:00,0.4,0.0,0.02,0.021,0.013,11.0,0.002
2024-12-03 23:00:00-06:00,0.4,0.0,0.022,0.023,0.012,8.0,0.002
2024-12-04 00:00:00-06:00,0.5,0.004,0.026,0.03,0.004,7.0,0.002
2024-12-04 01:00:00-06:00,0.5,0.008,0.023,0.031,0.004,,0.002
2024-12-04 02:00:00-06:00,0.4,0.002,0.02,0.022,0.005,8.0,0.002
2024-12-04 03:00:00-06:00,0.3,0.003,0.018,0.021,0.003,9.0,0.001
2024-12-04 04:00:00-06:00,0.3,0.003,0.016,0.019,0.003,9.0,0.001
2024-12-04 05:00:00-06:00,0.3,0.003,0.016,0.018,0.004,9.0,0.001
2024-12-04 06:00:00-06:00,0.3,0.011,0.017,0.028,0.002,8.0,0.002
2024-12-04 07:00:00-06:00,0.5,0.037,0.016,0.053,0.002,9.0,0.002
2024-12-04 08:00:00-06:00,1.2,0.123,0.018,0.14,0.002,13.0,0.004
2024-12-09 03:00:00-06:00,1.1,0.034,0.034,0.067,0.002,11.0,0.003
2024-12-09 04:00:00-06:00,0.8,0.015,0.031,0.046,0.002,19.0,0.003
2024-12-09 05:00:00-06:00,0.7,0.018,0.025,0.043,0.002,12.0,0.002
2024-12-09 06:00:00-06:00,0.7,0.017,0.023,0.04,0.002,13.0,0.002
2024-12-09 07:00:00-06:00,0.7,0.038,0.023,0.062,0.002,15.0,0.002
2024-12-09 08:00:00-06:00,1.3,0.088,0.025,0.113,0.002,14.0,0.004
2024-12-09 09:00:00-06:00,2.5,0.155,0.046,0.201,0.005,13.0,0.005
2024-12-09 10:00:00-06:00,1.6,0.055,0.056,0.111,0.018,24.0,0.004
2024-12-09 11:00:00-06:00,1.3,0.027,0.052,0.079,0.037,27.0,0.007
2024-12-09 12:00:00-06:00,0.8,0.011,0.037,0.048,0.055,35.0,0.005
2024-12-09 13:00:00-06:00,0.8,0.007,0.032,0.04,0.069,26.0,0.004
2024-12-09 14:00:00-06:00,0.6,0.003,0.022,0.025,0.085,23.0,0.004
2024-12-09 15:00:00-06:00,0.6,0.003,0.026,0.029,0.09,21.0,0.004
2024-12-09 16:00:00-06:00,0.7,0.002,0.029,0.03,0.096,22.0,0.004
2024-12-09 17:00:00-06:00,0.6,0.0,0.026,0.027,0.099,23.0,0.004
2024-12-09 18:00:00-06:00,0.8,0.0,0.032,0.032,0.086,26.0,0.004
2024-12-09 19:00:00-06:00,1.0,0.0,0.042,0.043,0.064,21.0,0.003
2024-12-09 20:00:00-06:00,1.1,0.0,0.046,0.046,0.053,24.0,0.003
2024-12-09 21:00:00-06:00,1.2,0.001,0.056,0.057,0.028,26.0,0.003
2024-12-09 22:00:00-06:00,1.4,0.007,0.068,0.076,0.006,26.0,0.004
2024-12-09 23:00:00-06:00,0.8,0.001,0.04,0.042,0.019,21.0,0.005
2024-12-10 00:00:00-06:00,0.6,0.0,0.024,0.024,0.027,17.0,0.003
2024-12-10 01:00:00-06:00,0.4,0.0,0.016,0.016,0.033,,0.002
2024-12-10 02:00:00-06:00,0.5,0.001,0.019,0.019,0.022,20.0,0.002
2024-12-10 03:00:00-06:00,0.5,0.001,0.019,0.019,0.022,20.0,0.002
2024-12-10 04:00:00-06:00,0.8,0.008,0.037,0.045,0.004,13.0,0.002
2024-12-10 05:00:00-06:00,0.8,0.012,0.031,0.043,0.002,21.0,0.002
2024-12-10 06:00:00-06:00,0.5,0.003,0.024,0.027,0.005,22.0,0.002
2024-12-10 07:00:00-06:00,0.7,0.022,0.026,0.048,0.002,16.0,0.002
2024-12-10 08:00:00-06:00,1.4,0.088,0.027,0.115,0.003,17.0,0.003
2024-12-10 09:00:00-06:00,2.4,0.132,0.05,0.182,0.006,18.0,0.004
2024-12-10 10:00:00-06:00,2.2,0.097,0.07,0.166,0.014,22.0,0.004
2024-12-10 11:00:00-06:00,1.6,0.03,0.062,0.092,0.04,34.0,0.004
2024-12-10 12:00:00-06:00,1.0,0.012,0.042,0.053,0.061,36.0,0.007
2024-12-10 13:00:00-06:00,0.8,0.006,0.031,0.036,0.08,33.0,0.008
2024-12-10 14:00:00-06:00,0.7,0.003,0.025,0.028,0.094,23.0,0.007
2024-12-10 15:00:00-06:00,0.6,0.002,0.021,0.024,0.104,24.0,0.006
2024-12-10 16:00:00-06:00,0.6,0.001,0.024,0.026,0.109,20.0,0.005
2024-12-10 17:00:00-06:00,0.7,0.0,0.026,0.026,0.106,20.0,0.005
2024-12-10 18:00:00-06:00,0.9,0.001,0.04,0.041,0.074,20.0,0.004
2024-12-10 19:00:00-06:00,1.0,0.0,0.046,0.046,0.058,20.0,0.003
2024-12-10 20:00:00-06:00,0.9,0.0,0.039,0.04,0.037,26.0,0.002
2024-12-10 21:00:00-06:00,1.1,0.003,0.06,0.062,0.012,14.0,0.003
2024-12-10 22:00:00-06:00,1.0,0.004,0.059,0.063,0.006,21.0,0.004
2024-12-10 23:00:00-06:00,0.7,0.001,0.043,0.043,0.015,17.0,0.004
2024-12-11 00:00:00-06:00,0.6,0.001,0.034,0.035,0.018,15.0,0.003
2024-12-11 01:00:00-06:00,0.4,0.0,0.021,0.021,0.032,,0.005
2024-12-11 02:00:00-06:00,0.4,0.0,0.02,0.02,0.032,15.0,0.003
2024-12-13 23:00:00-06:00,0.9,0.002,0.039,0.041,0.011,19.0,0.003
2024-12-14 00:00:00-06:00,0.8,0.001,0.035,0.036,0.01,19.0,0.002
2024-12-14 01:00:00-06:00,,0.001,0.031,0.032,0.01,,0.002
2024-12-14 02:00:00-06:00,,0.001,0.028,0.029,0.01,13.0,0.001
2024-12-14 03:00:00-06:00,,0.002,0.028,0.03,0.005,12.0,0.001
2024-12-14 04:00:00-06:00,,0.011,0.029,0.04,0.002,11.0,0.001
2024-12-14 05:00:00-06:00,,0.011,0.029,0.04,0.002,11.0,0.001
2024-12-14 06:00:00-06:00,,0.01,0.026,0.036,0.004,10.0,0.002
2024-12-14 07:00:00-06:00,,0.007,0.025,0.032,0.002,12.0,0.001
2024-12-14 08:00:00-06:00,,0.03,0.022,0.052,0.003,7.0,0.002
2024-12-14 09:00:00-06:00,,0.086,0.038,0.124,0.007,5.0,0.003
2024-12-14 10:00:00-06:00,,0.053,0.052,0.105,0.018,11.0,0.003
2024-12-14 11:00:00-06:00,,0.027,0.049,0.076,0.035,23.0,0.004
2024-12-14 12:00:00-06:00,,0.025,0.068,0.093,0.052,28.0,0.005
2024-12-14 13:00:00-06:00,,0.013,0.048,0.061,0.063,40.0,0.004
2024-12-14 14:00:00-06:00,,0.005,0.024,0.029,0.073,31.0,0.003
2024-12-14 15:00:00-06:00,,0.003,0.026,0.029,0.09,11.0,0.003
2024-12-14 16:00:00-06:00,,0.001,0.016,0.017,0.09,16.0,0.003
2024-12-14 17:00:00-06:00,,0.0,0.013,0.013,0.079,15.0,0.002
2024-12-14 18:00:00-06:00,,0.0,0.017,0.017,0.06,12.0,0.004
2024-12-14 20:00:00-06:00,,0.0,0.03,0.03,0.02,13.0,0.006
2024-12-14 21:00:00-06:00,,0.0,0.025,0.025,0.022,11.0,0.013
2024-12-14 22:00:00-06:00,,0.0,0.021,0.021,0.023,10.0,0.009
2024-12-14 23:00:00-06:00,,0.001,0.028,0.028,0.012,11.0,0.005
2024-12-15 00:00:00-06:00,,0.002,0.028,0.03,0.008,10.0,0.003
2024-12-15 01:00:00-06:00,,0.0,0.021,0.022,0.01,,0.002
2024-12-15 02:00:00-06:00,,0.002,0.026,0.028,0.004,9.0,0.002
2024-12-15 03:00:00-06:00,,0.002,0.022,0.024,0.009,9.0,0.002
2024-12-15 04:00:00-06:00,,0.0,0.019,0.019,0.012,7.0,0.002
2024-12-15 05:00:00-06:00,,0.001,0.018,0.019,0.008,8.0,0.001
2024-12-15 07:00:00-06:00,,0.003,0.019,0.023,0.004,8.0,0.001
2024-12-15 08:00:00-06:00,,0.008,0.02,0.028,0.005,9.0,0.002
2024-12-15 09:00:00-06:00,,0.033,0.026,0.06,0.011,6.0,0.004
2024-12-15 10:00:00-06:00,,0.028,0.033,0.061,0.022,10.0,0.007
2024-12-15 11:00:00-06:00,,0.012,0.026,0.037,0.04,15.0,0.006
2024-12-15 12:00:00-06:00,,0.008,0.026,0.034,0.055,20.0,0.005
2024-12-15 13:00:00-06:00,,0.005,0.02,0.025,0.062,21.0,0.005
2024-12-15 14:00:00-06:00,,0.004,0.02,0.024,0.073,20.0,0.006
2024-12-15 15:00:00-06:00,,0.002,0.015,0.016,0.078,13.0,0.004
2024-12-15 16:00:00-06:00,,0.001,0.014,0.015,0.082,14.0,0.005
2024-12-15 17:00:00-06:00,,0.0,0.01,0.011,0.074,15.0,0.003
2024-12-15 18:00:00-06:00,,0.0,0.013,0.013,0.057,9.0,0.005
2024-12-15 19:00:00-06:00,,0.0,0.016,0.016,0.039,14.0,0.006
2024-12-15 20:00:00-06:00,,0.0,0.027,0.027,0.018,14.0,0.002
2024-12-15 21:00:00-06:00,,0.0,0.032,0.032,0.011,8.0,0.004
2024-12-15 22:00:00-06:00,,0.0,0.029,0.029,0.011,8.0,0.004
2024-12-15 23:00:00-06:00,,0.004,0.031,0.035,0.004,10.0,0.003
2024-12-16 00:00:00-06:00,,0.004,0.028,0.031,0.004,6.0,0.002
2024-12-16 02:00:00-06:00,,0.012,0.024,0.037,0.002,14.0,0.002
2024-12-16 03:00:00-06:00,,0.001,0.019,0.02,0.008,4.0,0.002
2024-12-16 04:00:00-06:00,,0.001,0.019,0.02,0.008,4.0,0.002
2024-12-16 05:00:00-06:00,,0.004,0.021,0.025,0.003,3.0,0.002
2024-12-16 06:00:00-06:00,,0.009,0.021,0.03,0.002,3.0,0.002
2024-12-16 07:00:00-06:00,,0.03,0.022,0.052,0.002,5.0,0.002
2024-12-16 08:00:00-06:00,,0.064,0.022,0.086,0.002,6.0,0.003
2024-12-16 09:00:00-06:00,,0.124,0.036,0.159,0.005,10.0,0.005
2024-12-16 10:00:00-06:00,,0.067,0.052,0.119,0.015,14.0,0.006
2024-12-16 11:00:00-06:00,,0.045,0.06,0.105,0.027,20.0,0.005
2024-12-16 12:00:00-06:00,,0.027,0.057,0.084,0.043,29.0,0.004
2024-12-16 13:00:00-06:00,,0.01,0.027,0.037,0.051,31.0,0.003
2024-12-16 14:00:00-06:00,,0.007,0.024,0.031,0.055,19.0,0.004
2024-12-16 15:00:00-06:00,,0.003,0.017,0.02,0.058,10.0,0.003
2024-12-16 16:00:00-06:00,,0.001,0.009,0.01,0.06,14.0,0.002
2024-12-17 09:00:00-06:00,,0.017,0.023,0.041,0.008,15.0,0.01
2024-12-17 10:00:00-06:00,,0.016,0.019,0.036,0.017,14.0,0.014
2024-12-17 11:00:00-06:00,,0.015,0.02,0.035,0.024,18.0,0.012
2024-12-17 12:00:00-06:00,,0.015,0.024,0.039,0.031,26.0,0.011
2024-12-17 13:00:00-06:00,,0.011,0.026,0.037,0.045,30.0,0.007
2024-12-17 14:00:00-06:00,,0.009,0.036,0.046,0.062,27.0,0.006
2024-12-17 15:00:00-06:00,,0.007,0.037,0.044,0.072,29.0,0.004
2024-12-17 16:00:00-06:00,,0.003,0.032,0.035,0.085,29.0,0.004
2024-12-17 17:00:00-06:00,,0.001,0.029,0.031,0.089,23.0,0.004
2024-12-17 18:00:00-06:00,,0.0,0.025,0.025,0.083,23.0,0.004
2024-12-17 19:00:00-06:00,,0.0,0.036,0.036,0.053,25.0,0.003
2024-12-17 20:00:00-06:00,,0.001,0.045,0.046,0.037,25.0,0.004
2024-12-17 21:00:00-06:00,,0.001,0.05,0.051,0.019,22.0,0.018
2024-12-17 22:00:00-06:00,,0.001,0.042,0.043,0.016,23.0,0.017
2024-12-17 23:00:00-06:00,,0.001,0.039,0.04,0.011,19.0,0.01
2024-12-18 00:00:00-06:00,,,,,,13.0,
2024-12-18 02:00:00-06:00,,,,,,23.0,
2024-12-18 03:00:00-06:00,,,,,,15.0,
2024-12-18 04:00:00-06:00,,,,,,15.0,
2024-12-18 05:00:00-06:00,,0.008,0.024,0.033,0.002,13.0,0.002
2024-12-18 06:00:00-06:00,,0.011,0.024,0.035,0.002,14.0,0.003
2024-12-18 07:00:00-06:00,,0.01,0.023,0.033,0.002,12.0,0.003
2024-12-18 08:00:00-06:00,,0.007,0.023,0.031,0.004,13.0,0.003
2024-12-18 09:00:00-06:00,,0.007,0.018,0.025,0.015,16.0,0.003
2024-12-18 10:00:00-06:00,,0.012,0.021,0.032,0.025,17.0,0.003
2024-12-18 11:00:00-06:00,,0.012,0.024,0.036,0.035,30.0,0.003
2024-12-18 12:00:00-06:00,,0.012,0.032,0.044,0.045,29.0,0.003
2024-12-18 13:00:00-06:00,,0.01,0.049,0.059,0.057,32.0,0.003
2024-12-18 14:00:00-06:00,,0.009,0.044,0.053,0.07,37.0,0.003
2024-12-18 15:00:00-06:00,,0.005,0.035,0.04,0.079,38.0,0.003
2024-12-18 16:00:00-06:00,,0.003,0.033,0.035,0.086,28.0,0.003
2024-12-18 17:00:00-06:00,,0.001,0.026,0.027,0.082,31.0,0.003
2024-12-18 18:00:00-06:00,,0.0,0.023,0.023,0.064,25.0,0.002
2024-12-18 19:00:00-06:00,,0.0,0.031,0.032,0.038,14.0,0.003
2024-12-18 20:00:00-06:00,,0.0,0.018,0.018,0.022,19.0,0.002
2024-12-18 21:00:00-06:00,,0.001,0.024,0.024,0.012,4.0,0.002
2024-12-18 22:00:00-06:00,,0.0,0.019,0.019,0.015,11.0,0.002
2024-12-18 23:00:00-06:00,,0.001,0.017,0.018,0.015,6.0,0.002
2024-12-19 00:00:00-06:00,,0.0,0.018,0.018,0.014,1.0,0.002
2024-12-19 01:00:00-06:00,,0.0,0.018,0.018,0.013,,0.002
2024-12-19 02:00:00-06:00,,0.0,0.013,0.013,0.018,1.0,0.002
2024-12-19 03:00:00-06:00,,0.0,0.009,0.009,0.021,7.0,0.002
2024-12-19 04:00:00-06:00,,0.0,0.009,0.009,0.021,7.0,0.002
2024-12-19 05:00:00-06:00,,0.0,0.008,0.007,0.021,4.0,0.002
2024-12-19 06:00:00-06:00,,0.0,0.008,0.008,0.021,4.0,0.002
2024-12-19 07:00:00-06:00,,0.0,0.014,0.014,0.015,7.0,0.002
2024-12-19 08:00:00-06:00,,0.003,0.021,0.024,0.009,4.0,0.002
2024-12-19 09:00:00-06:00,,0.009,0.019,0.028,0.012,8.0,0.002
2024-12-19 10:00:00-06:00,,0.007,0.015,0.022,0.019,7.0,0.002
2024-12-19 11:00:00-06:00,,0.009,0.015,0.024,0.026,4.0,0.002
2024-12-19 12:00:00-06:00,,0.005,0.011,0.017,0.036,5.0,0.002
2024-12-19 14:00:00-06:00,,0.003,0.01,0.013,0.044,9.0,0.002
2024-12-19 15:00:00-06:00,,0.002,0.01,0.012,0.048,6.0,0.002
2024-12-19 16:00:00-06:00,,0.002,0.013,0.014,0.047,9.0,0.002
2024-12-19 17:00:00-06:00,,0.002,0.018,0.019,0.032,9.0,0.003
2024-12-19 18:00:00-06:00,,0.001,0.021,0.022,0.023,11.0,0.003
2024-12-19 19:00:00-06:00,,0.0,0.017,0.017,0.021,14.0,0.002
2024-12-19 20:00:00-06:00,,0.0,0.021,0.021,0.015,6.0,0.005
2024-12-19 21:00:00-06:00,,0.0,0.019,0.019,0.015,6.0,0.009
2024-12-19 22:00:00-06:00,,0.0,0.02,0.02,0.011,6.0,0.009
2024-12-19 23:00:00-06:00,,0.002,0.022,0.024,0.008,13.0,0.006
2024-12-20 00:00:00-06:00,,0.001,0.017,0.018,0.013,9.0,0.005
2024-12-20 01:00:00-06:00,,0.0,0.02,0.02,0.01,,0.007
2024-12-20 02:00:00-06:00,,0.001,0.02,0.02,0.009,1.0,0.007
2024-12-20 03:00:00-06:00,,0.001,0.015,0.016,0.012,12.0,0.008
2024-12-20 04:00:00-06:00,,0.001,0.015,0.016,0.012,12.0,0.008
2024-12-20 05:00:00-06:00,,0.001,0.015,0.016,0.008,15.0,0.006
2024-12-20 06:00:00-06:00,,0.006,0.019,0.025,0.007,12.0,0.009
2024-12-20 07:00:00-06:00,,0.019,0.025,0.044,0.002,15.0,0.009
2024-12-20 08:00:00-06:00,,0.031,0.024,0.056,0.002,21.0,0.009
2024-12-20 09:00:00-06:00,,0.029,0.023,0.052,0.004,21.0,0.007
2024-12-20 10:00:00-06:00,,0.017,0.02,0.036,0.01,22.0,0.005
2024-12-20 11:00:00-06:00,,0.013,0.017,0.031,0.019,15.0,0.004
2024-12-20 12:00:00-06:00,,0.008,0.014,0.022,0.031,16.0,0.002
2024-12-20 13:00:00-06:00,,0.007,0.016,0.022,0.042,16.0,0.002
2024-12-20 14:00:00-06:00,,0.005,0.019,0.024,0.051,17.0,0.003
2024-12-20 15:00:00-06:00,,0.004,0.021,0.025,0.061,13.0,0.002
2024-12-20 16:00:00-06:00,,0.002,0.019,0.021,0.066,15.0,0.003
2024-12-20 17:00:00-06:00,,0.001,0.018,0.019,0.068,20.0,0.002
2024-12-20 18:00:00-06:00,,0.0,0.021,0.021,0.062,14.0,0.002
2024-12-20 19:00:00-06:00,,0.0,0.023,0.023,0.024,18.0,
2024-12-20 20:00:00-06:00,,0.0,0.022,0.022,0.016,8.0,
2024-12-20 21:00:00-06:00,,0.001,0.024,0.025,0.012,5.0,
2024-12-20 22:00:00-06:00,,0.0,0.021,0.022,0.013,4.0,
2024-12-20 23:00:00-06:00,,0.0,0.016,0.016,0.017,9.0,0.002
2024-12-21 00:00:00-06:00,,0.0,0.013,0.013,0.018,3.0,0.001
2024-12-21 01:00:00-06:00,,0.0,0.018,0.018,0.012,,0.002
2024-12-21 02:00:00-06:00,0.5,0.001,0.022,0.023,0.006,5.0,0.004
2024-12-21 03:00:00-06:00,0.4,0.001,0.022,0.023,0.005,12.0,0.004
2024-12-21 04:00:00-06:00,0.4,0.001,0.022,0.023,0.005,12.0,0.004
2024-12-21 05:00:00-06:00,0.3,0.0,0.009,0.009,0.016,17.0,0.014
2024-12-21 06:00:00-06:00,0.3,0.0,0.009,0.009,0.016,17.0,0.014
2024-12-21 07:00:00-06:00,0.3,0.0,0.013,0.012,0.015,15.0,0.013
2024-12-21 08:00:00-06:00,0.3,0.002,0.019,0.02,0.009,16.0,0.012
2024-12-21 09:00:00-06:00,0.5,0.022,0.025,0.047,0.004,11.0,0.008
2024-12-21 10:00:00-06:00,0.5,0.021,0.026,0.047,0.005,15.0,0.005
2024-12-21 11:00:00-06:00,0.5,0.017,0.021,0.039,0.014,15.0,0.003
2024-12-21 12:00:00-06:00,0.4,0.011,0.019,0.03,0.023,8.0,0.002
2024-12-21 13:00:00-06:00,0.4,0.007,0.017,0.024,0.032,7.0,0.002
2024-12-21 14:00:00-06:00,0.4,,,,,,
2024-12-21 15:00:00-06:00,0.4,,,,,,
2024-12-21 16:00:00-06:00,0.4,,,,,,
2024-12-21 17:00:00-06:00,0.4,,,,,,
2024-12-21 18:00:00-06:00,0.4,,,,,,
2024-12-21 19:00:00-06:00,0.5,,,,,,
2024-12-21 20:00:00-06:00,0.7,,,,,,
2024-12-21 21:00:00-06:00,0.4,,,,,,
2024-12-21 22:00:00-06:00,0.4,,,,,,
2024-12-21 23:00:00-06:00,0.3,,,,,,
2024-12-22 00:00:00-06:00,0.4,,,,,,
2024-12-22 01:00:00-06:00,0.4,,,,,,
2024-12-22 02:00:00-06:00,0.3,,,,,,
2024-12-22 03:00:00-06:00,0.2,,,,,,
2024-12-22 04:00:00-06:00,0.2,,,,,,
2024-12-22 05:00:00-06:00,0.2,,,,,,
2024-12-22 06:00:00-06:00,0.2,,,,,,
2024-12-22 07:00:00-06:00,0.2,,,,,,
2024-12-22 08:00:00-06:00,0.2,,,,,,
2024-12-22 09:00:00-06:00,0.6,,,,,,
2024-12-22 10:00:00-06:00,0.4,,,,,,
2024-12-22 11:00:00-06:00,0.2,,,,,,
2024-12-22 12:00:00-06:00,0.3,,,,,,
2024-12-22 13:00:00-06:00,0.3,,,,,,
2024-12-22 14:00:00-06:00,0.3,,,,,,
2024-12-22 16:00:00-06:00,0.4,0.001,0.013,0.014,0.064,9.0,0.002
2024-12-22 17:00:00-06:00,0.5,0.0,0.015,0.015,0.059,11.0,0.002
2024-12-22 18:00:00-06:00,0.5,0.0,0.023,0.023,0.029,19.0,0.001
2024-12-22 19:00:00-06:00,0.3,0.0,0.012,0.012,0.028,19.0,0.001
2024-12-22 21:00:00-06:00,0.8,0.003,0.029,0.032,0.012,6.0,0.001
2024-12-22 22:00:00-06:00,0.7,0.001,0.025,0.026,0.011,10.0,0.001
2024-12-22 23:00:00-06:00,0.8,0.008,0.028,0.036,0.003,15.0,0.001
2024-12-23 00:00:00-06:00,0.7,0.01,0.023,0.033,0.002,9.0,0.001
2024-12-23 01:00:00-06:00,0.7,0.015,0.019,0.035,0.002,,0.001
2024-12-23 02:00:00-06:00,0.5,0.009,0.017,0.026,0.003,5.0,0.001
2024-12-23 03:00:00-06:00,0.4,0.003,0.014,0.016,0.005,10.0,0.001
2024-12-23 04:00:00-06:00,0.5,0.008,0.019,0.027,0.002,10.0,0.001
2024-12-23 05:00:00-06:00,0.4,0.013,0.015,0.027,0.002,9.0,0.001
2024-12-23 06:00:00-06:00,0.4,0.013,0.013,0.025,0.002,7.0,0.001
2024-12-23 07:00:00-06:00,0.5,0.024,0.015,0.039,0.002,9.0,0.002
2024-12-23 08:00:00-06:00,0.6,0.037,0.013,0.049,0.002,9.0,0.002
2024-12-23 09:00:00-06:00,1.4,0.119,0.02,0.139,0.002,10.0,0.003
2024-12-23 10:00:00-06:00,1.4,0.086,0.027,0.113,0.004,13.0,0.003
2024-12-23 11:00:00-06:00,1.1,0.044,0.032,0.076,0.012,14.0,0.002
2024-12-23 12:00:00-06:00,0.9,0.02,0.032,0.052,0.03,20.0,0.002
2024-12-23 13:00:00-06:00,0.6,0.006,0.021,0.027,0.044,10.0,0.001
2024-12-23 14:00:00-06:00,0.5,0.005,0.019,0.024,0.046,18.0,0.002
2024-12-23 15:00:00-06:00,0.5,0.003,0.017,0.02,0.053,10.0,0.001
2024-12-23 16:00:00-06:00,0.5,0.001,0.02,0.021,0.059,11.0,0.001
2024-12-23 18:00:00-06:00,0.3,0.001,0.014,0.014,0.023,11.0,0.001
2024-12-23 19:00:00-06:00,0.4,0.002,0.026,0.028,0.009,6.0,0.001
2024-12-23 20:00:00-06:00,0.9,0.035,0.029,0.064,0.002,2.0,0.002
2024-12-23 21:00:00-06:00,1.6,0.067,0.028,0.095,0.002,6.0,0.003
2024-12-23 22:00:00-06:00,1.4,0.054,0.031,0.085,0.002,11.0,0.002
2024-12-23 23:00:00-06:00,1.1,0.042,0.028,0.07,0.003,11.0,0.002
2024-12-24 00:00:00-06:00,1.2,,,,,14.0,
2024-12-24 02:00:00-06:00,,,,,,11.0,
2024-12-24 03:00:00-06:00,,,,,,11.0,
2024-12-24 04:00:00-06:00,,,,,,12.0,
2024-12-24 05:00:00-06:00,0.4,0.004,0.02,0.024,0.002,8.0,0.001
2024-12-24 06:00:00-06:00,0.5,0.017,0.02,0.038,0.002,7.0,0.002
2024-12-24 07:00:00-06:00,0.7,0.039,0.021,0.06,0.002,7.0,0.002
2024-12-24 08:00:00-06:00,1.1,0.069,0.02,0.089,0.002,4.0,0.002
2024-12-24 09:00:00-06:00,1.2,0.071,0.024,0.095,0.004,14.0,0.003
2024-12-24 11:00:00-06:00,1.3,0.034,0.049,0.083,0.026,21.0,0.003
2024-12-24 12:00:00-06:00,1.1,0.017,0.047,0.065,0.037,31.0,0.003
2024-12-24 14:00:00-06:00,0.5,0.004,0.021,0.025,0.054,21.0,0.002
2024-12-24 15:00:00-06:00,0.6,0.004,0.023,0.027,0.064,10.0,0.002
2024-12-24 16:00:00-06:00,0.6,0.002,0.023,0.025,0.072,12.0,0.002
2024-12-24 17:00:00-06:00,0.6,0.001,0.025,0.026,0.068,18.0,0.002
2024-12-24 18:00:00-06:00,0.5,0.0,0.023,0.023,0.058,17.0,0.002
2024-12-24 19:00:00-06:00,0.6,0.0,0.028,0.028,0.031,15.0,0.002
2024-12-24 20:00:00-06:00,0.6,0.0,0.022,0.022,0.029,10.0,0.002
2024-12-24 21:00:00-06:00,0.8,0.002,0.032,0.034,0.02,11.0,0.002
2024-12-24 22:00:00-06:00,0.7,0.001,0.026,0.027,0.019,17.0,0.002
2024-12-24 23:00:00-06:00,0.8,0.004,0.031,0.034,0.007,19.0,0.002
2024-12-25 00:00:00-06:00,1.0,0.007,0.033,0.04,0.002,23.0,0.002
2024-12-25 01:00:00-06:00,1.2,0.013,0.032,0.045,0.002,,0.002
2024-12-25 02:00:00-06:00,1.1,0.009,0.026,0.036,0.003,40.0,0.002
2024-12-25 04:00:00-06:00,1.1,0.014,0.025,0.039,0.002,61.0,0.002
2024-12-25 05:00:00-06:00,1.1,0.021,0.022,0.044,0.002,69.0,0.002
2024-12-25 06:00:00-06:00,1.0,0.015,0.019,0.034,0.002,70.0,0.002
2024-12-25 07:00:00-06:00,0.6,0.003,0.015,0.018,0.006,64.0,0.001
2024-12-25 08:00:00-06:00,0.7,0.009,0.018,0.026,0.004,43.0,0.001
2024-12-25 10:00:00-06:00,1.2,0.016,0.032,0.048,0.029,40.0,0.002
2024-12-25 11:00:00-06:00,0.9,0.006,0.024,0.031,0.054,59.0,0.003
2024-12-25 12:00:00-06:00,0.7,0.003,0.018,0.021,0.073,80.0,0.003
2024-12-25 13:00:00-06:00,0.4,0.0,0.011,0.012,0.076,63.0,0.002
2024-12-25 15:00:00-06:00,0.4,0.0,0.01,0.01,0.089,20.0,0.002
2024-12-25 16:00:00-06:00,0.3,0.0,0.008,0.008,0.056,25.0,0.001
2024-12-25 17:00:00-06:00,0.4,0.001,0.017,0.018,0.042,19.0,0.001
2024-12-25 18:00:00-06:00,0.4,0.0,0.016,0.016,0.043,4.0,0.001
2024-12-25 19:00:00-06:00,0.4,0.0,0.015,0.014,0.049,14.0,0.002
2024-12-25 20:00:00-06:00,0.4,0.0,0.013,0.013,0.041,14.0,0.001
2024-12-25 21:00:00-06:00,0.5,0.002,0.021,0.023,0.025,,0.001
2024-12-25 22:00:00-06:00,0.5,0.001,0.025,0.025,0.015,12.0,0.001
2024-12-25 23:00:00-06:00,0.6,0.004,0.03,0.034,0.004,18.0,0.001
2024-12-26 00:00:00-06:00,0.6,0.003,0.025,0.028,0.004,20.0,0.001
2024-12-26 01:00:00-06:00,0.6,0.003,0.024,0.028,0.004,,0.001
2024-12-26 02:00:00-06:00,0.5,0.001,0.018,0.019,0.008,15.0,0.001
2024-12-26 03:00:00-06:00,0.5,0.001,0.018,0.019,0.008,15.0,0.001
2024-12-26 04:00:00-06:00,0.4,0.003,0.017,0.02,0.006,13.0,0.001
2024-12-26 05:00:00-06:00,0.3,0.001,0.012,0.012,0.008,14.0,0.001
2024-12-26 06:00:00-06:00,0.4,0.004,0.016,0.02,0.002,12.0,0.001
2024-12-26 07:00:00-06:00,0.4,0.009,0.018,0.027,0.002,12.0,0.001
2024-12-26 08:00:00-06:00,0.6,0.037,0.018,0.054,0.002,11.0,0.002
2024-12-26 09:00:00-06:00,1.1,0.059,0.032,0.091,0.007,14.0,0.002
2024-12-26 10:00:00-06:00,1.1,0.041,0.042,0.083,0.018,15.0,0.002
2024-12-26 11:00:00-06:00,0.8,0.017,0.032,0.049,0.036,25.0,0.002
2024-12-26 12:00:00-06:00,0.7,0.01,0.028,0.039,0.049,28.0,0.002
2024-12-26 13:00:00-06:00,0.5,0.005,0.019,0.023,0.061,25.0,0.002
2024-12-26 14:00:00-06:00,0.3,0.001,0.01,0.012,0.065,20.0,0.002
2024-12-26 15:00:00-06:00,0.3,0.001,0.01,0.011,0.074,9.0,0.002
2024-12-26 16:00:00-06:00,0.3,0.001,0.011,0.012,0.076,9.0,0.002
2024-12-26 17:00:00-06:00,0.3,0.0,0.012,0.012,0.073,11.0,0.002
2024-12-26 18:00:00-06:00,0.4,0.0,0.016,0.017,0.055,13.0,0.002
2024-12-26 19:00:00-06:00,0.6,0.002,0.033,0.035,0.024,14.0,0.002
2024-12-26 20:00:00-06:00,0.5,0.0,0.026,0.027,0.022,14.0,0.002
2024-12-26 21:00:00-06:00,0.6,0.002,0.032,0.034,0.012,11.0,0.002
2024-12-26 22:00:00-06:00,0.7,0.004,0.037,0.04,0.006,13.0,0.002
2024-12-27 00:00:00-06:00,0.5,0.001,0.026,0.027,0.016,14.0,0.001
2024-12-27 01:00:00-06:00,0.6,0.005,0.029,0.033,0.011,,0.001
2024-12-27 02:00:00-06:00,0.7,0.01,0.03,0.04,0.004,13.0,0.001
2024-12-27 03:00:00-06:00,0.7,0.01,0.03,0.04,0.004,13.0,0.001
2024-12-27 04:00:00-06:00,0.5,0.004,0.026,0.029,0.004,14.0,0.001
2024-12-27 05:00:00-06:00,0.4,0.003,0.02,0.023,0.005,14.0,0.001
2024-12-27 06:00:00-06:00,0.4,0.003,0.02,0.023,0.006,13.0,0.001
2024-12-27 07:00:00-06:00,0.5,0.021,0.021,0.042,0.003,13.0,0.002
2024-12-27 08:00:00-06:00,0.7,0.034,0.027,0.061,0.003,15.0,0.002
2024-12-27 09:00:00-06:00,1.6,0.11,0.035,0.145,0.006,16.0,0.004
2024-12-27 10:00:00-06:00,1.1,0.044,0.04,0.083,0.018,16.0,0.003
2024-12-27 11:00:00-06:00,0.9,0.023,0.038,0.061,0.035,17.0,0.003
2024-12-27 12:00:00-06:00,0.5,0.006,0.02,0.026,0.057,27.0,0.003
2024-12-27 13:00:00-06:00,0.4,0.004,0.017,0.02,0.065,19.0,0.003
2024-12-27 14:00:00-06:00,0.3,0.002,0.012,0.013,0.068,11.0,0.002
2024-12-27 15:00:00-06:00,0.2,0.001,0.01,0.011,0.065,13.0,0.002
2024-12-27 16:00:00-06:00,0.2,0.001,0.01,0.011,0.072,5.0,0.002
2024-12-27 17:00:00-06:00,0.3,0.001,0.013,0.013,0.081,5.0,0.002
2024-12-27 18:00:00-06:00,0.4,0.0,0.02,0.02,0.064,7.0,0.002
2024-12-27 19:00:00-06:00,0.6,0.0,0.035,0.035,0.03,13.0,0.002
2024-12-27 20:00:00-06:00,0.6,0.0,0.032,0.032,0.035,17.0,0.002
2024-12-27 21:00:00-06:00,0.6,0.004,0.032,0.036,0.025,10.0,0.002
2024-12-27 22:00:00-06:00,1.0,0.016,0.049,0.065,0.003,5.0,0.002
2024-12-27 23:00:00-06:00,0.9,0.014,0.047,0.061,0.005,12.0,0.002
2024-12-28 00:00:00-06:00,0.8,0.008,0.043,0.051,0.006,8.0,0.002
2024-12-28 01:00:00-06:00,1.1,0.029,0.047,0.075,0.002,,0.002
2024-12-28 02:00:00-06:00,1.0,0.017,0.044,0.061,0.003,14.0,0.002
2024-12-28 03:00:00-06:00,1.0,0.017,0.044,0.061,0.003,14.0,0.002
2024-12-28 04:00:00-06:00,0.8,0.017,0.038,0.055,0.002,15.0,0.002
2024-12-28 05:00:00-06:00,0.6,0.003,0.034,0.036,0.007,18.0,0.001
2024-12-28 06:00:00-06:00,0.5,0.003,0.029,0.032,0.005,14.0,0.001
2024-12-28 07:00:00-06:00,0.4,0.006,0.029,0.035,0.003,17.0,0.001
2024-12-28 08:00:00-06:00,0.5,0.013,0.028,0.041,0.004,11.0,0.002
2024-12-28 09:00:00-06:00,1.1,0.068,0.037,0.105,0.008,14.0,0.004
2024-12-28 10:00:00-06:00,1.3,0.046,0.05,0.096,0.021,8.0,0.004
2024-12-28 11:00:00-06:00,0.8,0.017,0.033,0.05,0.039,23.0,0.003
2024-12-28 12:00:00-06:00,0.5,0.005,0.018,0.023,0.06,28.0,0.003
2024-12-28 13:00:00-06:00,0.3,0.003,0.013,0.016,0.064,20.0,0.003
2024-12-28 14:00:00-06:00,0.3,0.001,0.01,0.011,0.074,9.0,0.003
2024-12-28 15:00:00-06:00,0.3,0.001,0.01,0.01,0.078,8.0,0.002
2024-12-28 16:00:00-06:00,0.3,0.0,0.01,0.01,0.08,8.0,0.002
2024-12-28 17:00:00-06:00,0.3,0.001,0.014,0.014,0.072,8.0,0.002
2024-12-28 18:00:00-06:00,0.5,0.001,0.021,0.022,0.059,11.0,0.002
2024-12-28 19:00:00-06:00,0.7,0.001,0.03,0.03,0.043,17.0,0.002
2024-12-28 20:00:00-06:00,0.7,0.0,0.031,0.032,0.029,15.0,0.002
2024-12-28 21:00:00-06:00,1.1,0.012,0.05,0.063,0.008,16.0,0.002
2024-12-28 22:00:00-06:00,1.2,0.015,0.051,0.066,0.002,15.0,0.002
2024-12-28 23:00:00-06:00,0.8,0.004,0.039,0.043,0.013,16.0,0.002
2024-12-29 08:00:00-06:00,0.9,0.038,0.027,0.064,0.003,17.0,0.002
2024-12-29 09:00:00-06:00,1.2,0.045,0.034,0.079,0.009,22.0,0.003
2024-12-29 10:00:00-06:00,1.3,0.031,0.046,0.077,0.025,22.0,0.003
2024-12-29 11:00:00-06:00,1.1,0.016,0.043,0.059,0.05,26.0,0.003
2024-12-29 12:00:00-06:00,0.6,0.006,0.027,0.033,0.071,37.0,0.003
2024-12-29 13:00:00-06:00,0.4,0.002,0.016,0.019,0.074,29.0,0.002
2024-12-29 14:00:00-06:00,0.3,0.002,0.014,0.015,0.081,12.0,0.002
2024-12-29 15:00:00-06:00,0.4,0.002,0.018,0.019,0.094,11.0,0.003
2024-12-29 16:00:00-06:00,0.5,0.001,0.02,0.021,0.105,13.0,0.003
2024-12-29 17:00:00-06:00,0.4,0.0,0.016,0.016,0.101,19.0,0.003
2024-12-29 18:00:00-06:00,0.4,0.0,0.017,0.017,0.096,14.0,0.003
2024-12-29 19:00:00-06:00,0.6,0.0,0.028,0.027,0.064,18.0,0.002
2024-12-29 20:00:00-06:00,0.7,0.0,0.028,0.028,0.053,17.0,0.003
2024-12-29 21:00:00-06:00,0.7,0.0,0.031,0.031,0.044,14.0,0.004
2024-12-29 22:00:00-06:00,0.5,0.0,0.024,0.024,0.039,14.0,0.005
2024-12-29 23:00:00-06:00,0.5,0.0,0.023,0.023,0.029,13.0,0.004
2024-12-30 00:00:00-06:00,0.4,,,,,9.0,
2024-12-30 02:00:00-06:00,,,,,,16.0,
2024-12-30 03:00:00-06:00,,,,,,15.0,
2024-12-30 04:00:00-06:00,0.6,0.008,0.03,0.039,0.003,15.0,0.002
2024-12-30 05:00:00-06:00,0.5,0.002,0.026,0.028,0.006,14.0,0.001
2024-12-30 06:00:00-06:00,0.4,0.002,0.024,0.026,0.007,14.0,0.001
2024-12-30 07:00:00-06:00,0.5,0.006,0.028,0.034,0.003,15.0,0.001
2024-12-30 08:00:00-06:00,0.7,0.018,0.031,0.049,0.004,11.0,0.002
2024-12-30 09:00:00-06:00,1.0,0.064,0.033,0.096,0.005,21.0,0.003
2024-12-30 10:00:00-06:00,1.1,0.032,0.042,0.074,0.022,15.0,0.003
2024-12-30 11:00:00-06:00,1.1,0.026,0.044,0.071,0.036,21.0,0.004
2024-12-30 12:00:00-06:00,0.7,0.007,0.028,0.035,0.067,29.0,0.004
2024-12-30 13:00:00-06:00,0.6,0.004,0.023,0.028,0.078,33.0,0.004
2024-12-30 14:00:00-06:00,0.5,0.003,0.021,0.023,0.087,21.0,0.004
2024-12-30 15:00:00-06:00,0.5,0.002,0.023,0.026,0.097,19.0,0.004
2024-12-30 16:00:00-06:00,0.5,0.001,0.023,0.024,0.109,13.0,0.004
2024-12-30 17:00:00-06:00,0.5,0.0,0.024,0.024,0.112,26.0,0.004
2024-12-30 18:00:00-06:00,0.6,0.0,0.04,0.041,0.094,21.0,0.004
2024-12-30 19:00:00-06:00,0.9,0.0,0.044,0.044,0.07,26.0,0.003
2024-12-30 21:00:00-06:00,1.0,0.0,0.045,0.045,0.043,20.0,0.002
2024-12-30 22:00:00-06:00,1.3,0.014,0.059,0.073,0.016,27.0,0.002
2024-12-30 23:00:00-06:00,1.4,0.016,0.062,0.078,0.005,23.0,0.002
2024-12-31 00:00:00-06:00,1.8,0.053,0.062,0.116,0.002,24.0,0.003
2024-12-31 01:00:00-06:00,1.0,0.013,0.045,0.059,0.006,,0.003
2024-12-31 02:00:00-06:00,1.0,0.011,0.04,0.051,0.003,13.0,0.002
2024-12-31 03:00:00-06:00,1.2,0.025,0.043,0.068,0.002,21.0,0.002
2024-12-31 04:00:00-06:00,0.8,0.013,0.037,0.049,0.003,21.0,0.002
2024-12-31 05:00:00-06:00,0.5,0.002,0.024,0.026,0.008,23.0,0.002
2024-12-31 06:00:00-06:00,0.5,0.006,0.026,0.032,0.005,16.0,0.002
2024-12-31 07:00:00-06:00,0.6,0.018,0.033,0.05,0.003,15.0,0.002
2024-12-31 08:00:00-06:00,0.8,0.033,0.032,0.064,0.003,19.0,0.002
2024-12-31 09:00:00-06:00,1.7,0.093,0.042,0.136,0.006,16.0,0.004
2024-12-31 10:00:00-06:00,1.7,0.06,0.057,0.117,0.019,22.0,0.004
2024-12-31 11:00:00-06:00,1.1,0.018,0.046,0.064,0.045,33.0,0.003
2024-12-31 12:00:00-06:00,0.7,0.007,0.028,0.035,0.068,42.0,0.003
2024-12-31 13:00:00-06:00,0.3,0.002,0.012,0.014,0.072,38.0,0.002
2024-12-31 14:00:00-06:00,0.4,0.001,0.013,0.014,0.082,15.0,0.002
2024-12-31 15:00:00-06:00,0.4,0.001,0.014,0.015,0.096,9.0,0.003
2024-12-31 16:00:00-06:00,0.4,0.0,0.014,0.014,0.104,15.0,0.003
2024-12-31 17:00:00-06:00,0.5,0.0,0.019,0.019,0.118,16.0,0.003
2024-12-31 18:00:00-06:00,0.5,0.0,0.021,0.021,0.112,23.0,0.003
2024-12-31 19:00:00-06:00,0.7,0.0,0.028,0.028,0.071,24.0,0.003
2024-12-31 20:00:00-06:00,0.8,0.001,0.031,0.032,0.057,20.0,0.002
2024-12-31 21:00:00-06:00,0.5,0.0,0.02,0.02,0.043,18.0,0.002
2024-12-31 22:00:00-06:00,0.7,0.001,0.036,0.037,0.023,15.0,0.003
2024-12-31 23:00:00-06:00,0.9,0.001,0.038,0.039,0.019,11.0,0.003
2025-01-01 00:00:00-06:00,0.7,0.0,0.029,0.029,0.021,27.0,0.003
2025-01-01 01:00:00-06:00,0.5,0.0,0.018,0.019,0.028,,0.002
2025-01-01 02:00:00-06:00,0.5,0.0,0.016,0.016,0.024,30.0,0.002
2025-01-01 03:00:00-06:00,0.6,0.001,0.022,0.023,0.013,36.0,0.002
2025-01-01 04:00:00-06:00,0.7,0.001,0.029,0.03,0.006,42.0,0.002
2025-01-01 05:00:00-06:00,0.8,0.001,0.027,0.029,0.006,52.0,0.002
2025-01-01 06:00:00-06:00,0.8,0.004,0.028,0.032,0.005,61.0,0.002
2025-01-01 07:00:00-06:00,0.9,0.009,0.028,0.038,0.003,50.0,0.002
2025-01-01 08:00:00-06:00,0.8,0.008,0.025,0.034,0.005,54.0,0.001
2025-01-01 09:00:00-06:00,0.7,0.006,0.021,0.027,0.014,48.0,0.002
2025-01-01 11:00:00-06:00,0.9,0.006,0.028,0.034,0.062,39.0,0.005
2025-01-01 12:00:00-06:00,0.6,0.003,0.018,0.021,0.075,94.0,0.003
2025-01-01 13:00:00-06:00,0.5,0.001,0.013,0.014,0.089,74.0,0.003
2025-01-01 14:00:00-06:00,0.4,0.0,0.012,0.012,0.099,48.0,0.004
2025-01-01 15:00:00-06:00,0.4,0.0,0.012,0.012,0.098,36.0,0.005
2025-01-01 16:00:00-06:00,0.3,0.0,0.009,0.009,0.099,45.0,0.005
2025-01-01 17:00:00-06:00,0.3,0.0,0.008,0.008,0.1,29.0,0.005
2025-01-01 18:00:00-06:00,0.4,0.0,0.012,0.011,0.098,25.0,0.004
2025-01-01 19:00:00-06:00,0.5,0.016,0.035,0.051,0.065,26.0,0.004
2025-01-01 21:00:00-06:00,0.7,0.0,0.03,0.03,0.037,24.0,0.004
2025-01-01 22:00:00-06:00,0.7,0.0,0.035,0.035,0.03,27.0,0.01
2025-01-01 23:00:00-06:00,0.6,0.0,0.028,0.028,0.026,29.0,0.008
2025-01-02 00:00:00-06:00,0.6,0.0,0.027,0.027,0.02,30.0,0.005
2025-01-02 01:00:00-06:00,0.6,0.001,0.029,0.03,0.012,,0.003
2025-01-02 02:00:00-06:00,0.7,0.004,0.034,0.038,0.005,33.0,0.002
2025-01-02 03:00:00-06:00,0.5,0.0,0.023,0.024,0.012,27.0,0.002
2025-01-02 04:00:00-06:00,0.5,0.001,0.023,0.024,0.008,18.0,0.002
2025-01-02 05:00:00-06:00,0.4,0.001,0.02,0.021,0.009,22.0,0.002
2025-01-02 06:00:00-06:00,0.3,0.0,0.014,0.014,0.013,20.0,0.002
2025-01-02 07:00:00-06:00,0.4,0.004,0.023,0.027,0.005,18.0,0.002
2025-01-02 08:00:00-06:00,0.6,0.023,0.022,0.045,0.003,17.0,0.002
2025-01-02 09:00:00-06:00,0.9,0.043,0.027,0.07,0.007,22.0,0.006
2025-01-02 10:00:00-06:00,1.2,0.04,0.04,0.079,0.015,20.0,0.009
2025-01-02 11:00:00-06:00,0.9,0.021,0.036,0.056,0.03,35.0,0.009
2025-01-02 13:00:00-06:00,0.8,0.01,0.035,0.046,0.059,37.0,0.006
2025-01-02 14:00:00-06:00,0.7,0.007,0.032,0.039,0.073,30.0,0.006
2025-01-02 15:00:00-06:00,0.5,0.003,0.019,0.022,0.075,31.0,0.004
2025-01-02 16:00:00-06:00,0.4,0.002,0.019,0.021,0.075,16.0,0.004
2025-01-02 17:00:00-06:00,0.3,0.001,0.016,0.017,0.068,16.0,0.003
2025-01-02 18:00:00-06:00,0.3,0.0,0.016,0.017,0.066,17.0,0.002
2025-01-02 19:00:00-06:00,0.5,0.0,0.028,0.028,0.045,14.0,0.004
2025-01-02 20:00:00-06:00,0.7,0.0,0.04,0.041,0.024,14.0,0.005
2025-01-02 21:00:00-06:00,0.8,0.002,0.045,0.047,0.015,19.0,0.012
2025-01-02 22:00:00-06:00,0.6,0.003,0.037,0.04,0.013,18.0,0.01
2025-01-02 23:00:00-06:00,0.5,0.005,0.034,0.039,0.008,16.0,0.004
2025-01-03 00:00:00-06:00,0.6,0.004,0.031,0.035,0.009,21.0,0.003
2025-01-03 01:00:00-06:00,0.5,0.011,0.029,0.04,0.01,,0.005
2025-01-03 02:00:00-06:00,0.4,0.002,0.021,0.023,0.01,24.0,0.003
2025-01-03 03:00:00-06:00,0.5,0.004,0.021,0.025,0.004,27.0,0.002
2025-01-03 04:00:00-06:00,0.4,0.003,0.018,0.021,0.004,20.0,0.002
2025-01-03 05:00:00-06:00,0.3,0.003,0.019,0.021,0.003,15.0,0.002
2025-01-03 06:00:00-06:00,0.4,0.008,0.018,0.026,0.002,21.0,0.002
2025-01-03 07:00:00-06:00,0.4,0.018,0.017,0.035,0.002,17.0,0.002
2025-01-03 08:00:00-06:00,0.7,0.041,0.018,0.059,0.002,19.0,0.002
2025-01-03 09:00:00-06:00,0.9,0.046,0.024,0.07,0.007,20.0,0.003
2025-01-03 10:00:00-06:00,0.6,0.017,0.024,0.041,0.02,19.0,0.004
2025-01-03 11:00:00-06:00,0.6,0.014,0.022,0.036,0.028,20.0,0.004
2025-01-03 14:00:00-06:00,0.5,0.023,0.038,0.062,0.055,36.0,0.003
2025-01-03 15:00:00-06:00,0.5,0.005,0.022,0.027,0.068,36.0,0.003
2025-01-03 16:00:00-06:00,0.5,0.002,0.019,0.021,0.075,41.0,0.003
2025-01-03 17:00:00-06:00,0.5,0.001,0.019,0.02,0.074,40.0,0.002
2025-01-03 18:00:00-06:00,0.5,0.0,0.022,0.023,0.072,12.0,0.002
2025-01-03 19:00:00-06:00,0.4,0.0,0.02,0.02,0.038,16.0,0.002
2025-01-03 20:00:00-06:00,0.4,0.0,0.02,0.02,0.015,10.0,0.002
2025-01-03 21:00:00-06:00,0.4,0.0,0.015,0.015,0.018,2.0,0.002
2025-01-03 22:00:00-06:00,0.4,0.0,0.014,0.014,0.017,4.0,0.004
2025-01-03 23:00:00-06:00,0.4,0.0,0.013,0.013,0.017,3.0,0.004
2025-01-04 00:00:00-06:00,0.4,0.0,0.014,0.013,0.016,3.0,0.004
2025-01-04 01:00:00-06:00,0.3,0.0,0.012,0.012,0.017,,0.003
2025-01-04 02:00:00-06:00,0.3,0.0,0.009,0.009,0.019,7.0,0.003
2025-01-04 03:00:00-06:00,0.2,0.0,0.008,0.008,0.02,8.0,0.004
2025-01-04 04:00:00-06:00,0.2,0.0,0.006,0.006,0.021,5.0,0.005
2025-01-04 05:00:00-06:00,0.2,0.0,0.007,0.006,0.02,6.0,0.006
2025-01-04 06:00:00-06:00,0.3,0.0,0.01,0.01,0.016,7.0,0.008
2025-01-04 07:00:00-06:00,0.4,0.001,0.016,0.017,0.009,6.0,0.008
2025-01-04 08:00:00-06:00,0.5,0.014,0.021,0.035,0.003,9.0,0.007
2025-01-04 09:00:00-06:00,0.7,0.029,0.023,0.052,0.006,11.0,0.006
2025-01-04 10:00:00-06:00,0.7,0.022,0.022,0.044,0.016,12.0,0.006
2025-01-04 11:00:00-06:00,0.7,0.016,0.024,0.04,0.027,22.0,0.005
2025-01-04 12:00:00-06:00,0.8,0.013,0.029,0.042,0.041,30.0,0.005
2025-01-04 13:00:00-06:00,0.6,0.007,0.024,0.031,0.054,24.0,0.005
2025-01-04 14:00:00-06:00,0.5,0.004,0.018,0.022,0.066,27.0,0.004
2025-01-04 15:00:00-06:00,0.4,0.001,0.013,0.013,0.081,15.0,0.003
2025-01-04 16:00:00-06:00,0.4,0.0,0.013,0.013,0.084,15.0,0.003
2025-01-04 17:00:00-06:00,0.5,0.0,0.015,0.015,0.062,19.0,0.002
2025-01-04 19:00:00-06:00,0.6,0.001,0.023,0.024,0.033,15.0,0.002
2025-01-04 20:00:00-06:00,0.4,0.0,0.014,0.013,0.037,15.0,0.002
2025-01-04 21:00:00-06:00,0.5,0.0,0.02,0.02,0.022,8.0,0.002
2025-01-04 22:00:00-06:00,0.8,0.002,0.041,0.043,0.006,7.0,0.002
2025-01-04 23:00:00-06:00,0.8,0.003,0.035,0.039,0.008,9.0,0.002
2025-01-05 00:00:00-06:00,0.6,,,,,11.0,
2025-01-05 02:00:00-06:00,,,,,,17.0,
2025-01-05 03:00:00-06:00,,,,,,11.0,
2025-01-05 04:00:00-06:00,0.5,0.001,0.02,0.021,0.01,6.0,0.002
2025-01-05 05:00:00-06:00,0.3,0.0,0.012,0.012,0.014,7.0,0.001
2025-01-05 06:00:00-06:00,0.3,0.001,0.013,0.014,0.011,9.0,0.001
2025-01-05 07:00:00-06:00,0.5,0.007,0.023,0.03,0.004,7.0,0.002
2025-01-05 08:00:00-06:00,0.6,0.024,0.021,0.045,0.002,4.0,0.002
2025-01-05 09:00:00-06:00,0.8,0.036,0.025,0.061,0.007,10.0,0.002
2025-01-05 10:00:00-06:00,1.0,0.027,0.036,0.063,0.021,5.0,0.004
2025-01-05 11:00:00-06:00,0.7,0.01,0.028,0.038,0.035,17.0,0.004
2025-01-05 12:00:00-06:00,0.4,0.004,0.014,0.018,0.045,23.0,0.002
2025-01-05 13:00:00-06:00,0.3,0.002,0.008,0.01,0.052,16.0,0.002
2025-01-05 14:00:00-06:00,0.3,0.001,0.007,0.008,0.062,9.0,0.002
2025-01-05 16:00:00-06:00,0.3,0.001,0.012,0.013,0.04,11.0,0.002
2025-01-05 17:00:00-06:00,0.4,0.002,0.015,0.017,0.034,11.0,0.001
2025-01-05 18:00:00-06:00,0.4,0.0,0.016,0.016,0.035,4.0,0.002
2025-01-05 19:00:00-06:00,0.3,0.0,0.011,0.011,0.031,12.0,0.002
2025-01-05 20:00:00-06:00,0.4,0.0,0.015,0.015,0.025,13.0,0.002
2025-01-05 21:00:00-06:00,0.4,0.0,0.017,0.017,0.024,8.0,0.002
2025-01-05 22:00:00-06:00,0.4,0.005,0.019,0.024,0.018,10.0,0.002
2025-01-05 23:00:00-06:00,0.6,0.005,0.028,0.034,0.004,7.0,0.002
2025-01-06 00:00:00-06:00,0.9,0.022,0.031,0.053,0.002,10.0,0.002
2025-01-06 01:00:00-06:00,0.6,0.005,0.023,0.027,0.008,,0.002
2025-01-06 02:00:00-06:00,0.4,0.0,0.017,0.017,0.01,9.0,0.001
2025-01-06 03:00:00-06:00,0.5,0.004,0.02,0.023,0.005,8.0,0.001
2025-01-06 04:00:00-06:00,0.7,0.016,0.024,0.04,0.002,13.0,0.002
2025-01-06 05:00:00-06:00,0.6,0.013,0.021,0.034,0.002,10.0,0.002
2025-01-06 06:00:00-06:00,0.7,0.02,0.023,0.043,0.002,8.0,0.002
2025-01-06 07:00:00-06:00,0.9,0.043,0.021,0.064,0.002,13.0,0.002
2025-01-06 08:00:00-06:00,1.4,0.101,0.023,0.125,0.002,10.0,0.003
2025-01-06 09:00:00-06:00,1.8,0.135,0.03,0.165,0.003,19.0,0.004
2025-01-06 10:00:00-06:00,1.8,0.075,0.05,0.125,0.01,19.0,0.003
2025-01-06 11:00:00-06:00,1.1,0.028,0.043,0.07,0.027,27.0,0.002
2025-01-06 12:00:00-06:00,0.8,0.013,0.032,0.045,0.048,29.0,0.002
2025-01-06 13:00:00-06:00,0.6,0.005,0.024,0.029,0.06,25.0,0.002
2025-01-06 14:00:00-06:00,0.6,0.003,0.023,0.026,0.069,21.0,0.002
2025-01-06 15:00:00-06:00,0.7,0.002,0.028,0.03,0.074,18.0,0.003
2025-01-06 16:00:00-06:00,0.5,0.001,0.019,0.02,0.053,21.0,0.002
2025-01-06 17:00:00-06:00,0.2,0.0,0.007,0.007,0.038,16.0,0.002
2025-01-06 18:00:00-06:00,0.3,0.001,0.016,0.018,0.027,6.0,0.002
2025-01-06 19:00:00-06:00,0.3,0.001,0.015,0.016,0.03,4.0,0.002
2025-01-06 20:00:00-06:00,0.4,0.0,0.019,0.019,0.026,4.0,0.002
2025-01-06 21:00:00-06:00,0.6,0.002,0.033,0.036,0.008,6.0,0.002
2025-01-06 22:00:00-06:00,1.0,0.035,0.036,0.07,0.002,10.0,0.002
2025-01-06 23:00:00-06:00,1.4,0.036,0.047,0.083,0.002,8.0,0.003
2025-01-07 00:00:00-06:00,1.3,0.036,0.043,0.079,0.002,11.0,0.003
2025-01-07 01:00:00-06:00,1.2,0.045,0.036,0.08,0.002,,0.003
2025-01-07 02:00:00-06:00,0.9,0.027,0.028,0.055,0.001,21.0,0.002
2025-01-07 03:00:00-06:00,0.7,0.013,0.027,0.04,0.001,11.0,0.002
2025-01-07 04:00:00-06:00,0.7,0.018,0.027,0.045,0.001,14.0,0.002
2025-01-07 05:00:00-06:00,0.8,0.021,0.027,0.048,0.002,11.0,0.002
2025-01-07 06:00:00-06:00,0.9,0.028,0.027,0.055,0.002,15.0,0.002
2025-01-07 07:00:00-06:00,0.9,0.044,0.025,0.069,0.002,18.0,0.002
2025-01-07 08:00:00-06:00,1.1,0.073,0.023,0.096,0.002,18.0,0.003
2025-01-07 09:00:00-06:00,1.3,0.081,0.028,0.109,0.003,19.0,0.003
2025-01-07 10:00:00-06:00,1.1,0.038,0.038,0.076,0.012,19.0,0.002
2025-01-07 11:00:00-06:00,0.8,0.011,0.026,0.038,0.03,25.0,0.002
2025-01-07 12:00:00-06:00,0.8,0.01,0.026,0.036,0.041,20.0,0.002
2025-01-07 13:00:00-06:00,0.9,0.009,0.035,0.044,0.054,24.0,0.002
2025-01-07 14:00:00-06:00,0.8,0.006,0.029,0.035,0.063,23.0,0.002
2025-01-07 15:00:00-06:00,0.5,0.002,0.018,0.02,0.065,24.0,0.002
2025-01-07 19:00:00-06:00,0.4,0.0,0.015,0.014,0.027,13.0,0.001
2025-01-07 20:00:00-06:00,0.8,0.002,0.035,0.037,0.016,4.0,0.002
2025-01-07 21:00:00-06:00,1.2,0.015,0.047,0.063,0.004,9.0,0.002
2025-01-07 22:00:00-06:00,1.5,0.045,0.048,0.094,0.002,15.0,0.003
2025-01-07 23:00:00-06:00,0.7,0.004,0.033,0.038,0.011,16.0,0.013
2025-01-08 00:00:00-06:00,0.6,0.002,0.027,0.028,0.008,21.0,0.007
2025-01-08 01:00:00-06:00,0.6,0.002,0.025,0.027,0.004,,0.003
2025-01-08 02:00:00-06:00,0.5,0.003,0.022,0.025,0.003,12.0,0.002
2025-01-08 03:00:00-06:00,0.6,0.011,0.022,0.033,0.002,15.0,0.002
2025-01-08 04:00:00-06:00,0.4,0.002,0.019,0.021,0.005,6.0,0.002
2025-01-08 05:00:00-06:00,0.4,0.007,0.019,0.026,0.002,14.0,0.002
2025-01-08 06:00:00-06:00,0.4,0.012,0.017,0.03,0.002,13.0,0.002
2025-01-08 07:00:00-06:00,0.6,0.032,0.017,0.049,0.002,14.0,0.002
2025-01-08 08:00:00-06:00,1.1,0.083,0.017,0.1,0.002,15.0,0.003
2025-01-08 09:00:00-06:00,1.6,0.1,0.029,0.129,0.004,15.0,0.007
2025-01-08 10:00:00-06:00,1.0,0.031,0.031,0.062,0.017,19.0,0.011
2025-01-08 11:00:00-06:00,0.8,0.014,0.028,0.042,0.036,31.0,0.01
2025-01-08 12:00:00-06:00,0.9,0.009,0.029,0.038,0.055,30.0,0.008
2025-01-08 13:00:00-06:00,0.8,0.004,0.026,0.031,0.075,32.0,0.006
2025-01-08 14:00:00-06:00,0.5,0.002,0.015,0.017,0.067,30.0,0.003
2025-01-08 15:00:00-06:00,0.4,0.002,0.01,0.012,0.046,18.0,0.002
2025-01-08 16:00:00-06:00,0.3,0.002,0.01,0.012,0.048,11.0,0.002
2025-01-08 17:00:00-06:00,0.3,0.001,0.008,0.009,0.043,5.0,0.002
2025-01-08 18:00:00-06:00,0.3,0.0,0.009,0.009,0.04,3.0,0.001
2025-01-08 19:00:00-06:00,0.5,0.001,0.02,0.021,0.03,15.0,0.001
2025-01-08 20:00:00-06:00,0.6,0.001,0.025,0.026,0.022,14.0,0.001
2025-01-08 21:00:00-06:00,0.7,0.007,0.035,0.042,0.007,10.0,0.002
2025-01-08 22:00:00-06:00,0.8,0.014,0.034,0.048,0.004,15.0,0.002
2025-01-08 23:00:00-06:00,0.7,0.013,0.033,0.046,0.002,9.0,0.002
2025-01-09 00:00:00-06:00,0.6,0.005,0.026,0.031,0.005,7.0,0.001
2025-01-09 01:00:00-06:00,0.5,0.003,0.024,0.027,0.006,,0.001
2025-01-09 02:00:00-06:00,0.5,0.002,0.021,0.023,0.007,5.0,0.001
2025-01-09 03:00:00-06:00,0.3,0.001,0.015,0.016,0.012,4.0,0.001
2025-01-09 04:00:00-06:00,0.3,0.0,0.011,0.011,0.013,5.0,0.001
2025-01-09 05:00:00-06:00,0.4,0.001,0.017,0.018,0.006,7.0,0.001
2025-01-09 06:00:00-06:00,0.4,0.003,0.02,0.023,0.003,9.0,0.001
2025-01-09 07:00:00-06:00,0.6,0.034,0.023,0.056,0.002,5.0,0.002
2025-01-09 08:00:00-06:00,1.1,0.078,0.023,0.101,0.002,6.0,0.003
2025-01-09 09:00:00-06:00,1.1,0.055,0.028,0.083,0.007,10.0,0.003
2025-01-09 10:00:00-06:00,1.0,0.035,0.028,0.064,0.019,20.0,0.003
2025-01-09 11:00:00-06:00,0.3,0.004,0.008,0.012,0.032,11.0,0.001
2025-01-09 12:00:00-06:00,0.2,0.003,0.005,0.008,0.031,8.0,0.002
2025-01-09 13:00:00-06:00,0.2,0.002,0.004,0.006,0.033,8.0,0.002
2025-01-09 14:00:00-06:00,0.2,0.002,0.005,0.007,0.037,3.0,0.002
2025-01-09 15:00:00-06:00,0.2,0.002,0.005,0.007,0.037,8.0,0.001
2025-01-09 16:00:00-06:00,0.3,0.002,0.007,0.009,0.037,7.0,0.002
2025-01-09 17:00:00-06:00,0.3,0.001,0.008,0.01,0.036,8.0,0.002
2025-01-09 18:00:00-06:00,0.3,0.006,0.011,0.016,0.033,11.0,0.001
2025-01-11 02:00:00-06:00,,,,,,14.0,
2025-01-11 03:00:00-06:00,,,,,,5.0,
2025-01-11 04:00:00-06:00,0.3,0.0,0.007,0.007,0.018,5.0,0.001
2025-01-11 05:00:00-06:00,0.2,0.0,0.006,0.005,0.022,1.0,0.001
2025-01-11 06:00:00-06:00,0.2,0.001,0.007,0.008,0.022,1.0,0.001
2025-01-11 07:00:00-06:00,0.3,0.002,0.012,0.014,0.014,1.0,0.001
2025-01-11 08:00:00-06:00,0.3,0.005,0.017,0.021,0.013,,0.001
2025-01-11 09:00:00-06:00,0.6,0.018,0.021,0.039,0.009,4.0,0.002
2025-01-11 10:00:00-06:00,0.4,0.007,0.012,0.019,0.018,1.0,0.001
2025-01-11 11:00:00-06:00,0.3,0.004,0.008,0.012,0.022,8.0,0.001
2025-01-11 12:00:00-06:00,0.2,0.003,0.004,0.007,0.026,,0.001
2025-01-11 13:00:00-06:00,0.2,0.001,0.003,0.003,0.026,,0.001
2025-01-11 14:00:00-06:00,0.2,0.002,0.005,0.006,0.023,6.0,0.001
2025-01-11 15:00:00-06:00,0.2,0.0,0.002,0.002,0.027,6.0,0.001
2025-01-11 16:00:00-06:00,0.2,0.0,0.003,0.002,0.027,,0.001
2025-01-11 17:00:00-06:00,0.2,0.0,0.003,0.003,0.028,3.0,0.001
2025-01-11 18:00:00-06:00,0.2,0.0,0.003,0.002,0.029,,0.001
2025-01-11 19:00:00-06:00,0.3,0.001,0.008,0.009,0.021,3.0,0.001
2025-01-11 20:00:00-06:00,0.5,0.005,0.019,0.024,0.009,4.0,0.001
2025-01-11 21:00:00-06:00,0.6,0.006,0.02,0.026,0.01,5.0,0.001
2025-01-11 22:00:00-06:00,0.4,0.003,0.013,0.015,0.017,2.0,0.001
2025-01-11 23:00:00-06:00,0.4,0.002,0.016,0.018,0.012,5.0,0.001
2025-01-12 00:00:00-06:00,0.6,0.009,0.021,0.03,0.005,1.0,0.001
2025-01-12 01:00:00-06:00,1.1,0.031,0.023,0.054,0.002,,0.002
2025-01-12 02:00:00-06:00,0.8,0.015,0.023,0.038,0.001,1.0,0.002
2025-01-12 03:00:00-06:00,0.7,0.005,0.021,0.026,0.002,4.0,0.001
2025-01-12 04:00:00-06:00,0.6,0.005,0.02,0.025,0.004,6.0,0.001
2025-01-12 05:00:00-06:00,0.3,0.0,0.009,0.008,0.015,7.0,0.001
2025-01-12 06:00:00-06:00,0.3,0.0,0.008,0.008,0.016,4.0,0.001
2025-01-12 08:00:00-06:00,0.4,0.005,0.017,0.022,0.006,,0.001
2025-01-12 09:00:00-06:00,0.6,0.009,0.019,0.028,0.007,1.0,0.001
2025-01-12 10:00:00-06:00,0.4,0.005,0.013,0.018,0.016,5.0,0.001
2025-01-12 11:00:00-06:00,0.5,0.008,0.015,0.023,0.013,3.0,0.001
2025-01-12 12:00:00-06:00,0.6,0.011,0.018,0.03,0.014,2.0,0.002
2025-01-12 13:00:00-06:00,0.4,0.007,0.011,0.018,0.024,6.0,0.001
2025-01-12 14:00:00-06:00,0.4,0.003,0.009,0.012,0.031,1.0,0.001
2025-01-12 15:00:00-06:00,0.3,0.002,0.008,0.01,0.03,3.0,0.001
2025-01-12 16:00:00-06:00,0.3,0.002,0.008,0.01,0.029,8.0,0.001
2025-01-12 17:00:00-06:00,0.4,0.002,0.01,0.012,0.027,5.0,0.001
2025-01-12 18:00:00-06:00,0.5,0.003,0.013,0.016,0.024,6.0,0.001
2025-01-12 19:00:00-06:00,0.6,0.002,0.018,0.02,0.016,3.0,0.001
2025-01-12 20:00:00-06:00,0.6,0.002,0.02,0.022,0.011,10.0,0.001
2025-01-12 21:00:00-06:00,0.7,0.004,0.023,0.027,0.004,7.0,0.001
2025-01-12 22:00:00-06:00,0.9,0.025,0.02,0.046,0.001,5.0,0.002
2025-01-12 23:00:00-06:00,1.2,0.044,0.017,0.062,0.001,7.0,0.002
2025-01-13 00:00:00-06:00,1.3,0.053,0.016,0.069,0.001,5.0,0.002
2025-01-13 01:00:00-06:00,1.0,0.034,0.016,0.05,0.002,,0.002
2025-01-13 02:00:00-06:00,0.7,0.023,0.016,0.039,0.002,14.0,0.002
2025-01-13 03:00:00-06:00,0.7,0.019,0.015,0.034,0.002,5.0,0.002
2025-01-13 04:00:00-06:00,0.8,0.037,0.012,0.049,0.002,7.0,0.002
2025-01-13 05:00:00-06:00,0.5,0.016,0.011,0.027,0.003,4.0,0.001
2025-01-13 06:00:00-06:00,0.4,0.012,0.011,0.023,0.002,6.0,0.001
2025-01-13 07:00:00-06:00,0.8,0.041,0.012,0.053,0.002,5.0,0.002
2025-01-13 08:00:00-06:00,1.4,0.107,0.012,0.12,0.002,7.0,0.003
2025-01-13 09:00:00-06:00,2.0,0.144,0.021,0.165,0.003,8.0,0.004
2025-01-13 10:00:00-06:00,1.4,0.07,0.033,0.103,0.007,13.0,0.003
2025-01-13 11:00:00-06:00,1.2,0.033,0.036,0.069,0.023,13.0,0.002
2025-01-13 12:00:00-06:00,1.0,0.019,0.035,0.054,0.039,15.0,0.002
2025-01-13 13:00:00-06:00,1.1,0.012,0.04,0.052,0.062,15.0,0.002
2025-01-13 14:00:00-06:00,1.0,0.009,0.041,0.05,0.073,21.0,0.002
2025-01-13 15:00:00-06:00,0.8,0.004,0.028,0.032,0.091,20.0,0.002
2025-01-13 16:00:00-06:00,0.5,0.002,0.015,0.017,0.071,18.0,0.001
2025-01-13 17:00:00-06:00,0.4,0.002,0.015,0.017,0.059,12.0,0.001
2025-01-13 18:00:00-06:00,0.3,0.002,0.012,0.014,0.039,4.0,0.001
2025-01-13 19:00:00-06:00,0.6,0.005,0.032,0.037,0.018,6.0,0.001
2025-01-13 20:00:00-06:00,0.9,0.006,0.04,0.046,0.008,9.0,0.001
2025-01-13 21:00:00-06:00,1.2,0.012,0.046,0.058,0.003,6.0,0.002
2025-01-13 22:00:00-06:00,0.9,0.017,0.035,0.051,0.002,11.0,0.002
2025-01-13 23:00:00-06:00,0.7,0.018,0.029,0.048,0.002,8.0,0.002
2025-01-14 00:00:00-06:00,0.6,0.007,0.026,0.033,0.003,3.0,0.002
2025-01-14 01:00:00-06:00,0.7,0.022,0.026,0.048,0.002,,0.002
2025-01-14 02:00:00-06:00,0.7,0.021,0.025,0.045,0.002,,0.002
2025-01-14 03:00:00-06:00,0.4,0.001,0.02,0.021,0.008,4.0,0.002
2025-01-14 04:00:00-06:00,0.4,0.002,0.02,0.022,0.005,5.0,0.002
2025-01-14 06:00:00-06:00,0.4,0.006,0.019,0.025,0.002,9.0,0.001
2025-01-14 07:00:00-06:00,0.7,0.041,0.02,0.061,0.002,6.0,0.002
2025-01-14 08:00:00-06:00,1.4,0.119,0.022,0.141,0.002,7.0,0.004
2025-01-14 09:00:00-06:00,1.6,0.107,0.028,0.135,0.003,11.0,0.004
2025-01-14 10:00:00-06:00,1.4,0.058,0.037,0.095,0.009,15.0,0.003
2025-01-14 11:00:00-06:00,1.7,0.055,0.058,0.112,0.02,15.0,0.004
2025-01-14 12:00:00-06:00,1.6,0.033,0.072,0.105,0.039,21.0,0.004
2025-01-14 13:00:00-06:00,1.3,0.019,0.065,0.084,0.061,34.0,0.004
2025-01-14 14:00:00-06:00,1.1,0.012,0.053,0.064,0.069,41.0,0.004
2025-01-14 15:00:00-06:00,1.1,0.007,0.052,0.059,0.062,35.0,0.004
2025-01-14 16:00:00-06:00,1.2,0.008,0.053,0.062,0.047,28.0,0.003
2025-01-14 17:00:00-06:00,1.3,0.008,0.054,0.062,0.04,28.0,0.003
2025-01-14 18:00:00-06:00,1.1,0.003,0.051,0.053,0.051,29.0,0.003
2025-01-14 19:00:00-06:00,0.8,0.002,0.036,0.038,0.015,15.0,0.004
2025-01-14 20:00:00-06:00,1.3,0.018,0.05,0.068,0.003,14.0,0.004
2025-01-14 21:00:00-06:00,0.8,0.002,0.034,0.036,0.023,10.0,0.002
2025-01-14 22:00:00-06:00,0.7,0.001,0.029,0.03,0.021,13.0,0.005
2025-01-14 23:00:00-06:00,0.6,0.0,0.024,0.024,0.022,12.0,0.022
2025-01-15 00:00:00-06:00,0.5,0.0,0.02,0.02,0.022,16.0,0.01
2025-01-15 01:00:00-06:00,0.5,0.0,0.016,0.016,0.022,,0.009
2025-01-15 02:00:00-06:00,0.5,0.0,0.015,0.015,0.02,14.0,0.008
2025-01-15 03:00:00-06:00,0.5,0.001,0.016,0.017,0.009,12.0,0.004
2025-01-15 04:00:00-06:00,0.5,0.006,0.019,0.024,0.002,13.0,0.002
2025-01-15 05:00:00-06:00,0.5,0.009,0.017,0.026,0.002,15.0,0.002
2025-01-15 06:00:00-06:00,0.5,0.011,0.015,0.026,0.002,14.0,0.002
2025-01-15 07:00:00-06:00,0.6,0.036,0.014,0.051,0.001,17.0,0.002
2025-01-15 08:00:00-06:00,1.3,0.114,0.015,0.129,0.002,19.0,0.004
2025-01-15 09:00:00-06:00,1.4,0.091,0.027,0.118,0.005,15.0,0.004
2025-01-15 10:00:00-06:00,1.1,0.028,0.034,0.062,0.019,19.0,0.006
2025-01-15 11:00:00-06:00,1.2,0.023,0.04,0.063,0.031,24.0,0.006
2025-01-15 12:00:00-06:00,1.0,0.012,0.034,0.045,0.053,25.0,0.005
2025-01-15 13:00:00-06:00,0.8,0.005,0.025,0.03,0.072,30.0,0.005
2025-01-15 14:00:00-06:00,0.7,0.003,0.023,0.027,0.086,23.0,0.005
2025-01-15 15:00:00-06:00,0.6,0.002,0.021,0.023,0.087,25.0,0.004
2025-01-15 16:00:00-06:00,0.8,0.001,0.03,0.031,0.101,25.0,0.004
2025-01-15 17:00:00-06:00,0.6,0.001,0.026,0.027,0.07,22.0,0.003
2025-01-15 18:00:00-06:00,0.5,0.0,0.025,0.025,0.064,25.0,0.007
2025-01-15 19:00:00-06:00,0.7,0.0,0.037,0.037,0.031,15.0,0.009
2025-01-15 20:00:00-06:00,0.9,0.001,0.047,0.048,0.018,19.0,0.006
2025-01-15 21:00:00-06:00,0.6,0.0,0.024,0.024,0.03,17.0,0.002
2025-01-15 22:00:00-06:00,0.5,0.0,0.024,0.024,0.028,14.0,0.002
2025-01-16 00:00:00-06:00,0.6,0.0,0.026,0.027,0.021,5.0,0.002
2025-01-16 01:00:00-06:00,0.4,0.0,0.014,0.014,0.032,,0.002
2025-01-16 02:00:00-06:00,0.4,0.0,0.017,0.017,0.022,17.0,0.002
2025-01-16 03:00:00-06:00,0.4,0.0,0.017,0.018,0.016,12.0,0.001
2025-01-16 04:00:00-06:00,0.3,0.0,0.01,0.01,0.022,9.0,0.002
2025-01-16 05:00:00-06:00,0.2,0.0,0.009,0.009,0.021,6.0,0.001
2025-01-16 06:00:00-06:00,0.3,0.0,0.01,0.01,0.017,6.0,0.001
2025-01-16 07:00:00-06:00,0.5,0.022,0.023,0.046,0.003,4.0,0.002
2025-01-16 08:00:00-06:00,0.9,0.063,0.025,0.088,0.002,10.0,0.002
2025-01-16 09:00:00-06:00,1.6,0.094,0.035,0.129,0.004,10.0,0.006
2025-01-16 10:00:00-06:00,2.0,0.074,0.058,0.133,0.012,14.0,0.011
2025-01-16 12:00:00-06:00,1.2,0.019,0.048,0.067,0.048,33.0,0.01
2025-01-16 13:00:00-06:00,0.8,0.01,0.035,0.045,0.058,32.0,0.006
2025-01-16 15:00:00-06:00,0.6,0.003,0.022,0.026,0.074,19.0,0.003
2025-01-16 16:00:00-06:00,0.5,0.002,0.021,0.023,0.074,11.0,0.003
2025-01-16 17:00:00-06:00,0.4,0.001,0.015,0.016,0.072,14.0,0.002
2025-01-16 18:00:00-06:00,0.5,0.0,0.02,0.02,0.068,9.0,0.002
2025-01-16 19:00:00-06:00,0.8,0.001,0.035,0.036,0.05,9.0,0.003
2025-01-16 20:00:00-06:00,1.0,0.001,0.048,0.049,0.028,18.0,0.002
2025-01-16 21:00:00-06:00,1.1,0.002,0.055,0.057,0.018,13.0,0.002
2025-01-16 22:00:00-06:00,1.3,0.01,0.06,0.071,0.006,18.0,0.002
2025-01-16 23:00:00-06:00,1.1,0.009,0.052,0.061,0.008,15.0,0.003
2025-01-17 00:00:00-06:00,0.9,,,,,15.0,
2025-01-17 02:00:00-06:00,,,,,,16.0,
2025-01-17 03:00:00-06:00,,,,,,21.0,
2025-01-17 04:00:00-06:00,0.5,0.001,0.019,0.02,0.017,28.0,0.002
2025-01-17 05:00:00-06:00,0.4,0.001,0.019,0.02,0.009,22.0,0.002
2025-01-17 06:00:00-06:00,0.5,0.005,0.023,0.028,0.003,12.0,0.002
2025-01-17 07:00:00-06:00,0.7,0.023,0.026,0.049,0.001,14.0,0.002
2025-01-17 08:00:00-06:00,0.9,0.057,0.024,0.081,0.002,19.0,0.002
2025-01-17 09:00:00-06:00,1.3,0.087,0.031,0.117,0.005,14.0,0.004
2025-01-17 10:00:00-06:00,1.4,0.046,0.043,0.09,0.015,19.0,0.004
2025-01-17 11:00:00-06:00,0.9,0.017,0.035,0.052,0.038,22.0,0.004
2025-01-17 12:00:00-06:00,0.6,0.005,0.02,0.025,0.058,28.0,0.003
2025-01-17 13:00:00-06:00,0.5,0.002,0.014,0.016,0.071,18.0,0.002
2025-01-17 14:00:00-06:00,0.5,0.001,0.015,0.016,0.09,16.0,0.002
2025-01-17 15:00:00-06:00,0.6,0.001,0.018,0.019,0.105,17.0,0.003
2025-01-17 16:00:00-06:00,0.6,0.0,0.018,0.019,0.108,19.0,0.002
2025-01-17 17:00:00-06:00,0.5,0.001,0.018,0.019,0.081,23.0,0.002
2025-01-17 18:00:00-06:00,0.4,0.0,0.014,0.014,0.062,20.0,0.002
2025-01-17 19:00:00-06:00,0.4,,0.015,0.015,0.053,18.0,0.002
2025-01-17 20:00:00-06:00,0.8,0.002,0.036,0.038,0.026,13.0,0.002
2025-01-17 21:00:00-06:00,1.1,0.002,0.042,0.045,0.019,16.0,0.002
2025-01-17 22:00:00-06:00,1.0,0.002,0.039,0.041,0.022,20.0,0.002
2025-01-17 23:00:00-06:00,1.2,0.025,0.047,0.072,0.007,19.0,0.002
2025-01-18 00:00:00-06:00,0.9,0.012,0.036,0.048,0.006,22.0,0.002
2025-01-18 01:00:00-06:00,0.9,0.004,0.04,0.043,0.004,,0.002
2025-01-18 02:00:00-06:00,1.2,0.029,0.039,0.068,0.002,12.0,0.002
2025-01-18 03:00:00-06:00,1.1,0.027,0.036,0.063,0.001,20.0,0.002
2025-01-18 04:00:00-06:00,0.8,0.013,0.03,0.043,0.002,24.0,0.002
2025-01-18 05:00:00-06:00,0.7,0.009,0.028,0.036,0.002,18.0,0.001
2025-01-18 06:00:00-06:00,0.8,0.019,0.027,0.047,0.002,15.0,0.002
2025-01-18 07:00:00-06:00,0.8,0.021,0.026,0.047,0.002,19.0,0.002
2025-01-18 08:00:00-06:00,0.8,0.034,0.025,0.059,0.002,19.0,0.002
2025-01-18 09:00:00-06:00,1.0,0.045,0.029,0.074,0.005,18.0,0.002
2025-01-18 10:00:00-06:00,1.3,0.052,0.04,0.092,0.013,15.0,0.003
2025-01-18 11:00:00-06:00,0.7,0.012,0.027,0.038,0.039,18.0,0.002
2025-01-18 12:00:00-06:00,0.5,0.004,0.017,0.02,0.062,25.0,0.002
2025-01-18 13:00:00-06:00,0.5,0.002,0.014,0.016,0.074,26.0,0.002
2025-01-18 14:00:00-06:00,0.4,0.001,0.008,0.009,0.073,22.0,0.002
2025-01-18 15:00:00-06:00,0.3,0.0,0.006,0.006,0.068,,
2025-01-18 16:00:00-06:00,0.2,0.0,0.005,0.005,0.061,,
2025-01-18 17:00:00-06:00,0.2,0.0,0.003,0.003,0.056,,
2025-01-18 18:00:00-06:00,0.2,0.0,0.006,0.006,0.059,,
2025-01-18 19:00:00-06:00,0.4,0.0,0.016,0.015,0.047,,
2025-01-18 20:00:00-06:00,0.8,0.001,0.036,0.037,0.022,,
2025-01-18 21:00:00-06:00,0.8,0.001,0.033,0.034,0.022,,
2025-01-18 22:00:00-06:00,0.8,0.002,0.034,0.036,0.013,,
2025-01-18 23:00:00-06:00,0.6,0.001,0.025,0.026,0.016,,
2025-01-19 00:00:00-06:00,0.8,0.005,0.03,0.035,0.007,,
2025-01-19 01:00:00-06:00,1.1,0.022,0.038,0.06,0.002,,
2025-01-19 02:00:00-06:00,0.9,0.017,0.031,0.048,0.002,,
2025-01-19 03:00:00-06:00,0.7,0.004,0.028,0.032,0.004,,
2025-01-21 02:00:00-06:00,,0.001,,,,,
2025-01-21 03:00:00-06:00,,0.0,,,,,
2025-01-21 04:00:00-06:00,,0.0,,,,,
2025-01-21 05:00:00-06:00,,0.001,,,,,
2025-01-21 06:00:00-06:00,,0.0,,,,,
2025-01-21 07:00:00-06:00,,0.005,,,,,
2025-01-21 08:00:00-06:00,,0.02,,,,,
2025-01-21 09:00:00-06:00,,0.049,,,,,
2025-01-21 11:00:00-06:00,,0.015,0.03,0.045,0.037,13.0,0.002
2025-01-21 12:00:00-06:00,,0.01,0.025,0.035,0.05,20.0,0.002
2025-01-21 13:00:00-06:00,,0.005,0.019,0.025,0.059,13.0,0.002
2025-01-21 14:00:00-06:00,,0.001,0.009,0.01,0.066,13.0,0.002
2025-01-21 15:00:00-06:00,,0.001,0.009,0.009,0.075,10.0,0.002
2025-01-21 16:00:00-06:00,,0.001,0.012,0.013,0.075,9.0,0.002
2025-01-21 17:00:00-06:00,,0.0,0.008,0.008,0.061,12.0,0.002
2025-01-21 18:00:00-06:00,,0.0,0.007,0.007,0.052,12.0,0.002
2025-01-21 19:00:00-06:00,,0.001,0.018,0.019,0.037,11.0,0.002
2025-01-21 20:00:00-06:00,,0.001,0.027,0.028,0.023,10.0,0.001
2025-01-21 21:00:00-06:00,,0.009,0.04,0.049,0.008,12.0,0.002
2025-01-21 22:00:00-06:00,,0.018,0.047,0.065,0.005,9.0,0.002
2025-01-21 23:00:00-06:00,,0.01,0.049,0.059,0.003,11.0,0.005
2025-01-22 00:00:00-06:00,,0.011,0.046,0.057,0.002,12.0,0.015
2025-01-22 01:00:00-06:00,,0.031,0.04,0.071,0.002,,0.009
2025-01-22 02:00:00-06:00,,0.03,0.036,0.065,0.002,10.0,0.007
2025-01-22 03:00:00-06:00,,0.002,0.03,0.032,0.004,19.0,0.012
2025-01-22 04:00:00-06:00,,0.009,0.028,0.037,0.001,20.0,0.009
2025-01-22 05:00:00-06:00,,0.012,0.025,0.037,0.002,15.0,0.008
2025-01-22 06:00:00-06:00,,0.02,0.021,0.041,0.002,20.0,0.006
2025-01-22 07:00:00-06:00,,0.045,0.021,0.066,0.002,18.0,0.005
2025-01-22 08:00:00-06:00,,0.088,0.021,0.108,0.002,17.0,0.005
2025-01-22 09:00:00-06:00,,0.11,0.032,0.142,0.004,18.0,0.009
2025-01-22 10:00:00-06:00,,0.068,0.045,0.113,0.014,21.0,0.01
2025-01-22 11:00:00-06:00,,0.024,0.038,0.062,0.033,27.0,0.008
2025-01-22 16:00:00-06:00,,0.002,0.019,0.021,0.092,23.0,
2025-01-22 17:00:00-06:00,,0.002,0.016,0.018,0.072,18.0,
2025-01-22 18:00:00-06:00,,0.002,0.019,0.021,0.062,13.0,
2025-01-22 19:00:00-06:00,,0.001,0.027,0.027,0.053,14.0,
2025-01-22 20:00:00-06:00,,0.0,0.028,0.028,0.036,14.0,
2025-01-22 21:00:00-06:00,,0.002,0.025,0.026,0.027,17.0,
2025-01-22 23:00:00-06:00,,0.001,0.033,0.034,0.018,15.0,
2025-01-23 02:00:00-06:00,,,,,,25.0,
2025-01-23 03:00:00-06:00,,,,,,25.0,
2025-01-23 04:00:00-06:00,,0.02,0.03,0.05,0.002,20.0,
2025-01-23 05:00:00-06:00,,0.009,0.027,0.036,0.003,18.0,
2025-01-23 06:00:00-06:00,,0.003,0.021,0.023,0.007,19.0,
2025-01-23 08:00:00-06:00,,0.086,0.032,0.118,0.002,19.0,
2025-01-23 09:00:00-06:00,,0.123,0.04,0.163,0.005,22.0,
2025-01-23 10:00:00-06:00,,0.036,0.045,0.081,0.019,21.0,
2025-01-23 11:00:00-06:00,,0.025,0.05,0.075,0.036,25.0,
2025-01-23 12:00:00-06:00,1.2,0.014,0.05,0.064,0.062,33.0,0.003
2025-01-23 13:00:00-06:00,0.8,0.006,0.03,0.036,0.081,33.0,0.003
2025-01-23 14:00:00-06:00,0.7,0.003,0.023,0.025,0.087,37.0,0.003
2025-01-23 15:00:00-06:00,0.6,0.001,0.017,0.018,0.092,23.0,0.002
2025-01-23 16:00:00-06:00,0.6,0.001,0.016,0.016,0.096,18.0,0.002
2025-01-23 17:00:00-06:00,0.5,0.001,0.016,0.016,0.082,16.0,0.002
2025-01-23 18:00:00-06:00,0.5,0.001,0.015,0.016,0.07,20.0,0.001
2025-01-23 19:00:00-06:00,0.5,0.0,0.02,0.02,0.06,16.0,0.001
2025-01-23 20:00:00-06:00,0.8,0.0,0.032,0.032,0.043,12.0,0.001
2025-01-23 21:00:00-06:00,1.0,0.006,0.048,0.054,0.02,12.0,0.001
2025-01-23 22:00:00-06:00,1.4,0.007,0.061,0.067,0.008,14.0,0.001
2025-01-23 23:00:00-06:00,1.4,0.012,0.056,0.069,0.005,17.0,0.001
2025-01-24 00:00:00-06:00,1.4,0.029,0.053,0.082,0.002,20.0,0.001
2025-01-24 01:00:00-06:00,0.9,0.003,0.038,0.041,0.013,,0.001
2025-01-24 02:00:00-06:00,0.7,0.0,0.03,0.03,0.022,20.0,0.001
2025-01-24 03:00:00-06:00,0.6,0.0,0.023,0.024,0.023,13.0,0.001
2025-01-24 04:00:00-06:00,0.5,0.001,0.018,0.019,0.022,14.0,0.001
2025-01-24 05:00:00-06:00,0.5,0.002,0.019,0.021,0.016,16.0,0.001
2025-01-24 06:00:00-06:00,0.7,0.006,0.033,0.039,0.004,16.0,0.004
2025-01-24 07:00:00-06:00,1.0,0.022,0.036,0.059,0.001,21.0,0.013
2025-01-24 08:00:00-06:00,1.4,0.07,0.033,0.103,0.002,23.0,0.014
2025-01-24 09:00:00-06:00,1.6,0.059,0.038,0.097,0.006,25.0,0.024
2025-01-24 10:00:00-06:00,1.7,0.05,0.046,0.096,0.012,33.0,0.022
2025-01-24 11:00:00-06:00,1.2,0.033,0.041,0.074,0.023,40.0,0.015
2025-01-24 12:00:00-06:00,1.0,0.018,0.039,0.057,0.039,42.0,0.012
2025-01-24 13:00:00-06:00,0.8,0.01,0.03,0.04,0.056,44.0,0.009
2025-01-24 14:00:00-06:00,0.8,0.005,0.025,0.03,0.074,36.0,0.008
2025-01-24 15:00:00-06:00,0.6,0.003,0.02,0.023,0.084,32.0,0.006
2025-01-24 16:00:00-06:00,0.7,0.003,0.026,0.029,0.095,28.0,0.006
2025-01-24 17:00:00-06:00,0.6,0.001,0.021,0.022,0.092,32.0,0.003
2025-01-24 18:00:00-06:00,0.6,0.0,0.022,0.022,0.086,27.0,0.003
2025-01-24 21:00:00-06:00,0.7,0.0,0.027,0.027,0.032,21.0,0.015
2025-01-24 22:00:00-06:00,0.6,0.0,0.022,0.022,0.026,16.0,0.012
2025-01-24 23:00:00-06:00,0.7,0.001,0.027,0.027,0.017,14.0,0.016
2025-01-25 00:00:00-06:00,0.7,0.001,0.03,0.031,0.009,7.0,0.014
2025-01-25 01:00:00-06:00,0.7,0.001,0.031,0.033,0.007,,0.008
2025-01-25 02:00:00-06:00,0.5,0.001,0.022,0.023,0.014,18.0,0.008
2025-01-25 03:00:00-06:00,0.5,0.001,0.021,0.022,0.013,12.0,0.012
2025-01-25 04:00:00-06:00,0.5,0.001,0.022,0.023,0.008,12.0,0.01
2025-01-25 05:00:00-06:00,0.6,0.009,0.024,0.033,0.002,14.0,0.004
2025-01-25 06:00:00-06:00,0.7,0.016,0.026,0.042,0.002,14.0,0.003
2025-01-25 08:00:00-06:00,0.9,0.062,0.021,0.082,0.002,21.0,0.003
2025-01-25 09:00:00-06:00,1.1,0.049,0.028,0.077,0.006,16.0,0.006
2025-01-25 10:00:00-06:00,0.9,0.023,0.031,0.053,0.02,15.0,0.008
2025-01-25 11:00:00-06:00,1.0,0.02,0.037,0.057,0.031,24.0,0.007
2025-01-25 12:00:00-06:00,1.1,0.016,0.042,0.058,0.047,26.0,0.007
2025-01-25 13:00:00-06:00,1.0,0.009,0.037,0.046,0.068,27.0,0.007
2025-01-25 14:00:00-06:00,0.6,0.002,0.019,0.021,0.087,35.0,0.005
2025-01-25 15:00:00-06:00,0.6,0.001,0.017,0.018,0.101,31.0,0.004
2025-01-25 16:00:00-06:00,0.5,0.001,0.015,0.015,0.109,28.0,0.004
2025-01-25 17:00:00-06:00,0.5,0.0,0.014,0.014,0.1,32.0,0.003
2025-01-25 18:00:00-06:00,0.4,0.0,0.014,0.014,0.093,25.0,0.003
2025-01-25 19:00:00-06:00,0.6,0.0,0.018,0.018,0.086,25.0,0.002
2025-01-25 20:00:00-06:00,0.9,0.0,0.032,0.032,0.064,25.0,0.002
2025-01-25 22:00:00-06:00,0.9,0.0,0.036,0.036,0.046,25.0,0.002
2025-01-25 23:00:00-06:00,1.0,0.001,0.043,0.043,0.026,29.0,0.003
2025-01-26 00:00:00-06:00,0.7,0.0,0.027,0.028,0.031,26.0,0.004
2025-01-26 01:00:00-06:00,0.7,0.0,0.023,0.023,0.03,,0.002
2025-01-26 02:00:00-06:00,0.6,0.0,0.017,0.017,0.032,15.0,0.001
2025-01-26 03:00:00-06:00,0.5,0.0,0.013,0.013,0.031,17.0,0.001
2025-01-26 04:00:00-06:00,0.6,0.001,0.023,0.024,0.017,16.0,0.001
2025-01-26 05:00:00-06:00,0.6,0.001,0.026,0.027,0.012,16.0,0.001
2025-01-26 06:00:00-06:00,0.5,0.001,0.02,0.022,0.015,17.0,0.001
2025-01-26 07:00:00-06:00,0.7,0.005,0.031,0.036,0.003,18.0,0.001
2025-01-26 08:00:00-06:00,0.8,0.013,0.03,0.043,0.004,17.0,0.001
2025-01-26 09:00:00-06:00,1.2,0.041,0.036,0.077,0.009,17.0,0.002
2025-01-26 10:00:00-06:00,0.9,0.017,0.033,0.05,0.028,20.0,0.001
2025-01-26 11:00:00-06:00,0.9,0.01,0.029,0.039,0.048,21.0,0.001
2025-01-26 12:00:00-06:00,0.7,0.006,0.024,0.029,0.066,22.0,0.001
2025-01-26 13:00:00-06:00,0.5,0.002,0.015,0.018,0.08,21.0,0.002
2025-01-26 14:00:00-06:00,0.4,0.001,0.011,0.012,0.087,22.0,0.002
2025-01-26 15:00:00-06:00,0.3,0.0,0.008,0.009,0.092,15.0,0.002
2025-01-26 16:00:00-06:00,0.3,0.0,0.008,0.008,0.091,16.0,0.002
2025-01-26 17:00:00-06:00,0.3,0.0,0.008,0.008,0.086,12.0,0.002
2025-01-26 18:00:00-06:00,0.3,0.0,0.01,0.01,0.092,16.0,0.002
2025-01-26 19:00:00-06:00,0.5,0.0,0.017,0.017,0.076,17.0,0.002
2025-01-26 20:00:00-06:00,0.7,0.0,0.03,0.03,0.051,20.0,0.002
2025-01-26 21:00:00-06:00,0.5,0.0,0.02,0.02,0.039,17.0,0.001
2025-01-26 22:00:00-06:00,0.5,0.0,0.022,0.022,0.031,15.0,0.001
2025-01-26 23:00:00-06:00,0.7,0.0,0.032,0.032,0.019,12.0,0.002
2025-01-27 00:00:00-06:00,0.6,0.0,0.022,0.022,0.023,10.0,0.001
2025-01-27 02:00:00-06:00,0.4,0.0,0.016,0.016,0.022,9.0,0.001
2025-01-27 03:00:00-06:00,0.3,0.0,0.014,0.014,0.022,7.0,0.001
2025-01-27 04:00:00-06:00,0.3,0.0,0.015,0.015,0.017,9.0,0.0
2025-01-27 05:00:00-06:00,0.3,0.0,0.015,0.016,0.016,10.0,0.0
2025-01-27 06:00:00-06:00,0.3,0.001,0.018,0.019,0.011,8.0,0.0
2025-01-27 07:00:00-06:00,0.7,0.021,0.03,0.05,0.002,12.0,0.001
2025-01-27 08:00:00-06:00,1.6,0.139,0.03,0.169,0.002,11.0,0.003
2025-01-27 09:00:00-06:00,1.8,0.114,0.041,0.155,0.006,14.0,0.003
2025-01-27 11:00:00-06:00,0.9,0.015,0.032,0.047,0.041,20.0,0.001
2025-01-27 12:00:00-06:00,0.7,0.007,0.023,0.03,0.06,24.0,0.001
2025-01-27 13:00:00-06:00,0.8,0.006,0.026,0.031,0.074,21.0,0.001
2025-01-27 14:00:00-06:00,0.6,0.004,0.021,0.025,0.077,17.0,0.001
2025-01-27 15:00:00-06:00,0.6,0.003,0.022,0.025,0.088,16.0,0.001
2025-01-27 16:00:00-06:00,0.5,0.001,0.015,0.016,0.088,14.0,0.003
2025-01-27 17:00:00-06:00,0.5,0.001,0.019,0.02,0.098,15.0,0.007
2025-01-27 18:00:00-06:00,0.5,0.0,0.02,0.021,0.094,16.0,0.01
2025-01-27 19:00:00-06:00,0.8,0.0,0.04,0.04,0.062,20.0,0.007
2025-01-27 20:00:00-06:00,1.0,0.001,0.045,0.046,0.051,21.0,0.005
2025-01-27 21:00:00-06:00,1.3,0.002,0.064,0.066,0.027,24.0,0.004
2025-01-27 22:00:00-06:00,0.9,0.001,0.048,0.049,0.027,17.0,0.004
2025-01-27 23:00:00-06:00,0.6,0.0,0.028,0.028,0.033,23.0,0.005
2025-01-28 00:00:00-06:00,0.7,0.0,0.031,0.031,0.023,16.0,0.003
2025-01-28 01:00:00-06:00,0.6,0.0,0.02,0.021,0.03,,0.002
2025-01-28 02:00:00-06:00,0.5,0.0,0.012,0.012,0.039,19.0,0.002
2025-01-28 03:00:00-06:00,0.6,0.001,0.028,0.029,0.016,17.0,0.001
2025-01-28 04:00:00-06:00,0.6,0.002,0.037,0.039,0.006,15.0,0.001
2025-01-28 05:00:00-06:00,0.5,0.001,0.026,0.027,0.012,15.0,0.001
2025-01-28 06:00:00-06:00,0.5,0.003,0.029,0.032,0.005,18.0,0.001
2025-01-28 07:00:00-06:00,0.7,0.024,0.033,0.057,0.002,11.0,0.001
2025-01-28 08:00:00-06:00,1.6,0.141,0.035,0.176,0.002,13.0,0.003
2025-01-28 09:00:00-06:00,2.6,0.198,0.047,0.245,0.003,19.0,0.004
2025-01-28 10:00:00-06:00,1.7,0.055,0.051,0.106,0.018,26.0,0.002
2025-01-28 11:00:00-06:00,1.0,0.014,0.032,0.046,0.04,32.0,0.003
2025-01-28 12:00:00-06:00,0.8,0.006,0.022,0.028,0.063,27.0,0.002
2025-01-28 13:00:00-06:00,0.6,0.003,0.017,0.02,0.083,22.0,0.002
2025-01-28 15:00:00-06:00,0.6,0.001,0.015,0.015,0.116,19.0,0.003
2025-01-28 16:00:00-06:00,0.5,0.001,0.012,0.012,0.089,24.0,0.002
2025-01-28 17:00:00-06:00,0.4,0.001,0.013,0.014,0.077,16.0,0.002
2025-01-28 18:00:00-06:00,0.4,0.001,0.017,0.017,0.074,11.0,0.002
2025-01-28 19:00:00-06:00,0.6,0.001,0.029,0.03,0.051,20.0,0.002
2025-01-28 20:00:00-06:00,0.8,0.002,0.042,0.044,0.028,22.0,0.001
2025-01-28 21:00:00-06:00,1.0,0.008,0.053,0.061,0.016,24.0,0.001
2025-01-28 22:00:00-06:00,1.3,0.022,0.062,0.084,0.004,18.0,0.001
2025-01-28 23:00:00-06:00,1.7,0.054,0.063,0.117,0.002,16.0,0.002
2025-01-29 00:00:00-06:00,1.1,,,,,18.0,
2025-01-29 02:00:00-06:00,,,,,,28.0,
2025-01-29 04:00:00-06:00,0.7,0.003,0.031,0.034,0.006,12.0,0.001
2025-01-29 05:00:00-06:00,0.6,0.002,0.029,0.03,0.006,9.0,0.001
2025-01-29 06:00:00-06:00,0.6,0.007,0.032,0.038,0.002,13.0,0.001
2025-01-29 07:00:00-06:00,0.8,0.05,0.032,0.082,0.002,16.0,0.001
2025-01-29 08:00:00-06:00,1.7,0.168,0.036,0.205,0.002,10.0,0.003
2025-01-29 09:00:00-06:00,2.2,0.162,0.047,0.209,0.004,17.0,0.004
2025-01-29 10:00:00-06:00,1.7,0.055,0.052,0.106,0.02,17.0,0.002
2025-01-29 11:00:00-06:00,0.8,0.01,0.026,0.036,0.044,24.0,0.001
2025-01-29 12:00:00-06:00,0.7,0.007,0.022,0.029,0.055,18.0,0.001
2025-01-29 13:00:00-06:00,0.5,0.003,0.015,0.018,0.068,16.0,0.001
2025-01-29 14:00:00-06:00,0.5,0.002,0.013,0.014,0.079,10.0,0.001
2025-01-29 15:00:00-06:00,0.4,0.001,0.008,0.01,0.064,14.0,0.001
2025-01-29 16:00:00-06:00,0.4,0.002,0.009,0.011,0.063,8.0,0.001
2025-01-29 17:00:00-06:00,0.3,0.0,0.004,0.004,0.05,13.0,0.0
2025-01-29 18:00:00-06:00,0.2,0.0,0.005,0.005,0.049,10.0,0.0
2025-01-29 19:00:00-06:00,0.4,0.0,0.012,0.012,0.046,6.0,0.001
2025-01-29 20:00:00-06:00,0.4,0.0,0.013,0.013,0.042,9.0,0.001
2025-01-29 21:00:00-06:00,0.4,0.0,0.012,0.012,0.039,14.0,0.001
2025-01-29 22:00:00-06:00,0.4,0.0,0.014,0.013,0.032,11.0,0.0
2025-01-29 23:00:00-06:00,0.4,0.0,0.013,0.012,0.03,4.0,0.0
2025-01-30 00:00:00-06:00,0.2,0.0,0.005,0.004,0.038,4.0,0.0
2025-01-30 01:00:00-06:00,0.3,0.0,0.006,0.006,0.033,,0.0
2025-01-30 02:00:00-06:00,0.6,0.004,0.022,0.026,0.014,1.0,0.0
2025-01-30 03:00:00-06:00,0.8,0.008,0.033,0.04,0.003,2.0,0.001
2025-01-30 04:00:00-06:00,0.5,0.002,0.024,0.026,0.009,6.0,0.001
2025-01-30 05:00:00-06:00,0.4,0.002,0.02,0.022,0.007,9.0,0.0
2025-01-30 06:00:00-06:00,0.3,0.005,0.021,0.026,0.003,4.0,0.0
2025-01-30 07:00:00-06:00,0.6,0.021,0.027,0.048,0.002,8.0,0.001
2025-01-30 08:00:00-06:00,1.4,0.119,0.027,0.146,0.002,8.0,0.002
2025-01-30 09:00:00-06:00,1.5,0.095,0.036,0.131,0.006,10.0,0.002
2025-01-30 10:00:00-06:00,1.5,0.038,0.05,0.088,0.021,13.0,0.002
2025-01-30 11:00:00-06:00,1.6,0.03,0.058,0.087,0.036,19.0,0.002
2025-01-30 12:00:00-06:00,0.7,0.008,0.023,0.031,0.042,29.0,0.001
2025-01-30 13:00:00-06:00,0.3,0.003,0.005,0.008,0.037,23.0,0.0
2025-01-30 14:00:00-06:00,0.3,0.003,0.005,0.008,0.04,7.0,0.0
2025-01-30 15:00:00-06:00,0.3,0.001,0.004,0.006,0.044,5.0,0.0
2025-01-30 16:00:00-06:00,0.2,0.0,0.003,0.003,0.046,5.0,0.0
2025-01-30 17:00:00-06:00,0.3,0.0,0.005,0.005,0.051,3.0,0.0
2025-01-30 18:00:00-06:00,0.3,0.0,0.006,0.006,0.05,10.0,0.001
2025-01-30 19:00:00-06:00,0.3,0.0,0.008,0.008,0.045,17.0,0.0
2025-01-30 20:00:00-06:00,0.4,0.0,0.014,0.013,0.035,12.0,0.001
2025-01-30 21:00:00-06:00,0.4,0.0,0.016,0.016,0.027,11.0,0.0
2025-01-30 22:00:00-06:00,0.8,0.015,0.036,0.051,0.005,9.0,0.001
2025-01-30 23:00:00-06:00,1.1,0.035,0.038,0.074,0.002,8.0,0.001
2025-01-31 00:00:00-06:00,1.1,0.029,0.034,0.063,0.002,11.0,0.001
2025-01-31 01:00:00-06:00,1.0,0.026,0.031,0.057,0.002,,0.001
2025-01-31 02:00:00-06:00,0.8,0.016,0.031,0.047,0.002,9.0,0.001
2025-01-31 03:00:00-06:00,0.5,0.003,0.021,0.023,0.011,10.0,0.0
2025-01-31 13:00:00-06:00,1.0,0.009,0.04,0.05,0.072,22.0,0.002
2025-01-31 14:00:00-06:00,0.7,0.003,0.021,0.025,0.082,34.0,0.002
2025-01-31 15:00:00-06:00,0.5,0.001,0.012,0.014,0.08,18.0,0.001
2025-01-31 16:00:00-06:00,0.5,0.0,0.009,0.01,0.079,16.0,0.001
2025-01-31 18:00:00-06:00,0.3,0.001,0.01,0.011,0.057,14.0,0.0
2025-01-31 19:00:00-06:00,0.5,0.0,0.017,0.017,0.045,13.0,0.001
2025-01-31 20:00:00-06:00,0.6,0.0,0.022,0.022,0.026,14.0,0.001
2025-01-31 21:00:00-06:00,0.5,0.0,0.018,0.018,0.025,22.0,0.0
2025-01-31 22:00:00-06:00,0.5,0.0,0.018,0.018,0.023,12.0,0.002
2025-01-31 23:00:00-06:00,0.5,0.0,0.015,0.015,0.025,8.0,0.007
2025-02-01 00:00:00-06:00,0.5,0.0,0.014,0.014,0.024,7.0,0.005
2025-02-01 01:00:00-06:00,0.6,0.0,0.019,0.019,0.017,,0.005
2025-02-01 02:00:00-06:00,0.6,0.001,0.025,0.026,0.01,14.0,0.011
2025-02-01 03:00:00-06:00,0.6,0.001,0.02,0.021,0.014,17.0,0.013
2025-02-01 04:00:00-06:00,0.5,0.001,0.02,0.021,0.013,20.0,0.012
2025-02-01 05:00:00-06:00,0.5,0.001,0.022,0.023,0.011,20.0,0.011
2025-02-01 06:00:00-06:00,0.6,0.003,0.026,0.029,0.006,24.0,0.008
2025-02-01 07:00:00-06:00,0.7,0.008,0.031,0.038,0.001,21.0,0.008
2025-02-01 08:00:00-06:00,0.8,0.018,0.031,0.049,0.002,13.0,0.011
2025-02-01 09:00:00-06:00,0.9,0.031,0.031,0.062,0.007,21.0,0.013
2025-02-01 10:00:00-06:00,0.9,0.026,0.033,0.059,0.015,18.0,0.011
2025-02-01 11:00:00-06:00,1.0,0.022,0.036,0.057,0.026,23.0,0.01
2025-02-01 12:00:00-06:00,1.0,0.012,0.04,0.052,0.035,31.0,0.008
2025-02-01 13:00:00-06:00,0.8,0.007,0.028,0.035,0.059,34.0,0.006
2025-02-01 14:00:00-06:00,0.6,0.002,0.015,0.017,0.073,29.0,0.003
2025-02-01 15:00:00-06:00,0.5,0.001,0.01,0.011,0.077,26.0,0.002
2025-02-01 16:00:00-06:00,0.5,0.0,0.011,0.011,0.076,15.0,0.001
2025-02-01 17:00:00-06:00,0.5,0.0,0.013,0.013,0.068,19.0,0.002
2025-02-01 18:00:00-06:00,0.5,0.0,0.013,0.014,0.061,19.0,0.001
2025-02-01 19:00:00-06:00,0.4,0.0,0.011,0.011,0.052,18.0,0.001
2025-02-01 20:00:00-06:00,0.6,0.0,0.022,0.022,0.041,16.0,0.001
2025-02-01 21:00:00-06:00,0.8,0.001,0.034,0.035,0.031,11.0,0.002
2025-02-01 22:00:00-06:00,0.7,0.001,0.028,0.029,0.029,21.0,0.002
2025-02-01 23:00:00-06:00,0.6,0.0,0.02,0.02,0.028,18.0,0.002
2025-02-02 00:00:00-06:00,0.7,0.001,0.024,0.024,0.018,13.0,0.002
2025-02-02 01:00:00-06:00,0.8,0.001,0.025,0.026,0.01,,0.002
2025-02-02 02:00:00-06:00,0.9,0.004,0.027,0.031,0.005,14.0,0.002
2025-02-02 03:00:00-06:00,1.0,0.01,0.03,0.041,0.002,22.0,0.002
2025-02-02 04:00:00-06:00,0.7,0.002,0.021,0.023,0.01,22.0,0.002
2025-02-02 05:00:00-06:00,0.5,0.001,0.013,0.014,0.012,19.0,0.001
2025-02-02 06:00:00-06:00,0.5,0.002,0.016,0.018,0.007,17.0,0.001
2025-02-02 07:00:00-06:00,0.5,0.003,0.018,0.021,0.003,13.0,0.001
2025-02-02 08:00:00-06:00,0.7,0.017,0.019,0.036,0.002,16.0,0.001
2025-02-02 09:00:00-06:00,1.0,0.031,0.025,0.056,0.009,12.0,0.002
2025-02-02 10:00:00-06:00,0.9,0.016,0.03,0.046,0.028,12.0,0.002
2025-02-02 11:00:00-06:00,1.0,0.009,0.029,0.038,0.051,26.0,0.002
2025-02-02 12:00:00-06:00,0.7,0.004,0.019,0.023,0.064,29.0,0.001
2025-02-02 13:00:00-06:00,0.5,0.002,0.012,0.014,0.073,25.0,0.001
2025-02-02 14:00:00-06:00,0.5,0.001,0.013,0.015,0.079,15.0,0.001
2025-02-02 15:00:00-06:00,0.5,0.001,0.013,0.014,0.084,15.0,0.001
2025-02-02 16:00:00-06:00,0.6,0.0,0.015,0.015,0.082,20.0,0.001
2025-02-02 17:00:00-06:00,0.5,0.0,0.012,0.012,0.059,24.0,0.001
2025-02-03 06:00:00-06:00,0.5,0.002,0.012,0.013,0.007,13.0,0.0
2025-02-03 07:00:00-06:00,0.6,0.015,0.013,0.028,0.002,11.0,0.0
2025-02-03 08:00:00-06:00,0.8,0.033,0.016,0.049,0.002,11.0,0.001
2025-02-03 09:00:00-06:00,1.1,0.038,0.025,0.063,0.006,16.0,0.001
2025-02-03 10:00:00-06:00,1.4,0.035,0.045,0.079,0.02,7.0,0.001
2025-02-03 12:00:00-06:00,1.0,0.008,0.03,0.038,0.065,31.0,0.001
2025-02-03 13:00:00-06:00,0.6,0.003,0.015,0.019,0.068,23.0,0.001
2025-02-03 14:00:00-06:00,0.4,0.001,0.01,0.012,0.069,17.0,0.001
2025-02-03 15:00:00-06:00,0.4,0.001,0.009,0.01,0.085,12.0,0.001
2025-02-03 16:00:00-06:00,0.5,0.0,0.01,0.01,0.09,11.0,0.001
2025-02-03 17:00:00-06:00,0.5,0.0,0.012,0.012,0.072,17.0,0.001
2025-02-03 18:00:00-06:00,0.4,0.0,0.009,0.009,0.051,18.0,0.0
2025-02-03 19:00:00-06:00,0.4,0.0,0.009,0.009,0.039,4.0,0.0
2025-02-03 20:00:00-06:00,0.6,0.0,0.022,0.022,0.022,11.0,0.0
2025-02-03 21:00:00-06:00,0.8,0.007,0.037,0.044,0.008,7.0,0.001
2025-02-03 22:00:00-06:00,0.4,0.0,0.015,0.015,0.035,10.0,0.002
2025-02-03 23:00:00-06:00,0.4,0.0,0.01,0.01,0.038,8.0,0.001
2025-02-04 00:00:00-06:00,0.4,,,,,9.0,
2025-02-04 02:00:00-06:00,,,,,,7.0,
2025-02-04 03:00:00-06:00,,,,,,9.0,
2025-02-04 04:00:00-06:00,0.4,0.001,0.011,0.012,0.019,11.0,0.0
2025-02-04 05:00:00-06:00,0.3,0.0,0.01,0.01,0.014,7.0,0.0
2025-02-04 06:00:00-06:00,0.4,0.005,0.019,0.023,0.004,11.0,0.0
2025-02-04 07:00:00-06:00,0.6,0.03,0.021,0.05,0.001,12.0,0.001
2025-02-04 08:00:00-06:00,1.7,0.122,0.024,0.146,0.002,9.0,0.002
2025-02-04 09:00:00-06:00,1.4,0.079,0.032,0.111,0.006,17.0,0.002
2025-02-04 10:00:00-06:00,1.2,0.034,0.038,0.072,0.02,17.0,0.002
2025-02-04 11:00:00-06:00,0.9,0.014,0.027,0.042,0.039,20.0,0.002
2025-02-04 12:00:00-06:00,0.8,0.006,0.02,0.027,0.058,20.0,0.001
2025-02-04 13:00:00-06:00,0.6,0.005,0.018,0.024,0.059,16.0,0.001
2025-02-04 14:00:00-06:00,0.5,0.002,0.011,0.013,0.065,16.0,0.001
2025-02-04 15:00:00-06:00,0.4,0.001,0.01,0.011,0.076,12.0,0.001
2025-02-04 16:00:00-06:00,0.5,0.001,0.011,0.012,0.075,14.0,0.001
2025-02-04 17:00:00-06:00,0.4,0.001,0.01,0.01,0.056,10.0,0.0
2025-02-04 18:00:00-06:00,0.3,0.0,0.011,0.011,0.05,13.0,0.0
2025-02-04 19:00:00-06:00,0.6,0.003,0.032,0.034,0.031,6.0,0.0
2025-02-04 20:00:00-06:00,0.8,0.001,0.039,0.041,0.017,9.0,0.0
2025-02-04 21:00:00-06:00,0.8,0.001,0.038,0.039,0.033,6.0,0.001
2025-02-04 22:00:00-06:00,0.5,0.0,0.021,0.021,0.044,18.0,0.001
2025-02-04 23:00:00-06:00,0.5,0.0,0.016,0.016,0.044,15.0,0.003
2025-02-05 00:00:00-06:00,0.5,0.0,0.017,0.017,0.036,14.0,0.002
2025-02-05 01:00:00-06:00,0.5,0.0,0.021,0.021,0.027,,0.001
2025-02-05 02:00:00-06:00,0.5,0.001,0.023,0.024,0.02,20.0,0.001
2025-02-05 03:00:00-06:00,0.4,0.002,0.02,0.023,0.017,13.0,0.001
2025-02-05 04:00:00-06:00,0.4,0.001,0.014,0.015,0.017,12.0,0.0
2025-02-05 05:00:00-06:00,0.3,0.001,0.011,0.012,0.02,14.0,0.0
2025-02-05 06:00:00-06:00,0.4,0.001,0.015,0.016,0.015,14.0,0.0
2025-02-05 07:00:00-06:00,0.7,0.025,0.026,0.05,0.003,12.0,0.001
2025-02-05 08:00:00-06:00,1.7,0.127,0.029,0.156,0.002,14.0,0.002
2025-02-05 09:00:00-06:00,1.8,0.099,0.036,0.135,0.007,18.0,0.003
2025-02-05 10:00:00-06:00,1.5,0.039,0.046,0.085,0.018,20.0,0.003
2025-02-05 11:00:00-06:00,1.6,0.034,0.057,0.091,0.034,25.0,0.002
2025-02-05 12:00:00-06:00,1.3,0.013,0.048,0.061,0.065,,
2025-02-05 13:00:00-06:00,0.9,0.006,0.029,0.035,0.077,,
2025-02-05 14:00:00-06:00,0.7,0.004,0.023,0.027,0.087,,
2025-02-05 15:00:00-06:00,0.6,0.002,0.017,0.019,0.093,,
2025-02-05 16:00:00-06:00,0.6,0.001,0.017,0.018,0.104,,
2025-02-05 17:00:00-06:00,0.7,0.0,0.022,0.022,0.123,,
2025-02-05 18:00:00-06:00,0.6,0.0,0.021,0.021,0.102,,
2025-02-05 19:00:00-06:00,0.8,0.005,0.038,0.043,0.064,,
2025-02-05 20:00:00-06:00,0.9,0.001,0.035,0.036,0.05,,
2025-02-05 21:00:00-06:00,0.8,0.001,0.032,0.033,0.034,,
2025-02-05 22:00:00-06:00,1.1,0.006,0.049,0.054,0.016,,
2025-02-05 23:00:00-06:00,1.3,0.021,0.057,0.078,0.002,,
2025-02-06 00:00:00-06:00,0.8,0.003,0.037,0.04,0.018,,
2025-02-06 01:00:00-06:00,0.7,0.001,0.031,0.032,0.016,,
2025-02-06 02:00:00-06:00,0.7,0.001,0.027,0.028,0.013,,
2025-02-06 03:00:00-06:00,0.5,0.001,0.019,0.02,0.017,,
2025-02-08 18:00:00-06:00,0.5,0.0,0.016,0.016,0.102,25.0,0.002
2025-02-08 19:00:00-06:00,0.5,0.0,0.021,0.021,0.072,20.0,0.006
2025-02-08 20:00:00-06:00,0.7,0.0,0.034,0.035,0.039,21.0,0.008
2025-02-08 21:00:00-06:00,0.8,0.001,0.042,0.042,0.025,15.0,0.006
2025-02-08 22:00:00-06:00,0.6,0.0,0.026,0.026,0.035,18.0,0.003
2025-02-08 23:00:00-06:00,0.6,0.0,0.023,0.023,0.03,17.0,0.002
2025-02-09 00:00:00-06:00,0.7,0.001,0.027,0.027,0.022,10.0,0.002
2025-02-09 01:00:00-06:00,0.5,0.0,0.021,0.022,0.024,,0.001
2025-02-09 02:00:00-06:00,0.5,0.0,0.018,0.018,0.025,12.0,0.001
2025-02-09 03:00:00-06:00,0.5,0.0,0.014,0.015,0.027,11.0,0.001
2025-02-09 04:00:00-06:00,0.4,0.0,0.012,0.012,0.026,11.0,0.001
2025-02-09 05:00:00-06:00,0.5,0.001,0.023,0.024,0.011,12.0,0.001
2025-02-09 06:00:00-06:00,0.5,0.001,0.023,0.025,0.006,15.0,0.001
2025-02-09 07:00:00-06:00,0.6,0.002,0.025,0.028,0.004,11.0,0.0
2025-02-09 08:00:00-06:00,0.7,0.011,0.025,0.036,0.004,17.0,0.001
2025-02-09 09:00:00-06:00,0.8,0.021,0.03,0.051,0.015,18.0,0.001
2025-02-09 10:00:00-06:00,1.0,0.016,0.032,0.048,0.03,15.0,0.001
2025-02-09 11:00:00-06:00,0.6,0.006,0.019,0.025,0.049,18.0,0.001
2025-02-09 12:00:00-06:00,0.5,0.002,0.013,0.015,0.069,25.0,0.001
2025-02-09 13:00:00-06:00,0.3,0.001,0.007,0.007,0.074,20.0,0.001
2025-02-09 14:00:00-06:00,0.4,0.001,0.008,0.009,0.088,17.0,0.001
2025-02-09 15:00:00-06:00,0.4,0.0,0.009,0.009,0.1,13.0,0.001
2025-02-09 16:00:00-06:00,0.4,0.0,0.01,0.01,0.108,13.0,0.001
2025-02-09 17:00:00-06:00,0.4,0.0,0.011,0.011,0.118,19.0,0.002
2025-02-09 18:00:00-06:00,0.5,0.0,0.013,0.012,0.125,18.0,0.002
2025-02-09 19:00:00-06:00,0.7,0.0,0.019,0.019,0.088,23.0,0.001
2025-02-09 20:00:00-06:00,0.8,0.0,0.028,0.028,0.069,21.0,0.001
2025-02-09 21:00:00-06:00,0.9,0.001,0.035,0.036,0.043,21.0,0.001
2025-02-09 22:00:00-06:00,0.9,0.001,0.035,0.036,0.03,16.0,0.001
2025-02-09 23:00:00-06:00,1.1,0.004,0.045,0.049,0.012,16.0,0.001
2025-02-10 00:00:00-06:00,1.1,,,,,15.0,
2025-02-10 02:00:00-06:00,,,,,,11.0,
2025-02-10 03:00:00-06:00,,,,,,11.0,
2025-02-10 04:00:00-06:00,0.4,0.001,0.01,0.011,0.025,10.0,0.0
2025-02-10 05:00:00-06:00,0.3,0.0,0.011,0.011,0.022,6.0,0.0
2025-02-10 06:00:00-06:00,0.3,0.001,0.015,0.015,0.015,8.0,0.0
2025-02-10 07:00:00-06:00,0.6,0.021,0.027,0.048,0.005,8.0,0.001
2025-02-10 08:00:00-06:00,1.7,0.135,0.034,0.169,0.002,11.0,0.003
2025-02-10 09:00:00-06:00,1.7,0.092,0.045,0.137,0.006,14.0,0.002
2025-02-10 10:00:00-06:00,1.5,0.034,0.046,0.08,0.023,20.0,0.002
2025-02-10 11:00:00-06:00,0.9,0.012,0.03,0.042,0.045,22.0,0.001
2025-02-10 12:00:00-06:00,0.7,0.006,0.023,0.029,0.064,26.0,0.001
2025-02-10 13:00:00-06:00,0.5,0.002,0.012,0.014,0.075,24.0,0.001
2025-02-10 14:00:00-06:00,0.5,0.002,0.014,0.016,0.083,15.0,0.001
2025-02-10 15:00:00-06:00,0.5,0.001,0.012,0.013,0.084,17.0,0.001
2025-02-10 16:00:00-06:00,0.4,0.0,0.01,0.01,0.095,13.0,0.001
2025-02-10 17:00:00-06:00,0.5,0.0,0.011,0.011,0.102,14.0,0.001
2025-02-10 18:00:00-06:00,0.5,0.0,0.017,0.017,0.093,,
2025-02-10 19:00:00-06:00,0.9,0.0,0.038,0.038,0.061,,
2025-02-10 20:00:00-06:00,1.1,0.001,0.046,0.047,0.036,,
2025-02-10 21:00:00-06:00,1.2,0.009,0.059,0.068,0.017,,
2025-02-10 22:00:00-06:00,1.7,0.033,0.067,0.1,0.008,,
2025-02-10 23:00:00-06:00,0.9,0.001,0.039,0.04,0.036,,
2025-02-11 00:00:00-06:00,0.7,0.0,0.025,0.025,0.043,,
2025-02-11 01:00:00-06:00,0.8,0.008,0.039,0.047,0.022,,
2025-02-11 02:00:00-06:00,0.6,0.003,0.031,0.034,0.028,,
2025-02-11 03:00:00-06:00,0.6,0.003,0.032,0.035,0.023,,
2025-02-11 04:00:00-06:00,0.6,0.007,0.039,0.046,0.012,,
2025-02-11 05:00:00-06:00,0.6,0.017,0.042,0.059,0.007,,
2025-02-11 06:00:00-06:00,0.7,0.011,0.038,0.049,0.004,,
2025-02-11 07:00:00-06:00,0.9,0.032,0.036,0.068,0.003,,
2025-02-11 08:00:00-06:00,1.7,0.111,0.043,0.155,0.002,,
2025-02-11 09:00:00-06:00,1.8,0.067,0.046,0.113,0.007,,
2025-02-11 10:00:00-06:00,1.9,0.047,0.059,0.106,0.019,,
2025-02-11 12:00:00-06:00,0.8,0.005,0.022,0.027,0.064,27.0,0.001
2025-02-11 13:00:00-06:00,0.7,0.003,0.019,0.023,0.077,23.0,0.002
2025-02-11 14:00:00-06:00,0.7,0.001,0.02,0.021,0.086,20.0,0.002
2025-02-11 15:00:00-06:00,0.5,0.001,0.012,0.014,0.068,25.0,0.001
2025-02-11 16:00:00-06:00,0.6,0.001,0.015,0.016,0.092,16.0,0.001
2025-02-11 17:00:00-06:00,0.5,0.0,0.013,0.013,0.076,18.0,0.001
2025-02-11 18:00:00-06:00,0.7,0.002,0.025,0.027,0.052,24.0,0.001
2025-02-11 19:00:00-06:00,0.5,0.0,0.014,0.014,0.058,22.0,0.001
2025-02-11 20:00:00-06:00,0.5,0.0,0.013,0.013,0.052,19.0,0.001
2025-02-11 21:00:00-06:00,0.9,0.002,0.036,0.038,0.022,18.0,0.001
2025-02-11 22:00:00-06:00,1.6,0.042,0.053,0.095,0.003,16.0,0.001
2025-02-11 23:00:00-06:00,1.1,0.014,0.044,0.058,0.007,20.0,0.001
2025-02-12 00:00:00-06:00,0.7,0.001,0.025,0.027,0.02,16.0,0.001
2025-02-12 01:00:00-06:00,0.5,0.002,0.024,0.026,0.02,,0.001
2025-02-12 02:00:00-06:00,0.5,0.006,0.023,0.029,0.016,18.0,0.001
2025-02-12 03:00:00-06:00,0.6,0.004,0.027,0.031,0.011,16.0,0.001
2025-02-12 04:00:00-06:00,0.5,0.002,0.019,0.021,0.014,16.0,0.0
2025-02-12 05:00:00-06:00,0.4,0.003,0.02,0.022,0.013,16.0,0.001
2025-02-12 06:00:00-06:00,0.4,0.001,0.019,0.02,0.016,12.0,0.001
2025-02-12 07:00:00-06:00,0.6,0.022,0.033,0.055,0.006,15.0,0.001
2025-02-12 08:00:00-06:00,1.2,0.036,0.038,0.075,0.004,17.0,0.001
2025-02-12 09:00:00-06:00,2.0,0.099,0.047,0.146,0.007,14.0,0.003
2025-02-12 10:00:00-06:00,1.6,0.047,0.048,0.095,0.024,19.0,0.002
2025-02-12 11:00:00-06:00,0.7,0.006,0.018,0.024,0.051,28.0,0.001
2025-02-12 12:00:00-06:00,0.7,0.004,0.017,0.022,0.066,20.0,0.001
2025-02-12 13:00:00-06:00,0.5,0.002,0.011,0.013,0.071,17.0,0.001
2025-02-12 14:00:00-06:00,0.3,0.001,0.005,0.006,0.061,16.0,0.001
2025-02-12 15:00:00-06:00,0.3,0.0,0.004,0.004,0.059,14.0,0.001
2025-02-12 16:00:00-06:00,0.3,0.0,0.004,0.004,0.058,9.0,0.001
2025-02-12 17:00:00-06:00,0.3,0.0,0.004,0.004,0.054,11.0,0.001
2025-02-12 18:00:00-06:00,0.3,0.0,0.005,0.005,0.046,11.0,0.001
2025-02-12 19:00:00-06:00,0.3,0.0,0.01,0.01,0.038,10.0,0.0
2025-02-12 20:00:00-06:00,0.4,0.0,0.012,0.011,0.034,13.0,0.0
2025-02-12 21:00:00-06:00,0.7,0.022,0.028,0.05,0.015,13.0,0.001
2025-02-12 22:00:00-06:00,0.9,0.012,0.039,0.05,0.006,6.0,0.001
2025-02-12 23:00:00-06:00,0.7,0.003,0.03,0.034,0.011,9.0,0.001
2025-02-13 00:00:00-06:00,0.6,0.003,0.031,0.033,0.007,10.0,0.001
2025-02-13 01:00:00-06:00,0.7,0.011,0.033,0.043,0.003,,0.001
2025-02-13 02:00:00-06:00,0.5,0.004,0.025,0.029,0.007,,0.0
2025-02-13 03:00:00-06:00,0.4,0.006,0.023,0.029,0.01,7.0,0.0
2025-02-13 04:00:00-06:00,0.3,0.0,0.014,0.014,0.016,3.0,0.0
2025-02-13 05:00:00-06:00,0.3,0.007,0.017,0.024,0.015,6.0,0.0
2025-02-13 06:00:00-06:00,0.3,0.004,0.024,0.027,0.006,4.0,0.0
2025-02-13 07:00:00-06:00,0.6,0.039,0.027,0.067,0.002,8.0,0.001
2025-02-13 09:00:00-06:00,1.9,0.106,0.038,0.144,0.005,14.0,0.002
2025-02-13 10:00:00-06:00,1.3,0.041,0.037,0.078,0.018,16.0,0.001
2025-02-13 11:00:00-06:00,1.0,0.015,0.029,0.045,0.037,16.0,0.001
2025-02-13 12:00:00-06:00,0.9,0.009,0.029,0.038,0.056,16.0,0.001
2025-02-13 14:00:00-06:00,0.7,0.004,0.025,0.029,0.083,20.0,0.002
2025-02-13 15:00:00-06:00,0.5,0.001,0.014,0.015,0.091,17.0,0.002
2025-02-13 16:00:00-06:00,0.5,0.001,0.015,0.016,0.088,20.0,0.003
2025-02-13 17:00:00-06:00,0.4,0.0,0.013,0.013,0.076,16.0,0.002
2025-02-13 18:00:00-06:00,0.5,0.0,0.013,0.014,0.076,21.0,0.001
2025-02-13 19:00:00-06:00,0.5,0.0,0.02,0.02,0.06,16.0,0.001
2025-02-13 20:00:00-06:00,0.5,0.0,0.021,0.021,0.042,16.0,0.001
2025-02-13 21:00:00-06:00,0.6,0.0,0.023,0.023,0.036,21.0,0.002
2025-02-13 22:00:00-06:00,0.6,0.0,0.025,0.025,0.028,16.0,0.001
2025-02-13 23:00:00-06:00,0.6,0.0,0.019,0.019,0.032,26.0,0.0
2025-02-14 00:00:00-06:00,0.5,0.0,0.014,0.014,0.035,30.0,0.0
2025-02-14 01:00:00-06:00,0.5,0.0,0.01,0.01,0.038,,0.0
2025-02-14 02:00:00-06:00,0.4,0.0,0.008,0.008,0.04,35.0,0.0
2025-02-14 03:00:00-06:00,0.4,0.0,0.007,0.007,0.039,27.0,0.001
2025-02-14 04:00:00-06:00,0.4,0.0,0.007,0.007,0.035,26.0,0.001
2025-02-14 05:00:00-06:00,0.4,0.001,0.009,0.01,0.028,22.0,0.001
2025-02-14 06:00:00-06:00,0.4,0.001,0.013,0.014,0.023,26.0,0.001
2025-02-14 07:00:00-06:00,0.6,0.014,0.025,0.039,0.005,22.0,0.001
2025-02-14 08:00:00-06:00,1.2,0.07,0.028,0.098,0.002,21.0,0.001
2025-02-14 09:00:00-06:00,0.9,0.023,0.026,0.049,0.013,29.0,0.002
2025-02-14 10:00:00-06:00,0.7,0.01,0.018,0.028,0.029,24.0,0.003
2025-02-14 11:00:00-06:00,0.8,0.01,0.021,0.031,0.036,16.0,0.002
2025-02-14 12:00:00-06:00,0.9,0.01,0.026,0.036,0.048,18.0,0.002
2025-02-14 14:00:00-06:00,0.7,0.003,0.018,0.022,0.079,26.0,0.001
2025-02-14 15:00:00-06:00,0.7,0.001,0.017,0.019,0.092,23.0,0.002
2025-02-14 16:00:00-06:00,0.7,0.0,0.015,0.016,0.109,17.0,0.002
2025-02-14 17:00:00-06:00,0.6,0.001,0.016,0.017,0.084,28.0,0.002
2025-02-14 18:00:00-06:00,0.6,0.001,0.019,0.02,0.069,20.0,0.001
2025-02-14 20:00:00-06:00,0.6,0.0,0.023,0.023,0.057,23.0,0.001
2025-02-14 21:00:00-06:00,0.6,0.0,0.023,0.023,0.05,21.0,0.001
2025-02-14 22:00:00-06:00,0.7,0.0,0.025,0.025,0.044,20.0,0.001
2025-02-14 23:00:00-06:00,1.3,0.016,0.059,0.075,0.008,16.0,0.001
2025-02-15 00:00:00-06:00,1.0,0.009,0.04,0.049,0.022,20.0,0.001
2025-02-15 01:00:00-06:00,0.9,0.005,0.04,0.046,0.014,,0.001
2025-02-15 03:00:00-06:00,0.6,0.001,0.026,0.027,0.021,19.0,0.001
2025-02-15 04:00:00-06:00,0.6,0.006,0.033,0.04,0.011,15.0,0.001
2025-02-15 05:00:00-06:00,0.6,0.012,0.034,0.045,0.011,19.0,0.001
2025-02-15 06:00:00-06:00,0.6,0.005,0.031,0.036,0.006,17.0,0.0
2025-02-15 07:00:00-06:00,0.7,0.016,0.034,0.05,0.003,21.0,0.001
2025-02-15 08:00:00-06:00,1.1,0.038,0.032,0.07,0.002,19.0,0.001
2025-02-15 09:00:00-06:00,1.2,0.052,0.036,0.088,0.006,14.0,0.001
2025-02-15 10:00:00-06:00,1.3,0.038,0.041,0.079,0.013,19.0,0.001
2025-02-15 11:00:00-06:00,0.9,0.016,0.03,0.045,0.036,18.0,0.001
2025-02-15 12:00:00-06:00,0.5,0.003,0.012,0.015,0.056,24.0,0.002
2025-02-15 13:00:00-06:00,0.5,0.002,0.012,0.015,0.072,19.0,0.004
2025-02-15 14:00:00-06:00,0.5,0.001,0.013,0.014,0.084,21.0,0.006
2025-02-15 15:00:00-06:00,0.5,0.001,0.012,0.013,0.094,23.0,0.006
2025-02-15 16:00:00-06:00,0.5,0.0,0.013,0.013,0.099,23.0,0.005
2025-02-15 17:00:00-06:00,0.6,0.0,0.014,0.014,0.093,28.0,0.005
2025-02-15 18:00:00-06:00,0.4,0.0,0.009,0.009,0.062,26.0,0.002
2025-02-15 19:00:00-06:00,0.4,0.0,0.009,0.009,0.046,24.0,0.001
2025-02-15 20:00:00-06:00,0.7,0.001,0.025,0.026,0.025,17.0,0.001
2025-02-15 21:00:00-06:00,0.7,0.002,0.027,0.029,0.024,18.0,0.001
2025-02-15 22:00:00-06:00,0.8,0.001,0.031,0.032,0.015,18.0,0.001
2025-02-15 23:00:00-06:00,0.8,0.001,0.031,0.032,0.011,19.0,0.001
2025-02-16 00:00:00-06:00,0.8,,,,,17.0,
2025-02-16 02:00:00-06:00,,,,,,9.0,
2025-02-16 03:00:00-06:00,,,,,,15.0,
2025-02-16 04:00:00-06:00,0.5,0.001,0.017,0.018,0.012,19.0,0.001
2025-02-16 05:00:00-06:00,0.5,0.001,0.013,0.014,0.014,15.0,0.001
2025-02-16 06:00:00-06:00,0.4,0.001,0.012,0.013,0.012,11.0,0.0
2025-02-16 07:00:00-06:00,0.5,0.002,0.019,0.021,0.008,23.0,0.001
2025-02-16 08:00:00-06:00,0.5,0.002,0.019,0.021,0.015,11.0,0.001
2025-02-16 09:00:00-06:00,0.8,0.019,0.027,0.046,0.015,12.0,0.001
2025-02-16 10:00:00-06:00,0.9,0.014,0.029,0.043,0.029,12.0,0.001
2025-02-16 11:00:00-06:00,0.5,0.006,0.017,0.023,0.045,16.0,0.003
2025-02-16 12:00:00-06:00,0.4,0.002,0.01,0.012,0.058,22.0,0.005
2025-02-16 13:00:00-06:00,0.4,0.002,0.01,0.012,0.069,15.0,0.004
2025-02-16 14:00:00-06:00,0.4,0.001,0.01,0.01,0.084,,
2025-02-16 15:00:00-06:00,0.4,0.0,0.009,0.01,0.093,,
2025-02-16 16:00:00-06:00,0.5,0.0,0.013,0.013,0.094,,
2025-02-16 17:00:00-06:00,0.5,0.0,0.014,0.014,0.081,,
2025-02-16 18:00:00-06:00,0.5,0.0,0.015,0.016,0.068,,
2025-02-16 19:00:00-06:00,0.5,0.0,0.013,0.013,0.039,,
2025-02-16 20:00:00-06:00,0.5,0.0,0.016,0.016,0.029,,
2025-02-16 21:00:00-06:00,0.5,0.0,0.012,0.012,0.029,,
2025-02-16 22:00:00-06:00,0.4,0.0,0.01,0.01,0.028,,
2025-02-16 23:00:00-06:00,0.5,0.0,0.01,0.01,0.027,,
2025-02-17 00:00:00-06:00,0.5,0.0,0.012,0.012,0.023,,
2025-02-17 01:00:00-06:00,0.5,0.0,0.01,0.011,0.023,,
2025-02-17 02:00:00-06:00,0.4,0.0,0.01,0.01,0.023,,
2025-02-17 03:00:00-06:00,0.4,0.0,0.01,0.009,0.023,,
2025-02-17 04:00:00-06:00,0.4,0.0,0.011,0.011,0.021,,
2025-02-17 05:00:00-06:00,0.3,0.001,0.011,0.012,0.018,,
2025-02-17 06:00:00-06:00,0.4,0.001,0.013,0.014,0.011,,
2025-02-17 07:00:00-06:00,0.5,0.014,0.019,0.032,0.003,,
2025-02-17 08:00:00-06:00,1.1,0.061,0.022,0.083,0.002,,
2025-02-17 09:00:00-06:00,1.6,0.052,0.029,0.081,0.006,,
2025-02-17 10:00:00-06:00,1.3,0.038,0.035,0.073,0.015,,
2025-02-17 11:00:00-06:00,1.0,0.018,0.029,0.047,0.032,,
2025-02-17 12:00:00-06:00,0.8,0.007,0.021,0.029,0.051,,
2025-02-17 13:00:00-06:00,0.6,0.003,0.013,0.016,0.068,,
2025-02-17 14:00:00-06:00,0.6,0.001,0.011,0.012,0.08,,
2025-02-17 15:00:00-06:00,0.6,0.001,0.011,0.012,0.092,,
2025-02-17 16:00:00-06:00,0.6,0.0,0.013,0.013,0.101,,
2025-02-17 17:00:00-06:00,0.7,0.0,0.021,0.021,0.096,,
2025-02-17 18:00:00-06:00,0.7,0.002,0.026,0.027,0.058,,
2025-02-17 20:00:00-06:00,0.8,0.0,0.027,0.027,0.043,,
2025-02-17 21:00:00-06:00,0.9,0.0,0.031,0.032,0.039,,
2025-02-17 22:00:00-06:00,1.0,0.001,0.038,0.039,0.03,,
2025-02-17 23:00:00-06:00,0.5,0.0,0.016,0.016,0.04,,
2025-02-18 00:00:00-06:00,0.5,0.0,0.016,0.017,0.035,,
2025-02-18 01:00:00-06:00,0.6,0.002,0.022,0.023,0.029,,
2025-02-18 03:00:00-06:00,0.6,0.003,0.023,0.027,0.02,,
2025-02-18 13:00:00-06:00,0.6,0.002,0.013,0.015,0.068,22.0,0.001
2025-02-18 14:00:00-06:00,0.6,0.001,0.012,0.012,0.08,19.0,0.002
2025-02-18 16:00:00-06:00,0.4,0.001,0.01,0.01,0.047,23.0,0.001
2025-02-18 17:00:00-06:00,0.5,0.001,0.014,0.015,0.045,11.0,0.001
2025-02-18 18:00:00-06:00,0.6,0.002,0.025,0.027,0.036,11.0,0.001
2025-02-18 19:00:00-06:00,0.8,0.001,0.032,0.033,0.041,19.0,0.001
2025-02-18 20:00:00-06:00,0.6,0.001,0.03,0.03,0.027,21.0,0.002
2025-02-18 21:00:00-06:00,0.6,0.0,0.024,0.024,0.025,16.0,0.002
2025-02-18 22:00:00-06:00,0.6,0.002,0.029,0.031,0.019,7.0,0.003
2025-02-18 23:00:00-06:00,0.9,0.006,0.046,0.052,0.004,6.0,0.008
2025-02-19 00:00:00-06:00,0.8,0.007,0.043,0.05,0.006,8.0,0.005
2025-02-19 01:00:00-06:00,0.7,0.004,0.029,0.033,0.014,,0.003
2025-02-19 02:00:00-06:00,0.5,0.002,0.014,0.015,0.029,6.0,0.001
2025-02-19 03:00:00-06:00,0.5,0.0,0.013,0.013,0.025,14.0,0.001
2025-02-19 04:00:00-06:00,0.5,0.001,0.013,0.014,0.023,8.0,0.001
2025-02-19 05:00:00-06:00,0.5,0.001,0.016,0.017,0.017,11.0,0.001
2025-02-19 06:00:00-06:00,0.4,0.001,0.015,0.016,0.017,11.0,0.001
2025-02-19 07:00:00-06:00,0.8,0.019,0.03,0.049,0.003,13.0,0.001
2025-02-19 08:00:00-06:00,1.1,0.051,0.034,0.085,0.002,12.0,0.001
2025-02-19 09:00:00-06:00,1.1,0.03,0.035,0.065,0.003,16.0,0.001
2025-02-19 10:00:00-06:00,1.0,0.022,0.031,0.054,0.01,16.0,0.001
2025-02-19 11:00:00-06:00,0.5,0.004,0.015,0.018,0.024,16.0,0.0
2025-02-19 12:00:00-06:00,0.6,0.004,0.019,0.023,0.023,11.0,0.001
2025-02-19 13:00:00-06:00,0.5,0.005,0.013,0.018,0.033,6.0,0.001
2025-02-19 14:00:00-06:00,0.6,0.004,0.017,0.021,0.031,9.0,0.001
2025-02-19 15:00:00-06:00,0.6,0.005,0.021,0.026,0.028,8.0,0.001
2025-02-19 16:00:00-06:00,0.5,0.004,0.016,0.02,0.034,13.0,0.002
2025-02-19 17:00:00-06:00,0.5,0.002,0.017,0.019,0.035,10.0,0.002
2025-02-19 18:00:00-06:00,0.6,0.004,0.022,0.026,0.034,11.0,0.002
2025-02-19 19:00:00-06:00,0.7,0.001,0.026,0.027,0.029,15.0,0.002
2025-02-19 20:00:00-06:00,0.9,0.005,0.042,0.047,0.009,18.0,0.002
2025-02-19 21:00:00-06:00,1.2,0.027,0.045,0.072,0.003,13.0,0.002
2025-02-19 22:00:00-06:00,1.5,0.037,0.044,0.081,0.002,21.0,0.001
2025-02-19 23:00:00-06:00,1.4,0.034,0.034,0.069,0.002,13.0,0.001
2025-02-20 00:00:00-06:00,1.1,0.017,0.034,0.051,0.002,22.0,0.001
2025-02-20 01:00:00-06:00,1.0,0.008,0.032,0.04,0.002,,0.001
2025-02-20 02:00:00-06:00,1.0,0.017,0.03,0.047,0.002,23.0,0.001
2025-02-20 03:00:00-06:00,1.0,0.012,0.026,0.039,0.002,25.0,0.001
2025-02-20 04:00:00-06:00,1.0,0.021,0.025,0.045,0.002,25.0,0.001
2025-02-20 05:00:00-06:00,0.9,0.016,0.024,0.04,0.002,23.0,0.001
2025-02-20 06:00:00-06:00,0.9,0.024,0.02,0.044,0.002,20.0,0.001
2025-02-20 07:00:00-06:00,1.0,0.033,0.019,0.052,0.001,17.0,0.001
2025-02-20 08:00:00-06:00,1.8,0.109,0.023,0.132,0.002,18.0,0.002
2025-02-20 09:00:00-06:00,2.4,0.131,0.037,0.168,0.004,21.0,0.003
2025-02-20 10:00:00-06:00,1.6,0.043,0.044,0.087,0.019,25.0,0.002
2025-02-20 11:00:00-06:00,1.2,0.015,0.032,0.047,0.042,29.0,0.002
2025-02-20 12:00:00-06:00,0.7,0.004,0.014,0.018,0.058,31.0,0.001
2025-02-21 10:00:00-06:00,1.4,0.032,0.04,0.072,0.019,31.0,0.012
2025-02-21 11:00:00-06:00,1.0,0.013,0.029,0.042,0.041,26.0,0.007
2025-02-21 12:00:00-06:00,0.9,0.008,0.024,0.032,0.055,32.0,0.003
2025-02-21 13:00:00-06:00,0.7,0.004,0.018,0.022,0.068,20.0,0.002
2025-02-21 14:00:00-06:00,0.6,0.001,0.012,0.013,0.069,19.0,0.001
2025-02-21 15:00:00-06:00,1.0,0.003,0.028,0.031,0.045,16.0,0.002
2025-02-21 16:00:00-06:00,0.9,0.006,0.024,0.03,0.039,22.0,0.001
2025-02-21 17:00:00-06:00,0.7,0.004,0.017,0.021,0.047,14.0,0.001
2025-02-21 18:00:00-06:00,0.8,0.002,0.025,0.027,0.045,2.0,0.001
2025-02-21 19:00:00-06:00,0.8,0.001,0.033,0.033,0.031,14.0,0.004
2025-02-21 20:00:00-06:00,0.8,0.001,0.032,0.032,0.027,26.0,0.004
2025-02-21 21:00:00-06:00,0.8,0.001,0.035,0.035,0.02,20.0,0.003
2025-02-21 22:00:00-06:00,1.0,0.001,0.04,0.041,0.012,17.0,0.002
2025-02-21 23:00:00-06:00,0.8,0.002,0.03,0.032,0.016,14.0,0.001
2025-02-22 00:00:00-06:00,0.6,,,,,16.0,
2025-02-22 02:00:00-06:00,,,,,,11.0,
2025-02-22 03:00:00-06:00,,,,,,21.0,
2025-02-22 04:00:00-06:00,0.4,0.0,0.007,0.007,0.029,14.0,0.004
2025-02-22 05:00:00-06:00,0.4,0.0,0.006,0.006,0.027,10.0,0.003
2025-02-22 06:00:00-06:00,0.4,0.001,0.007,0.008,0.016,10.0,0.001
2025-02-22 07:00:00-06:00,0.5,0.014,0.018,0.032,0.002,7.0,0.001
2025-02-22 08:00:00-06:00,0.9,0.049,0.018,0.067,0.002,12.0,0.001
2025-02-22 09:00:00-06:00,1.2,0.057,0.024,0.081,0.004,10.0,0.002
2025-02-22 10:00:00-06:00,1.0,0.023,0.025,0.048,0.019,16.0,0.002
2025-02-22 11:00:00-06:00,0.9,0.012,0.023,0.035,0.036,24.0,0.001
2025-02-22 12:00:00-06:00,0.7,0.006,0.018,0.024,0.053,22.0,0.001
2025-02-22 13:00:00-06:00,0.6,0.004,0.015,0.019,0.065,21.0,0.001
2025-02-22 14:00:00-06:00,0.5,0.002,0.011,0.013,0.07,20.0,0.001
2025-02-22 15:00:00-06:00,0.5,0.001,0.011,0.012,0.093,9.0,0.001
2025-02-22 16:00:00-06:00,0.6,0.001,0.015,0.015,0.098,18.0,0.002
2025-02-22 17:00:00-06:00,0.6,0.0,0.016,0.016,0.081,20.0,0.001
2025-02-22 18:00:00-06:00,0.6,0.0,0.018,0.018,0.051,20.0,0.001
2025-02-22 19:00:00-06:00,0.6,0.0,0.019,0.02,0.051,19.0,0.001
2025-02-22 20:00:00-06:00,0.7,0.0,0.02,0.02,0.04,15.0,0.001
2025-02-22 21:00:00-06:00,0.4,0.0,0.011,0.011,0.036,11.0,0.0
2025-02-22 22:00:00-06:00,0.6,0.001,0.021,0.022,0.015,12.0,0.0
2025-02-22 23:00:00-06:00,0.8,0.008,0.03,0.038,0.002,,0.0
2025-02-23 00:00:00-06:00,0.9,0.011,0.025,0.036,0.002,4.0,0.0
2025-02-23 02:00:00-06:00,0.6,0.003,0.017,0.02,0.005,5.0,0.0
2025-02-23 03:00:00-06:00,0.6,0.004,0.015,0.019,0.003,9.0,0.0
2025-02-23 04:00:00-06:00,0.7,0.011,0.016,0.027,0.002,7.0,0.0
2025-02-23 05:00:00-06:00,0.7,0.011,0.015,0.026,0.002,6.0,0.0
2025-02-23 06:00:00-06:00,0.6,0.008,0.014,0.023,0.002,9.0,0.0
2025-02-23 07:00:00-06:00,0.6,0.007,0.016,0.023,0.002,9.0,0.0
2025-02-23 08:00:00-06:00,0.9,0.034,0.015,0.05,0.003,,
2025-02-23 09:00:00-06:00,1.1,0.034,0.025,0.059,0.011,,
2025-02-23 10:00:00-06:00,0.9,0.01,0.021,0.031,0.034,,
2025-02-23 11:00:00-06:00,0.7,0.006,0.017,0.023,0.05,,
2025-02-23 12:00:00-06:00,0.5,0.002,0.009,0.011,0.062,,
2025-02-23 13:00:00-06:00,0.6,0.001,0.012,0.013,0.081,,
2025-02-23 14:00:00-06:00,0.5,0.0,0.009,0.009,0.084,,
2025-02-23 15:00:00-06:00,0.5,0.0,0.008,0.008,0.083,,
2025-02-23 16:00:00-06:00,0.5,0.0,0.009,0.009,0.087,,
2025-02-23 17:00:00-06:00,0.5,0.0,0.012,0.012,0.095,,
2025-02-23 18:00:00-06:00,0.5,0.0,0.013,0.013,0.073,,
2025-02-23 19:00:00-06:00,0.5,0.0,0.014,0.014,0.05,,
2025-02-23 20:00:00-06:00,0.5,0.0,,0.013,0.031,,
2025-02-23 22:00:00-06:00,0.4,0.0,0.012,0.012,0.03,,
2025-02-23 23:00:00-06:00,0.6,0.0,,0.016,0.024,,
2025-02-24 00:00:00-06:00,0.9,0.009,0.027,0.036,0.008,,
2025-02-24 01:00:00-06:00,1.1,0.022,0.034,0.056,0.003,,
2025-02-24 02:00:00-06:00,0.8,0.007,0.028,0.035,0.007,,
2025-02-27 11:00:00-06:00,1.0,0.01,0.028,0.038,0.055,30.0,0.001
2025-02-27 13:00:00-06:00,0.6,0.002,0.015,0.017,0.089,23.0,0.001
2025-02-27 14:00:00-06:00,0.5,0.002,0.013,0.015,0.101,20.0,0.002
2025-02-27 15:00:00-06:00,0.5,0.001,0.011,0.012,0.114,20.0,0.002
2025-02-27 16:00:00-06:00,0.6,0.001,0.014,0.015,0.131,18.0,0.002
2025-02-27 17:00:00-06:00,0.7,0.0,0.02,0.02,0.133,21.0,0.003
2025-02-27 18:00:00-06:00,0.5,0.001,0.016,0.017,0.09,30.0,0.003
2025-02-27 19:00:00-06:00,0.7,0.001,0.028,0.029,0.061,21.0,0.004
2025-02-27 20:00:00-06:00,1.0,0.001,0.041,0.042,0.051,19.0,0.002
2025-02-27 21:00:00-06:00,1.1,0.001,0.046,0.047,0.031,23.0,0.002
2025-02-27 22:00:00-06:00,0.8,0.001,0.034,0.035,0.031,24.0,0.001
2025-02-27 23:00:00-06:00,0.6,0.0,0.015,0.015,0.036,18.0,0.004
2025-02-28 00:00:00-06:00,0.7,,,,,19.0,
2025-02-28 03:00:00-06:00,,,,,,26.0,
2025-02-28 04:00:00-06:00,0.5,0.001,0.009,0.009,0.029,30.0,0.012
2025-02-28 05:00:00-06:00,0.5,0.001,0.01,0.011,0.024,32.0,0.009
2025-02-28 06:00:00-06:00,0.5,0.001,0.02,0.021,0.017,29.0,0.003
2025-02-28 07:00:00-06:00,0.7,0.004,0.03,0.034,0.011,29.0,0.002
2025-02-28 08:00:00-06:00,1.0,0.021,0.035,0.056,0.006,14.0,0.002
2025-02-28 09:00:00-06:00,1.0,0.021,0.03,0.051,0.015,22.0,0.003
2025-02-28 10:00:00-06:00,1.2,0.022,0.034,0.056,0.025,24.0,0.003
2025-02-28 11:00:00-06:00,1.1,0.014,0.031,0.045,0.045,30.0,0.003
2025-02-28 12:00:00-06:00,1.1,0.008,0.03,0.038,0.068,34.0,0.003
2025-02-28 13:00:00-06:00,1.1,0.005,0.031,0.037,0.093,29.0,0.003
2025-02-28 14:00:00-06:00,1.0,0.003,0.027,0.03,0.112,35.0,0.003
2025-02-28 15:00:00-06:00,0.7,0.001,0.016,0.017,0.113,31.0,0.002
2025-02-28 16:00:00-06:00,0.7,0.001,0.016,0.016,0.124,20.0,0.002
2025-02-28 17:00:00-06:00,0.7,0.0,0.02,0.02,0.118,27.0,0.002
2025-02-28 18:00:00-06:00,0.8,0.001,0.031,0.032,0.098,24.0,0.002
2025-02-28 19:00:00-06:00,0.7,0.001,0.022,0.023,0.073,23.0,0.001
2025-02-28 20:00:00-06:00,0.8,0.001,0.028,0.028,0.057,24.0,0.001
2025-02-28 21:00:00-06:00,0.9,0.001,0.031,0.032,0.043,19.0,0.001
2025-02-28 22:00:00-06:00,0.9,0.001,0.032,0.034,0.031,21.0,0.001
2025-02-28 23:00:00-06:00,0.6,0.0,0.02,0.021,0.032,13.0,0.0
2025-03-01 00:00:00-06:00,0.6,0.001,0.02,0.02,0.027,12.0,0.0
2025-03-01 01:00:00-06:00,0.6,0.001,0.019,0.02,0.023,,0.0
2025-03-01 04:00:00-06:00,0.5,0.001,0.012,0.013,0.031,13.0,0.001
2025-03-01 05:00:00-06:00,0.4,0.001,0.012,0.014,0.024,17.0,0.001
2025-03-01 06:00:00-06:00,0.5,0.001,0.015,0.016,0.018,15.0,0.001
2025-03-01 08:00:00-06:00,1.2,0.069,0.03,0.099,0.004,18.0,0.002
2025-03-01 09:00:00-06:00,1.2,0.045,0.036,0.08,0.014,19.0,0.002
2025-03-02 03:00:00-06:00,0.7,0.001,0.025,0.026,0.02,19.0,0.001
2025-03-02 04:00:00-06:00,0.7,0.001,0.025,0.026,0.018,17.0,0.001
2025-03-02 05:00:00-06:00,0.6,0.003,0.023,0.025,0.016,20.0,0.001
2025-03-02 06:00:00-06:00,0.7,0.002,0.024,0.026,0.011,20.0,0.001
2025-03-02 07:00:00-06:00,0.6,0.001,0.02,0.022,0.018,17.0,0.001
2025-03-02 08:00:00-06:00,0.7,0.003,0.024,0.028,0.019,17.0,0.001
2025-03-02 09:00:00-06:00,1.0,0.011,0.029,0.04,0.027,20.0,0.001
2025-03-02 10:00:00-06:00,1.1,0.016,0.035,0.051,0.038,18.0,0.002
2025-03-02 12:00:00-06:00,0.7,0.002,0.017,0.02,0.088,26.0,0.003
2025-03-02 13:00:00-06:00,0.5,0.001,0.012,0.014,0.09,25.0,0.002
2025-03-02 14:00:00-06:00,0.5,0.0,0.009,0.009,0.097,26.0,0.002
2025-03-02 15:00:00-06:00,0.5,0.0,0.009,0.01,0.11,16.0,0.002
2025-03-02 16:00:00-06:00,0.5,0.0,0.011,0.011,0.117,19.0,0.002
2025-03-02 17:00:00-06:00,0.5,0.0,0.01,0.011,0.083,26.0,0.001
2025-03-02 18:00:00-06:00,0.5,0.0,0.01,0.01,0.074,21.0,0.001
2025-03-02 19:00:00-06:00,0.6,0.0,0.015,0.015,0.058,22.0,0.001
2025-03-02 20:00:00-06:00,0.4,0.0,0.012,0.012,0.063,16.0,0.001
2025-03-02 21:00:00-06:00,0.5,0.0,0.014,0.014,0.047,17.0,0.001
2025-03-02 22:00:00-06:00,1.0,0.002,0.038,0.04,0.024,17.0,0.001
2025-03-02 23:00:00-06:00,0.9,0.002,0.036,0.038,0.022,15.0,0.001
2025-03-03 00:00:00-06:00,0.7,0.001,0.024,0.025,0.029,21.0,0.001
2025-03-03 01:00:00-06:00,0.7,0.001,0.023,0.024,0.024,,0.001
2025-03-03 02:00:00-06:00,0.6,0.001,0.018,0.019,0.026,17.0,0.001
2025-03-03 03:00:00-06:00,0.6,0.001,0.021,0.022,0.018,14.0,0.001
2025-03-03 06:00:00-06:00,0.5,0.002,0.021,0.024,0.013,16.0,0.0
2025-03-03 07:00:00-06:00,0.9,0.028,0.03,0.058,0.005,16.0,0.001
2025-03-03 08:00:00-06:00,1.9,0.155,0.039,0.194,0.004,18.0,0.003
2025-03-03 09:00:00-06:00,1.6,0.057,0.042,0.099,0.015,22.0,0.002
2025-03-03 10:00:00-06:00,1.1,0.016,0.038,0.054,0.027,27.0,0.001
2025-03-03 11:00:00-06:00,1.1,0.01,0.031,0.041,0.052,28.0,0.001
2025-03-03 22:00:00-06:00,0.9,0.005,0.033,0.039,0.026,21.0,0.001
2025-03-03 23:00:00-06:00,1.1,0.017,0.048,0.065,0.009,17.0,0.001
2025-03-04 00:00:00-06:00,0.9,0.007,0.039,0.047,0.008,16.0,0.001
2025-03-04 01:00:00-06:00,0.8,0.004,0.032,0.035,0.013,,0.001
2025-03-04 04:00:00-06:00,0.5,0.004,0.028,0.033,0.01,14.0,0.001
2025-03-04 05:00:00-06:00,0.5,0.005,0.029,0.034,0.007,15.0,0.001
2025-03-04 06:00:00-06:00,0.4,0.005,0.025,0.03,0.008,19.0,0.0
2025-03-04 07:00:00-06:00,0.8,0.037,0.035,0.072,0.004,14.0,0.001
2025-03-04 08:00:00-06:00,1.6,0.115,0.036,0.151,0.004,19.0,0.002
2025-03-04 09:00:00-06:00,1.6,0.054,0.039,0.094,0.013,20.0,0.002
2025-03-04 10:00:00-06:00,0.9,0.015,0.027,0.042,0.034,26.0,0.001
2025-03-04 11:00:00-06:00,0.8,0.007,0.021,0.028,0.053,20.0,0.002
2025-03-04 12:00:00-06:00,0.6,0.003,0.012,0.015,0.069,25.0,0.002
2025-03-04 14:00:00-06:00,0.4,0.001,0.007,0.007,0.082,19.0,0.005
2025-03-04 15:00:00-06:00,0.3,0.001,0.005,0.005,0.061,23.0,0.004
2025-03-04 16:00:00-06:00,0.3,0.001,0.004,0.005,0.061,13.0,0.003
2025-03-04 17:00:00-06:00,0.3,0.001,0.006,0.007,0.058,12.0,0.003
2025-03-04 18:00:00-06:00,0.3,0.001,0.006,0.007,0.053,16.0,0.002
2025-03-04 19:00:00-06:00,0.4,0.001,0.012,0.012,0.045,12.0,0.002
2025-03-04 20:00:00-06:00,0.6,0.003,,0.028,0.026,15.0,0.002
2025-03-04 21:00:00-06:00,0.9,0.007,0.041,0.048,0.011,11.0,0.002
2025-03-04 22:00:00-06:00,1.4,0.05,0.046,0.096,0.004,10.0,0.002
2025-03-04 23:00:00-06:00,0.9,0.017,0.035,0.053,0.013,15.0,0.002
2025-03-05 00:00:00-06:00,0.8,0.004,0.037,0.042,0.009,14.0,0.001
2025-03-05 01:00:00-06:00,0.7,0.005,0.032,0.037,0.013,,0.001
2025-03-05 02:00:00-06:00,0.9,0.014,0.037,0.051,0.005,12.0,0.001
2025-03-05 03:00:00-06:00,0.9,0.013,0.033,0.046,0.009,18.0,0.001
2025-03-05 04:00:00-06:00,0.6,0.004,0.03,0.034,0.006,17.0,0.001
2025-03-05 05:00:00-06:00,0.6,0.007,0.031,0.038,0.008,15.0,0.001
2025-03-05 06:00:00-06:00,0.4,0.001,0.019,0.02,0.021,18.0,0.001
2025-03-05 07:00:00-06:00,0.6,0.009,0.029,0.039,0.009,12.0,0.001
2025-03-05 08:00:00-06:00,1.5,0.111,0.037,0.147,0.004,13.0,0.003
2025-03-05 10:00:00-06:00,1.8,0.055,0.059,0.113,0.021,30.0,0.003
2025-03-05 11:00:00-06:00,1.8,0.034,0.071,0.105,0.039,31.0,0.004
2025-03-05 12:00:00-06:00,1.3,0.017,0.059,0.076,0.062,42.0,0.006
2025-03-05 13:00:00-06:00,0.8,0.006,0.029,0.035,0.081,49.0,0.006
2025-03-05 14:00:00-06:00,0.6,0.002,0.018,0.02,0.101,35.0,0.005
2025-03-05 15:00:00-06:00,0.6,0.001,0.016,0.017,0.118,22.0,0.004
2025-03-05 16:00:00-06:00,0.7,0.001,0.018,0.019,0.124,20.0,0.004
2025-03-05 17:00:00-06:00,0.6,0.001,0.015,0.016,0.106,29.0,0.003
2025-03-05 18:00:00-06:00,0.4,0.0,0.01,0.01,0.083,29.0,0.002
2025-03-05 19:00:00-06:00,0.5,0.0,0.014,0.014,0.075,28.0,0.002
2025-03-10 11:00:00-06:00,1.2,,,,0.046,35.0,0.026
2025-03-10 12:00:00-06:00,0.9,,,,0.062,41.0,0.014
2025-03-10 13:00:00-06:00,0.8,,,,0.078,32.0,0.009
2025-03-10 14:00:00-06:00,0.7,,,,0.093,30.0,0.007
2025-03-10 15:00:00-06:00,0.7,,,,0.107,24.0,0.006
2025-03-10 16:00:00-06:00,0.6,,,,0.085,26.0,0.003
2025-03-10 17:00:00-06:00,0.4,,,,0.05,31.0,0.001
2025-03-10 18:00:00-06:00,0.4,,,,0.043,14.0,0.001
2025-03-10 19:00:00-06:00,0.4,,,,0.042,9.0,0.001
2025-03-10 20:00:00-06:00,0.5,,,,0.034,10.0,0.001
2025-03-10 21:00:00-06:00,0.6,,,,0.025,10.0,0.001
2025-03-10 22:00:00-06:00,0.8,,,,0.012,2.0,0.001
2025-03-10 23:00:00-06:00,0.8,,,,0.011,11.0,0.001
2025-03-11 00:00:00-06:00,0.5,,,,0.022,8.0,0.001
2025-03-11 01:00:00-06:00,0.5,0.0,0.015,0.015,0.02,,0.001
2025-03-11 02:00:00-06:00,0.5,0.002,0.021,0.023,0.013,10.0,0.001
2025-03-11 03:00:00-06:00,0.6,0.003,0.022,0.025,0.01,9.0,0.001
2025-03-11 04:00:00-06:00,0.6,0.009,0.029,0.038,0.004,4.0,0.001
2025-03-11 05:00:00-06:00,0.5,0.011,0.026,0.037,0.005,10.0,0.001
2025-03-11 06:00:00-06:00,0.5,0.003,0.023,0.026,0.009,10.0,0.001
2025-03-11 07:00:00-06:00,0.8,0.033,0.027,0.06,0.003,12.0,0.001
2025-03-11 08:00:00-06:00,1.7,0.135,0.031,0.167,0.004,9.0,0.003
2025-03-11 09:00:00-06:00,1.2,0.042,0.029,0.071,0.015,17.0,0.002
2025-03-11 10:00:00-06:00,0.9,0.015,0.025,0.04,0.031,18.0,0.002
2025-03-11 11:00:00-06:00,0.7,0.007,0.019,0.026,0.048,18.0,0.002
2025-03-11 12:00:00-06:00,0.6,0.003,0.013,0.016,0.064,20.0,0.002
2025-03-11 13:00:00-06:00,0.5,0.001,0.009,0.011,0.074,16.0,0.001
2025-03-11 14:00:00-06:00,0.5,0.001,0.009,0.01,0.086,15.0,0.001
2025-03-11 15:00:00-06:00,0.5,0.0,0.01,0.011,0.102,13.0,0.001
2025-03-11 16:00:00-06:00,0.6,0.0,0.012,0.012,0.119,13.0,0.001
2025-03-11 17:00:00-06:00,0.6,0.0,0.013,0.013,0.126,19.0,0.001
2025-03-11 18:00:00-06:00,0.7,0.001,0.02,0.021,0.076,25.0,0.001
2025-03-11 19:00:00-06:00,0.7,0.002,0.025,0.026,0.045,24.0,0.001
2025-03-11 20:00:00-06:00,0.8,0.001,0.029,0.03,0.034,19.0,0.001
2025-03-11 21:00:00-06:00,0.8,0.0,0.028,0.028,0.032,16.0,0.001
2025-03-11 22:00:00-06:00,1.0,0.001,0.032,0.033,0.029,15.0,0.001
2025-03-11 23:00:00-06:00,1.3,0.011,0.043,0.054,0.014,19.0,0.001
2025-03-12 00:00:00-06:00,1.2,,,,,27.0,
2025-03-12 02:00:00-06:00,,,,,,24.0,
2025-03-12 03:00:00-06:00,,,,,,9.0,
2025-03-12 04:00:00-06:00,0.6,0.003,0.029,0.032,0.01,10.0,0.001
2025-03-12 05:00:00-06:00,0.6,0.002,0.029,0.031,0.007,8.0,0.001
2025-03-12 06:00:00-06:00,0.7,0.01,0.033,0.043,0.004,12.0,0.001
2025-03-12 07:00:00-06:00,0.8,0.025,0.035,0.06,0.003,17.0,0.001
2025-03-12 08:00:00-06:00,1.6,0.097,0.038,0.135,0.005,16.0,0.003
2025-03-12 09:00:00-06:00,1.6,0.062,0.046,0.108,0.015,17.0,0.003
2025-03-12 10:00:00-06:00,1.1,0.019,0.039,0.058,0.036,19.0,0.002
2025-03-12 11:00:00-06:00,0.9,,,,0.061,23.0,0.003
2025-03-12 12:00:00-06:00,0.9,0.004,0.026,0.031,0.084,21.0,0.003
2025-03-12 13:00:00-06:00,0.7,0.003,0.022,0.025,0.094,26.0,0.003
2025-03-12 14:00:00-06:00,0.7,0.001,0.018,0.02,0.113,28.0,0.002
2025-03-12 15:00:00-06:00,0.7,0.001,0.018,0.019,0.13,21.0,0.002
2025-03-12 16:00:00-06:00,0.7,0.001,0.019,0.019,0.142,21.0,0.002
2025-03-12 17:00:00-06:00,0.7,0.0,0.017,0.018,0.134,25.0,0.002
2025-03-12 18:00:00-06:00,0.6,0.0,0.017,0.017,0.106,29.0,0.002
2025-03-12 19:00:00-06:00,0.6,0.0,0.011,0.011,0.073,22.0,0.001
2025-03-12 20:00:00-06:00,0.7,0.0,0.021,0.021,0.055,18.0,0.001
2025-03-12 21:00:00-06:00,1.0,0.001,0.038,0.039,0.035,17.0,0.001
2025-03-12 22:00:00-06:00,1.0,0.001,0.032,0.033,0.031,16.0,0.001
2025-03-12 23:00:00-06:00,1.2,0.004,0.047,0.051,0.015,21.0,0.001
2025-03-13 00:00:00-06:00,0.9,0.003,0.038,0.041,0.012,27.0,0.001
2025-03-13 01:00:00-06:00,0.6,0.001,0.021,0.022,0.024,,0.001
2025-03-13 02:00:00-06:00,0.6,0.001,0.022,0.023,0.017,17.0,0.001
2025-03-13 03:00:00-06:00,0.6,0.001,0.025,0.026,0.011,11.0,0.0
2025-03-13 04:00:00-06:00,0.7,0.006,0.032,0.038,0.004,4.0,0.0
2025-03-13 05:00:00-06:00,0.8,0.012,0.033,0.045,0.004,12.0,0.001
2025-03-13 06:00:00-06:00,0.6,0.013,0.03,0.043,0.005,16.0,0.001
2025-03-13 07:00:00-06:00,0.7,0.015,0.03,0.045,0.004,15.0,0.001
2025-03-13 08:00:00-06:00,1.5,0.084,0.035,0.119,0.005,10.0,0.002
2025-03-13 09:00:00-06:00,2.1,0.086,0.048,0.134,0.012,10.0,0.002
2025-03-13 10:00:00-06:00,1.3,0.023,0.04,0.063,0.034,18.0,0.001
2025-03-13 11:00:00-06:00,1.0,0.009,0.031,0.04,0.061,28.0,0.001
2025-03-13 12:00:00-06:00,0.9,0.005,0.03,0.035,0.081,26.0,0.001
2025-03-13 13:00:00-06:00,0.7,0.002,0.018,0.02,0.086,32.0,0.001
2025-03-13 14:00:00-06:00,0.6,0.001,0.012,0.013,0.092,16.0,0.002
2025-03-13 15:00:00-06:00,0.5,0.001,0.01,0.012,0.079,15.0,0.002
2025-03-13 16:00:00-06:00,0.5,0.001,0.011,0.012,0.074,16.0,0.002
2025-03-13 17:00:00-06:00,0.5,0.001,0.01,0.011,0.076,22.0,0.002
2025-03-13 18:00:00-06:00,0.5,0.0,0.009,0.009,0.077,23.0,0.001
2025-03-13 19:00:00-06:00,0.5,0.0,0.008,0.008,0.073,24.0,0.001
2025-03-13 20:00:00-06:00,0.5,0.0,0.01,0.009,0.061,22.0,0.001
2025-03-13 21:00:00-06:00,0.5,0.0,0.012,0.012,0.051,19.0,0.001
2025-03-13 22:00:00-06:00,0.6,0.001,0.022,0.022,0.031,13.0,0.001
2025-03-13 23:00:00-06:00,0.8,0.009,0.039,0.048,0.014,12.0,0.001
2025-03-14 00:00:00-06:00,0.8,0.005,0.033,0.038,0.012,10.0,0.001
2025-03-14 01:00:00-06:00,1.1,0.025,0.041,0.065,0.004,,0.001
2025-03-14 02:00:00-06:00,0.7,0.001,0.026,0.027,0.018,8.0,0.001
2025-03-14 03:00:00-06:00,0.6,0.0,0.019,0.02,0.019,9.0,0.0
2025-03-14 04:00:00-06:00,0.5,0.004,0.029,0.033,0.01,7.0,0.001
2025-03-14 05:00:00-06:00,0.6,0.004,0.033,0.037,0.007,7.0,0.001
2025-03-14 06:00:00-06:00,0.6,0.009,0.036,0.045,0.005,10.0,0.001
2025-03-14 07:00:00-06:00,0.9,0.046,0.035,0.082,0.003,14.0,0.001
2025-03-14 08:00:00-06:00,2.0,0.145,0.041,0.187,0.004,13.0,0.003
2025-03-14 09:00:00-06:00,1.8,0.076,0.05,0.127,0.013,20.0,0.002
2025-03-14 10:00:00-06:00,1.0,0.016,0.029,0.046,0.04,22.0,0.001
2025-03-14 11:00:00-06:00,0.6,0.004,0.013,0.017,0.056,19.0,0.001
2025-03-14 12:00:00-06:00,0.5,0.002,0.01,0.012,0.064,12.0,0.001
2025-03-14 13:00:00-06:00,0.5,0.001,0.008,0.01,0.067,10.0,0.001
2025-03-14 14:00:00-06:00,0.4,0.001,0.006,0.007,0.06,9.0,0.001
2025-03-14 15:00:00-06:00,0.5,0.001,0.009,0.011,0.082,6.0,0.001
2025-03-14 16:00:00-06:00,0.5,0.001,0.009,0.01,0.078,5.0,0.001
2025-03-14 17:00:00-06:00,0.4,0.001,0.006,0.007,0.062,19.0,0.001
2025-03-14 18:00:00-06:00,0.4,0.0,0.005,0.006,0.057,21.0,0.001
2025-03-14 19:00:00-06:00,0.4,0.0,0.007,0.007,0.05,23.0,0.001
2025-03-14 20:00:00-06:00,0.4,0.0,0.01,0.009,0.042,22.0,0.001
2025-03-14 21:00:00-06:00,0.5,0.0,0.012,0.012,0.037,10.0,0.001
2025-03-14 22:00:00-06:00,0.5,0.002,0.02,0.022,0.027,6.0,0.001
2025-03-14 23:00:00-06:00,0.7,0.0,0.022,0.023,0.023,5.0,0.001
2025-03-15 00:00:00-06:00,0.9,0.005,0.036,0.041,0.007,8.0,0.001
2025-03-15 01:00:00-06:00,0.8,0.014,0.035,0.049,0.007,,0.001
2025-03-15 02:00:00-06:00,0.7,0.005,0.03,0.034,0.007,5.0,0.001
2025-03-15 04:00:00-06:00,0.7,0.013,0.028,0.041,0.004,5.0,0.001
2025-03-15 05:00:00-06:00,0.5,0.007,0.022,0.03,0.006,9.0,0.0
2025-03-15 06:00:00-06:00,0.4,0.001,0.019,0.02,0.01,5.0,0.0
2025-03-15 07:00:00-06:00,0.8,0.026,0.025,0.052,0.005,3.0,0.001
2025-03-15 08:00:00-06:00,1.1,0.048,0.028,0.076,0.006,4.0,0.002
2025-03-15 09:00:00-06:00,0.9,0.031,0.029,0.06,0.016,8.0,0.001
2025-03-15 10:00:00-06:00,0.9,0.016,0.024,0.04,0.031,11.0,0.001
2025-03-15 11:00:00-06:00,0.5,0.004,0.01,0.013,0.046,19.0,0.001
2025-03-15 12:00:00-06:00,0.3,0.001,0.003,0.004,0.053,15.0,0.001
2025-03-15 13:00:00-06:00,0.3,0.001,0.004,0.005,0.063,10.0,0.001
2025-03-15 14:00:00-06:00,0.3,0.0,0.004,0.004,0.068,5.0,0.001
2025-03-15 15:00:00-06:00,0.3,0.0,0.003,0.004,0.065,9.0,0.0
2025-03-15 16:00:00-06:00,0.4,0.0,0.003,0.004,0.066,10.0,0.001
2025-03-15 17:00:00-06:00,0.4,0.0,0.005,0.005,0.065,10.0,0.001
2025-03-15 18:00:00-06:00,0.4,0.0,0.005,0.006,0.062,15.0,0.001
2025-03-15 19:00:00-06:00,0.4,0.0,0.006,0.007,0.051,20.0,0.001
2025-03-15 20:00:00-06:00,0.5,0.0,0.012,0.012,0.038,17.0,0.001
2025-03-15 21:00:00-06:00,0.6,0.001,0.015,0.016,0.03,12.0,0.001
2025-03-15 22:00:00-06:00,1.0,0.009,0.04,0.05,0.006,9.0,0.001
2025-03-15 23:00:00-06:00,1.1,0.009,0.038,0.047,0.008,6.0,0.001
2025-03-16 00:00:00-06:00,0.8,0.003,0.028,0.031,0.016,12.0,0.001
2025-03-16 01:00:00-06:00,0.6,0.0,0.017,0.018,0.022,,0.001
2025-03-16 02:00:00-06:00,0.6,0.0,0.018,0.018,0.019,10.0,0.001
2025-03-16 03:00:00-06:00,0.8,0.003,0.027,0.03,0.008,11.0,0.001
2025-03-16 04:00:00-06:00,0.7,0.003,0.028,0.031,0.006,8.0,0.0
2025-03-16 05:00:00-06:00,0.6,0.001,0.02,0.022,0.012,9.0,0.0
2025-03-16 06:00:00-06:00,0.8,0.008,0.027,0.035,0.005,10.0,0.001
2025-03-16 07:00:00-06:00,0.7,0.009,0.026,0.034,0.006,5.0,0.001
2025-03-16 08:00:00-06:00,0.8,0.015,0.022,0.037,0.01,13.0,0.001
2025-03-16 09:00:00-06:00,1.1,0.024,0.03,0.053,0.021,7.0,0.001
2025-03-16 10:00:00-06:00,0.8,0.009,0.021,0.03,0.042,10.0,0.002
2025-03-16 11:00:00-06:00,0.7,0.004,0.016,0.021,0.061,23.0,0.002
2025-03-16 12:00:00-06:00,0.7,0.003,0.018,0.022,0.08,20.0,0.002
2025-03-16 13:00:00-06:00,0.7,0.003,0.02,0.022,0.09,27.0,0.004
2025-03-16 14:00:00-06:00,0.7,0.002,0.016,0.018,0.099,26.0,0.004
2025-03-16 15:00:00-06:00,0.6,0.0,0.01,0.01,0.105,19.0,0.003
2025-03-16 16:00:00-06:00,0.6,0.0,0.009,0.01,0.104,17.0,0.002
2025-03-16 17:00:00-06:00,0.6,0.0,0.009,0.009,0.11,23.0,0.002
2025-03-16 18:00:00-06:00,0.6,0.0,0.01,0.01,0.091,24.0,0.001
2025-03-16 19:00:00-06:00,0.6,0.0,0.011,0.011,0.062,25.0,0.001
2025-03-16 20:00:00-06:00,0.6,0.0,0.015,0.014,0.042,21.0,0.002
2025-03-16 21:00:00-06:00,0.6,0.0,0.014,0.014,0.04,22.0,0.014
2025-03-16 22:00:00-06:00,0.6,0.0,0.014,0.014,0.035,19.0,0.01
2025-03-16 23:00:00-06:00,0.7,0.0,0.016,0.016,0.031,17.0,0.011
2025-03-17 00:00:00-06:00,0.6,0.0,0.013,0.013,0.031,20.0,0.009
2025-03-17 01:00:00-06:00,0.6,0.0,0.013,0.013,0.029,,0.008
2025-03-17 02:00:00-06:00,0.6,0.0,0.012,0.012,0.029,18.0,0.015
2025-03-17 03:00:00-06:00,0.6,0.0,0.014,0.013,0.026,18.0,0.018
2025-03-17 04:00:00-06:00,0.7,0.0,0.022,0.022,0.017,20.0,0.02
2025-03-17 05:00:00-06:00,0.6,0.0,0.016,0.016,0.022,24.0,0.015
2025-03-17 06:00:00-06:00,0.8,0.001,0.019,0.02,0.013,30.0,0.016
2025-03-17 07:00:00-06:00,0.9,0.004,0.025,0.029,0.006,40.0,0.017
2025-03-17 08:00:00-06:00,1.0,0.016,0.029,0.045,0.008,53.0,0.03
2025-03-17 09:00:00-06:00,1.1,0.016,0.027,0.043,0.02,47.0,0.043
2025-03-17 10:00:00-06:00,1.0,0.011,0.024,0.035,0.037,38.0,0.028
2025-03-17 11:00:00-06:00,1.0,0.009,0.027,0.036,0.054,41.0,0.025
2025-03-17 12:00:00-06:00,0.9,0.005,0.024,0.03,0.07,39.0,0.015
2025-03-17 13:00:00-06:00,0.7,0.004,0.019,0.023,0.077,38.0,0.009
2025-03-17 14:00:00-06:00,0.6,0.002,0.012,0.014,0.084,28.0,0.006
2025-03-17 15:00:00-06:00,0.5,0.001,0.009,0.01,0.088,18.0,0.004
2025-03-17 16:00:00-06:00,0.5,0.0,0.008,0.008,0.093,14.0,0.003
2025-03-17 17:00:00-06:00,0.5,0.0,0.008,0.008,0.095,14.0,0.002
2025-03-17 18:00:00-06:00,0.5,0.0,0.009,0.009,0.095,17.0,0.002
2025-03-17 19:00:00-06:00,0.6,0.0,0.012,0.012,0.101,19.0,0.003
2025-03-17 20:00:00-06:00,0.6,0.0,0.016,0.016,0.057,24.0,0.002
2025-03-17 21:00:00-06:00,0.6,0.0,0.017,0.018,0.034,23.0,0.001
2025-03-17 22:00:00-06:00,0.6,0.0,0.018,0.019,0.031,17.0,0.007
2025-03-17 23:00:00-06:00,0.7,0.0,0.021,0.021,0.028,10.0,0.012
2025-03-18 00:00:00-06:00,0.8,,,,,16.0,
2025-03-18 02:00:00-06:00,,,,,,10.0,
2025-03-18 03:00:00-06:00,,,,,,14.0,
2025-03-18 04:00:00-06:00,0.6,0.001,0.023,0.024,0.011,15.0,0.001
2025-03-18 05:00:00-06:00,0.6,0.001,0.021,0.021,0.013,14.0,0.001
2025-03-18 06:00:00-06:00,0.6,0.001,0.021,0.022,0.012,14.0,0.001
2025-03-18 07:00:00-06:00,0.8,0.016,0.032,0.048,0.005,18.0,0.001
2025-03-18 08:00:00-06:00,1.7,0.097,0.037,0.134,0.005,18.0,0.003
2025-03-18 09:00:00-06:00,1.4,0.032,0.037,0.069,0.018,25.0,0.003
2025-03-18 10:00:00-06:00,1.2,0.014,0.031,0.045,0.037,27.0,0.004
2025-03-18 11:00:00-06:00,1.0,,,,0.061,29.0,0.003
2025-03-18 12:00:00-06:00,0.7,0.002,0.013,0.015,0.077,32.0,0.002
2025-03-18 13:00:00-06:00,0.6,0.001,0.012,0.013,0.092,26.0,0.002
2025-03-18 14:00:00-06:00,0.7,0.002,0.016,0.018,0.105,22.0,0.003
2025-03-18 15:00:00-06:00,0.8,0.001,0.016,0.017,0.124,23.0,0.004
2025-03-18 16:00:00-06:00,0.8,0.0,0.016,0.017,0.142,21.0,0.004
2025-03-18 17:00:00-06:00,0.8,0.0,0.017,0.017,0.149,28.0,0.003
2025-03-18 18:00:00-06:00,0.7,0.0,0.016,0.016,0.103,32.0,0.002
2025-03-18 19:00:00-06:00,0.6,0.0,0.01,0.01,0.081,31.0,0.001
2025-03-18 20:00:00-06:00,0.7,0.0,0.015,0.015,0.069,22.0,0.001
2025-03-18 21:00:00-06:00,0.9,0.0,0.027,0.027,0.052,20.0,0.001
2025-03-18 22:00:00-06:00,1.1,0.001,0.046,0.046,0.03,16.0,0.001
2025-03-18 23:00:00-06:00,0.8,0.0,0.029,0.029,0.038,22.0,0.002
2025-03-19 00:00:00-06:00,0.7,0.0,0.017,0.017,0.04,21.0,0.002
2025-03-19 01:00:00-06:00,0.6,0.0,0.01,0.01,0.039,,0.001
2025-03-19 02:00:00-06:00,0.6,0.0,0.012,0.012,0.033,9.0,0.001
2025-03-19 03:00:00-06:00,0.8,0.0,0.023,0.023,0.024,16.0,0.001
2025-03-19 04:00:00-06:00,0.9,0.001,0.035,0.036,0.011,17.0,0.001
2025-03-19 05:00:00-06:00,0.8,0.002,0.032,0.033,0.014,25.0,0.001
2025-03-19 06:00:00-06:00,0.8,0.003,0.031,0.034,0.009,24.0,0.001
2025-03-19 07:00:00-06:00,1.1,0.03,0.036,0.066,0.003,31.0,0.001
2025-03-19 08:00:00-06:00,1.6,0.077,0.039,0.115,0.005,26.0,0.002
2025-03-19 09:00:00-06:00,1.5,0.034,0.046,0.079,0.021,30.0,0.002
2025-03-19 10:00:00-06:00,1.4,0.019,0.047,0.066,0.037,31.0,0.002
2025-03-19 11:00:00-06:00,1.4,0.019,0.058,0.077,0.052,34.0,0.003
2025-03-19 12:00:00-06:00,0.8,0.005,0.026,0.031,0.074,45.0,0.002
2025-03-19 13:00:00-06:00,0.7,0.002,0.017,0.019,0.097,32.0,0.002
2025-03-19 14:00:00-06:00,0.8,0.001,0.017,0.018,0.12,25.0,0.002
2025-03-19 15:00:00-06:00,0.8,0.001,0.018,0.018,0.138,25.0,0.003
2025-03-19 16:00:00-06:00,0.7,0.0,0.016,0.017,0.133,30.0,0.002
2025-03-19 17:00:00-06:00,0.7,0.0,0.016,0.016,0.12,25.0,0.002
2025-03-19 18:00:00-06:00,0.6,0.0,0.015,0.016,0.104,26.0,0.002
2025-03-19 19:00:00-06:00,0.7,0.001,0.025,0.026,0.074,25.0,0.004
2025-03-19 20:00:00-06:00,0.7,0.0,0.027,0.027,0.05,26.0,0.005
2025-03-19 21:00:00-06:00,0.7,0.0,0.017,0.017,0.044,17.0,0.001
2025-03-19 22:00:00-06:00,0.7,0.0,0.016,0.016,0.041,16.0,0.001
2025-03-19 23:00:00-06:00,0.7,0.0,0.012,0.012,0.041,16.0,0.001
2025-03-20 00:00:00-06:00,0.6,0.0,0.01,0.01,0.043,15.0,0.001
2025-03-20 01:00:00-06:00,0.5,0.0,0.009,0.009,0.043,,0.001
2025-03-20 02:00:00-06:00,0.6,0.0,0.008,0.007,0.045,21.0,0.003
2025-03-20 03:00:00-06:00,0.6,0.0,0.007,0.007,0.044,17.0,0.005
2025-03-20 04:00:00-06:00,0.5,0.0,0.008,0.008,0.041,23.0,0.007
2025-03-20 05:00:00-06:00,0.6,0.0,0.011,0.011,0.035,25.0,0.007
2025-03-20 06:00:00-06:00,0.5,0.0,0.012,0.012,0.031,28.0,0.002
2025-03-20 07:00:00-06:00,0.5,0.0,0.017,0.017,0.027,29.0,0.001
2025-03-20 08:00:00-06:00,0.6,0.001,0.022,0.023,0.023,38.0,0.001
2025-03-20 09:00:00-06:00,0.6,0.003,0.019,0.022,0.027,48.0,0.001
2025-03-20 10:00:00-06:00,0.7,0.005,0.017,0.023,0.031,51.0,0.001
2025-03-20 11:00:00-06:00,0.7,0.009,0.018,0.028,0.035,52.0,0.001
2025-03-20 12:00:00-06:00,0.7,0.008,0.019,0.027,0.044,52.0,0.001
2025-03-20 13:00:00-06:00,0.7,0.006,0.019,0.025,0.058,53.0,0.001
2025-03-20 14:00:00-06:00,0.8,0.003,0.018,0.021,0.079,56.0,0.001
2025-03-20 15:00:00-06:00,0.8,0.002,0.019,0.021,0.098,56.0,0.001
2025-03-20 16:00:00-06:00,0.9,0.001,0.021,0.022,0.11,55.0,0.001
2025-03-20 17:00:00-06:00,0.9,0.0,0.019,0.019,0.12,54.0,0.001
2025-03-20 18:00:00-06:00,0.6,0.0,0.013,0.013,0.091,53.0,0.001
2025-03-20 19:00:00-06:00,0.6,0.0,0.017,0.018,0.048,43.0,0.004
2025-03-20 20:00:00-06:00,0.8,0.001,0.03,0.031,0.023,38.0,0.003
2025-03-20 21:00:00-06:00,0.8,0.001,0.029,0.03,0.017,37.0,0.002
2025-03-20 22:00:00-06:00,0.8,0.0,0.026,0.026,0.02,25.0,0.017
2025-03-20 23:00:00-06:00,0.8,0.0,0.021,0.021,0.024,23.0,0.019
2025-03-21 00:00:00-06:00,0.7,0.0,0.021,0.021,0.021,21.0,0.018
2025-03-21 01:00:00-06:00,0.7,0.0,0.019,0.019,0.021,,0.018
2025-03-21 02:00:00-06:00,0.7,0.0,0.019,0.019,0.02,14.0,0.014
2025-03-21 03:00:00-06:00,0.7,0.001,0.022,0.023,0.014,15.0,0.011
2025-03-21 04:00:00-06:00,0.8,0.006,0.028,0.034,0.005,15.0,0.007
2025-03-21 05:00:00-06:00,0.7,0.005,0.028,0.033,0.004,18.0,0.005
2025-03-21 06:00:00-06:00,0.9,0.01,0.03,0.04,0.003,15.0,0.003
2025-03-21 07:00:00-06:00,1.1,0.049,0.029,0.077,0.004,19.0,0.003
2025-03-21 08:00:00-06:00,1.4,0.071,0.031,0.102,0.005,19.0,0.004
2025-03-21 09:00:00-06:00,1.4,0.045,0.039,0.084,0.013,23.0,0.003
2025-03-21 10:00:00-06:00,1.3,0.023,0.038,0.061,0.032,26.0,0.002
2025-03-21 11:00:00-06:00,1.1,0.01,0.03,0.039,0.053,31.0,0.002
2025-03-21 12:00:00-06:00,1.1,0.008,0.031,0.038,0.068,32.0,0.002
2025-03-21 13:00:00-06:00,0.8,0.003,0.018,0.021,0.081,30.0,0.001
2025-03-21 14:00:00-06:00,0.7,0.002,0.015,0.017,0.094,28.0,0.001
2025-03-21 15:00:00-06:00,0.7,0.001,0.015,0.015,0.107,23.0,0.001
2025-03-21 16:00:00-06:00,0.7,0.0,0.014,0.014,0.107,30.0,0.002
2025-03-21 17:00:00-06:00,0.7,0.0,0.013,0.013,0.105,25.0,0.002
2025-03-21 18:00:00-06:00,0.5,0.0,0.008,0.008,0.067,26.0,0.001
2025-03-21 19:00:00-06:00,0.7,0.0,0.017,0.017,0.062,21.0,0.001
2025-03-21 20:00:00-06:00,0.6,0.0,0.014,0.014,0.057,15.0,0.001
2025-03-21 21:00:00-06:00,0.9,0.001,0.026,0.027,0.036,19.0,0.001
2025-03-21 22:00:00-06:00,0.7,0.0,0.015,0.016,0.042,12.0,0.001
2025-03-21 23:00:00-06:00,0.7,0.0,0.019,0.019,0.037,18.0,0.001
2025-03-22 00:00:00-06:00,0.8,0.001,0.023,0.024,0.026,14.0,0.001
2025-03-22 01:00:00-06:00,1.0,0.001,0.029,0.029,0.015,,0.001
2025-03-22 02:00:00-06:00,0.9,0.001,0.029,0.029,0.014,22.0,0.001
2025-03-22 03:00:00-06:00,1.1,0.002,0.041,0.043,0.008,19.0,0.001
2025-03-22 04:00:00-06:00,1.2,0.005,0.045,0.05,0.003,18.0,0.001
2025-03-22 05:00:00-06:00,1.1,0.005,0.04,0.045,0.004,19.0,0.001
2025-03-22 06:00:00-06:00,1.1,0.007,0.038,0.045,0.004,21.0,0.001
2025-03-22 07:00:00-06:00,1.1,0.018,0.034,0.053,0.003,15.0,0.001
2025-03-22 08:00:00-06:00,1.1,0.035,0.032,0.066,0.004,21.0,0.001
2025-03-22 09:00:00-06:00,1.2,0.021,0.034,0.055,0.014,14.0,0.001
2025-03-22 10:00:00-06:00,1.0,0.009,0.026,0.036,0.036,25.0,0.001
2025-03-22 11:00:00-06:00,1.1,0.008,0.03,0.038,0.054,26.0,0.001
2025-03-22 12:00:00-06:00,1.0,0.005,0.03,0.036,0.072,28.0,0.002
2025-03-22 13:00:00-06:00,0.9,0.003,0.025,0.029,0.084,32.0,0.002
2025-03-22 14:00:00-06:00,0.9,0.001,0.022,0.023,0.088,23.0,0.001
2025-03-22 15:00:00-06:00,0.8,0.001,0.016,0.017,0.086,31.0,0.001
2025-03-22 16:00:00-06:00,0.8,0.0,0.018,0.018,0.078,21.0,0.001
2025-03-22 17:00:00-06:00,1.1,0.003,0.031,0.034,0.058,21.0,0.001
2025-03-22 18:00:00-06:00,1.0,0.001,0.028,0.029,0.073,20.0,0.001
2025-03-22 19:00:00-06:00,0.9,0.001,0.024,0.025,0.049,22.0,0.001
2025-03-22 20:00:00-06:00,1.1,0.001,0.031,0.032,0.027,24.0,0.001
2025-03-22 21:00:00-06:00,1.0,0.0,0.026,0.027,0.031,18.0,0.001
2025-03-22 22:00:00-06:00,1.1,0.001,0.034,0.035,0.019,19.0,0.001
2025-03-22 23:00:00-06:00,0.7,0.0,0.022,0.022,0.029,18.0,0.001
2025-03-23 00:00:00-06:00,0.9,0.0,0.025,0.026,0.018,12.0,0.001
2025-03-23 01:00:00-06:00,0.8,0.0,0.024,0.024,0.019,,0.001
2025-03-23 02:00:00-06:00,0.8,0.0,0.018,0.018,0.021,7.0,0.001
2025-03-23 03:00:00-06:00,0.9,0.005,0.026,0.031,0.009,10.0,0.001
2025-03-23 04:00:00-06:00,0.9,0.007,0.029,0.036,0.007,15.0,0.001
2025-03-23 05:00:00-06:00,0.9,0.003,0.027,0.03,0.008,14.0,0.001
2025-03-23 06:00:00-06:00,0.9,0.003,0.028,0.031,0.005,18.0,0.001
2025-03-23 07:00:00-06:00,1.0,0.012,0.029,0.04,0.003,15.0,0.001
2025-03-23 08:00:00-06:00,1.1,0.022,0.028,0.05,0.008,18.0,0.001
2025-03-23 09:00:00-06:00,1.2,0.015,0.032,0.047,0.026,17.0,0.001
2025-03-23 10:00:00-06:00,1.0,0.009,0.025,0.034,0.047,22.0,0.001
2025-03-23 11:00:00-06:00,0.9,0.004,0.02,0.024,0.073,30.0,0.001
2025-03-23 12:00:00-06:00,1.0,0.005,0.032,0.037,0.091,26.0,0.002
2025-03-23 13:00:00-06:00,0.7,0.002,0.017,0.018,0.098,32.0,0.003
2025-03-23 14:00:00-06:00,0.7,0.0,0.012,0.012,0.104,28.0,0.003
2025-03-23 15:00:00-06:00,0.7,0.0,0.011,0.011,0.111,23.0,0.002
2025-03-23 16:00:00-06:00,0.6,0.0,0.011,0.011,0.1,20.0,0.002
2025-03-23 17:00:00-06:00,0.4,0.0,0.005,0.005,0.066,21.0,0.001
2025-03-23 18:00:00-06:00,0.6,0.0,0.01,0.01,0.066,13.0,0.001
2025-03-23 19:00:00-06:00,0.8,0.0,0.02,0.02,0.06,12.0,0.001
2025-03-23 20:00:00-06:00,0.7,0.0,0.018,0.018,0.041,18.0,0.001
2025-03-23 21:00:00-06:00,0.8,0.0,0.028,0.028,0.027,13.0,0.001
2025-03-23 22:00:00-06:00,0.8,0.0,0.025,0.025,0.029,10.0,0.001
2025-03-23 23:00:00-06:00,0.9,0.0,0.029,0.03,0.02,14.0,0.0
2025-03-24 00:00:00-06:00,0.9,,,,,11.0,
2025-03-24 02:00:00-06:00,,,,,,12.0,
2025-03-24 03:00:00-06:00,,,,,,12.0,
2025-03-24 04:00:00-06:00,0.7,0.001,0.015,0.016,0.024,12.0,0.001
2025-03-24 05:00:00-06:00,0.7,0.001,0.02,0.021,0.015,16.0,0.001
2025-03-24 06:00:00-06:00,0.6,0.001,0.024,0.026,0.008,17.0,0.001
2025-03-24 07:00:00-06:00,1.0,0.034,0.03,0.064,0.004,15.0,0.001
2025-03-24 08:00:00-06:00,1.5,0.075,0.035,0.111,0.005,15.0,0.002
2025-03-24 09:00:00-06:00,1.4,0.037,0.039,0.077,0.017,21.0,0.002
2025-03-24 10:00:00-06:00,1.4,0.019,0.04,0.058,0.038,21.0,0.001
2025-03-24 11:00:00-06:00,1.2,0.009,0.033,0.042,0.06,25.0,0.001
2025-03-24 12:00:00-06:00,1.1,0.006,0.03,0.036,0.079,31.0,0.002
2025-03-24 13:00:00-06:00,0.7,0.002,0.013,0.014,0.082,31.0,0.001
2025-03-24 14:00:00-06:00,0.6,0.001,0.01,0.011,0.089,18.0,0.001
2025-03-24 15:00:00-06:00,0.6,0.001,0.011,0.012,0.073,16.0,0.001
2025-03-24 16:00:00-06:00,0.5,0.001,0.008,0.009,0.064,15.0,0.001
2025-03-24 17:00:00-06:00,0.5,0.0,0.007,0.008,0.063,15.0,0.001
2025-03-24 18:00:00-06:00,0.5,0.0,0.008,0.008,0.061,12.0,0.001
2025-03-24 19:00:00-06:00,0.5,0.0,0.008,0.008,0.057,15.0,0.001
2025-03-24 20:00:00-06:00,0.6,0.0,0.012,0.012,0.049,17.0,0.001
2025-03-24 21:00:00-06:00,0.6,0.0,0.015,0.015,0.044,20.0,0.001
2025-03-24 22:00:00-06:00,1.0,0.002,0.036,0.038,0.018,12.0,0.001
2025-03-24 23:00:00-06:00,0.8,0.001,0.026,0.027,0.029,15.0,0.001
2025-03-25 00:00:00-06:00,0.8,0.001,0.027,0.028,0.018,13.0,0.001
2025-03-25 01:00:00-06:00,0.8,0.0,0.021,0.021,0.023,,0.01
2025-03-25 02:00:00-06:00,0.7,0.0,0.011,0.011,0.031,31.0,0.013
2025-03-25 03:00:00-06:00,0.6,0.0,0.009,0.009,0.031,28.0,0.011
2025-03-25 04:00:00-06:00,0.6,0.0,0.012,0.013,0.025,30.0,0.008
2025-03-25 05:00:00-06:00,0.6,0.0,0.013,0.014,0.021,34.0,0.004
2025-03-25 06:00:00-06:00,0.6,0.0,0.015,0.016,0.019,27.0,0.004
2025-03-25 07:00:00-06:00,0.8,0.008,0.024,0.032,0.007,23.0,0.003
2025-03-25 08:00:00-06:00,1.2,0.033,0.03,0.063,0.005,27.0,0.003
2025-03-25 09:00:00-06:00,0.9,0.012,0.024,0.036,0.02,22.0,0.011
2025-03-25 10:00:00-06:00,1.1,0.016,0.027,0.043,0.027,28.0,0.012
2025-03-25 11:00:00-06:00,1.3,0.015,0.034,0.049,0.041,43.0,0.005
2025-03-25 16:00:00-06:00,0.5,0.0,0.011,0.011,0.094,27.0,0.002
2025-03-25 17:00:00-06:00,0.4,0.0,0.008,0.008,0.072,28.0,0.001
2025-03-25 18:00:00-06:00,0.4,0.0,0.01,0.01,0.067,25.0,0.001
2025-03-25 19:00:00-06:00,0.5,,0.012,0.011,0.055,18.0,0.001
2025-03-25 20:00:00-06:00,0.6,0.0,0.017,0.016,0.075,26.0,0.001
2025-03-25 21:00:00-06:00,0.8,0.001,0.031,0.031,0.03,24.0,0.001
2025-03-25 22:00:00-06:00,0.7,0.0,0.026,0.026,0.022,27.0,0.0
2025-03-25 23:00:00-06:00,0.7,0.0,0.024,0.024,0.021,22.0,0.0
2025-03-26 00:00:00-06:00,0.8,0.001,0.029,0.03,0.015,13.0,0.0
2025-03-26 01:00:00-06:00,0.7,0.001,0.025,0.026,0.017,,0.0
2025-03-26 02:00:00-06:00,0.7,0.001,0.024,0.024,0.014,12.0,0.0
2025-03-26 03:00:00-06:00,0.6,0.0,0.017,0.018,0.018,19.0,0.0
2025-03-26 04:00:00-06:00,0.6,0.002,0.021,0.023,0.006,20.0,0.0
2025-03-26 05:00:00-06:00,0.5,0.003,0.016,0.019,0.003,18.0,0.0
2025-03-26 06:00:00-06:00,0.5,0.008,0.014,0.022,0.002,24.0,0.0
2025-03-26 07:00:00-06:00,0.7,0.028,0.019,0.046,0.001,20.0,0.001
2025-03-26 08:00:00-06:00,1.1,0.04,0.025,0.065,0.003,21.0,0.001
2025-03-26 09:00:00-06:00,1.3,0.042,0.036,0.078,0.011,18.0,0.002
2025-03-26 10:00:00-06:00,1.1,0.018,0.036,0.054,0.031,24.0,0.002
2025-03-26 11:00:00-06:00,1.0,0.01,0.033,0.043,0.054,35.0,0.002
2025-03-26 12:00:00-06:00,1.0,0.005,0.032,0.036,0.089,36.0,0.001
2025-03-26 13:00:00-06:00,0.9,0.002,0.026,0.028,0.103,36.0,0.002
2025-03-26 14:00:00-06:00,0.6,0.0,0.015,0.015,0.1,37.0,0.002
2025-03-26 15:00:00-06:00,0.6,0.001,0.017,0.017,0.074,22.0,0.001
2025-03-26 16:00:00-06:00,0.6,0.001,0.019,0.02,0.051,25.0,0.001
2025-03-26 17:00:00-06:00,0.6,0.003,0.02,0.022,0.05,14.0,0.0
2025-03-26 18:00:00-06:00,0.6,0.004,0.022,0.027,0.048,21.0,0.001
2025-03-26 19:00:00-06:00,0.7,0.003,0.028,0.031,0.043,7.0,0.001
2025-03-26 20:00:00-06:00,0.8,0.002,0.034,0.036,0.024,12.0,0.001
2025-03-26 21:00:00-06:00,1.3,0.005,0.052,0.056,0.006,16.0,0.001
2025-03-26 22:00:00-06:00,1.4,0.021,0.053,0.074,0.001,16.0,0.001
2025-03-26 23:00:00-06:00,1.7,0.043,0.046,0.089,0.001,21.0,0.001
2025-03-27 00:00:00-06:00,1.6,0.049,0.037,0.085,0.001,16.0,0.001
2025-03-27 01:00:00-06:00,1.4,0.039,0.029,0.068,0.001,,0.001
2025-03-27 02:00:00-06:00,1.2,0.03,0.028,0.058,0.001,16.0,0.001
2025-03-27 03:00:00-06:00,0.7,0.005,0.025,0.029,0.004,23.0,0.001
2025-03-27 04:00:00-06:00,0.5,0.003,0.02,0.023,0.003,18.0,0.0
2025-03-27 05:00:00-06:00,0.4,0.004,0.017,0.021,0.004,16.0,0.0
2025-03-27 06:00:00-06:00,0.5,0.008,0.021,0.029,0.001,13.0,0.001
2025-03-27 07:00:00-06:00,0.8,0.034,0.023,0.057,0.001,16.0,0.001
2025-03-27 08:00:00-06:00,1.5,0.089,0.03,0.119,0.003,15.0,0.002
2025-03-27 09:00:00-06:00,1.7,0.07,0.048,0.118,0.012,19.0,0.002
2025-03-27 10:00:00-06:00,1.2,0.021,0.04,0.061,0.035,24.0,0.002
2025-03-27 11:00:00-06:00,0.8,0.007,0.026,0.032,0.056,32.0,0.001
2025-03-27 12:00:00-06:00,0.5,0.002,0.011,0.013,0.07,27.0,0.001
2025-03-27 13:00:00-06:00,0.5,0.0,0.01,0.01,0.079,19.0,0.001
2025-03-27 14:00:00-06:00,0.4,0.0,0.007,0.007,0.064,22.0,0.0
2025-03-27 15:00:00-06:00,0.4,0.0,0.006,0.006,0.059,15.0,0.0
2025-03-27 16:00:00-06:00,0.3,0.0,0.004,0.005,0.054,16.0,0.001
2025-03-27 17:00:00-06:00,0.3,0.0,0.004,0.004,0.052,14.0,0.001
2025-03-27 18:00:00-06:00,0.3,0.0,0.003,0.003,0.049,13.0,0.001
2025-03-27 19:00:00-06:00,0.3,0.0,0.005,0.005,0.046,17.0,0.001
2025-03-27 20:00:00-06:00,0.4,0.0,0.009,0.009,0.04,14.0,0.001
2025-03-27 21:00:00-06:00,0.4,0.0,0.011,0.01,0.033,22.0,0.001
2025-03-27 22:00:00-06:00,0.5,0.001,0.016,0.017,0.026,10.0,0.001
2025-03-27 23:00:00-06:00,0.6,0.004,0.029,0.032,0.013,12.0,0.001
2025-03-28 00:00:00-06:00,0.6,0.002,0.028,0.03,0.013,10.0,0.001
2025-03-28 01:00:00-06:00,0.6,0.003,0.026,0.029,0.011,,0.001
2025-03-28 02:00:00-06:00,0.6,0.003,0.026,0.029,0.011,7.0,0.001
2025-03-28 03:00:00-06:00,0.3,0.0,0.012,0.012,0.023,11.0,0.0
2025-03-28 04:00:00-06:00,0.3,0.0,0.009,0.008,0.025,9.0,0.001
2025-03-28 05:00:00-06:00,0.3,0.0,0.011,0.01,0.023,8.0,0.001
2025-03-28 06:00:00-06:00,0.3,0.001,0.017,0.017,0.017,13.0,0.0
2025-03-28 07:00:00-06:00,0.5,0.013,0.028,0.04,0.006,14.0,0.001
2025-03-28 08:00:00-06:00,1.2,0.06,0.035,0.095,0.005,16.0,0.002
2025-03-28 09:00:00-06:00,1.0,0.029,0.03,0.059,0.019,14.0,0.001
2025-03-28 10:00:00-06:00,0.6,0.009,0.018,0.028,0.036,19.0,0.001
2025-03-28 11:00:00-06:00,0.4,0.003,0.009,0.012,0.048,14.0,0.001
2025-03-28 12:00:00-06:00,0.4,0.002,0.009,0.011,0.057,13.0,0.001
2025-03-28 13:00:00-06:00,0.3,0.001,0.006,0.007,0.054,11.0,0.001
2025-03-28 14:00:00-06:00,0.2,0.0,0.002,0.002,0.049,7.0,0.0
2025-03-28 15:00:00-06:00,0.2,0.0,0.002,0.001,0.049,8.0,0.0
2025-03-28 16:00:00-06:00,0.2,0.0,0.003,0.003,0.052,8.0,0.001
2025-03-28 17:00:00-06:00,0.2,0.0,0.004,0.004,0.048,8.0,0.001
2025-03-28 18:00:00-06:00,0.2,0.0,0.004,0.004,0.045,11.0,0.001
2025-03-28 19:00:00-06:00,0.2,0.0,0.005,0.005,0.041,13.0,0.0
2025-03-28 20:00:00-06:00,0.3,0.0,0.009,0.009,0.037,12.0,0.0
2025-03-28 21:00:00-06:00,0.3,0.0,0.013,0.013,0.033,9.0,0.001
2025-03-28 22:00:00-06:00,0.6,0.002,0.029,0.031,0.015,7.0,0.001
2025-03-28 23:00:00-06:00,1.1,0.039,0.041,0.081,0.002,10.0,0.001
2025-03-29 00:00:00-06:00,1.1,0.036,0.039,0.074,0.002,18.0,0.001
2025-03-29 01:00:00-06:00,1.0,0.029,0.035,0.064,0.002,,0.001
2025-03-29 02:00:00-06:00,0.8,0.014,0.032,0.047,0.004,9.0,0.001
2025-03-29 03:00:00-06:00,0.5,0.001,0.02,0.021,0.016,14.0,0.0
2025-03-29 04:00:00-06:00,0.3,0.0,0.015,0.015,0.022,12.0,0.0
2025-03-29 05:00:00-06:00,0.3,0.001,0.017,0.018,0.015,9.0,0.0
2025-03-29 06:00:00-06:00,0.4,0.002,0.027,0.03,0.005,10.0,0.0
2025-03-29 07:00:00-06:00,0.5,0.008,0.031,0.039,0.005,9.0,0.001
2025-03-29 08:00:00-06:00,0.9,0.043,0.031,0.075,0.006,10.0,0.001
2025-03-29 09:00:00-06:00,1.1,0.043,0.038,0.082,0.018,9.0,0.001
2025-03-29 10:00:00-06:00,0.6,0.012,0.024,0.035,0.039,14.0,0.001
2025-03-29 11:00:00-06:00,0.4,0.003,0.011,0.015,0.057,14.0,0.001
2025-03-29 12:00:00-06:00,0.3,0.002,0.009,0.011,0.062,21.0,0.001
2025-03-29 13:00:00-06:00,0.3,0.001,0.007,0.008,0.071,12.0,0.001
2025-03-29 14:00:00-06:00,0.3,0.0,0.006,0.006,0.075,8.0,0.0
2025-03-29 15:00:00-06:00,0.3,0.0,0.006,0.006,0.08,10.0,0.001
2025-03-29 16:00:00-06:00,0.3,0.0,0.006,0.007,0.07,11.0,0.001
2025-03-29 17:00:00-06:00,0.3,0.0,0.006,0.006,0.068,17.0,0.001
2025-03-29 18:00:00-06:00,0.3,0.0,0.004,0.003,0.067,17.0,0.001
2025-03-29 19:00:00-06:00,0.3,0.0,0.005,0.005,0.054,16.0,0.001
2025-03-29 20:00:00-06:00,0.3,,0.007,0.007,0.044,18.0,0.001
2025-03-29 21:00:00-06:00,0.4,0.0,0.015,0.015,0.033,23.0,0.001
2025-03-29 22:00:00-06:00,0.6,0.001,0.023,0.024,0.022,7.0,0.001
2025-03-29 23:00:00-06:00,0.8,0.004,0.035,0.04,0.008,9.0,0.001
2025-03-30 00:00:00-06:00,0.6,,,,,11.0,
2025-03-30 02:00:00-06:00,,,,,,12.0,
2025-03-30 03:00:00-06:00,,,,,,11.0,
2025-03-30 04:00:00-06:00,1.0,0.019,0.029,0.049,0.002,9.0,0.001
2025-03-30 05:00:00-06:00,0.9,0.019,0.027,0.046,0.002,17.0,0.001
2025-03-30 06:00:00-06:00,0.9,0.016,0.027,0.043,0.001,22.0,0.001
2025-03-30 07:00:00-06:00,0.9,0.029,0.028,0.056,0.002,24.0,0.001
2025-03-30 08:00:00-06:00,0.9,0.025,0.027,0.052,0.008,19.0,0.001
2025-03-30 09:00:00-06:00,0.8,0.015,0.028,0.044,0.025,14.0,0.001
2025-03-30 10:00:00-06:00,0.7,0.007,0.022,0.029,0.047,17.0,0.001
2025-03-30 11:00:00-06:00,0.5,0.003,0.014,0.017,0.064,25.0,0.001
2025-03-30 12:00:00-06:00,0.5,0.001,0.012,0.013,0.079,22.0,0.001
2025-03-30 13:00:00-06:00,0.5,0.001,0.012,0.013,0.103,21.0,0.002
2025-03-30 14:00:00-06:00,0.4,0.0,0.009,0.01,0.107,22.0,0.002
2025-03-30 15:00:00-06:00,0.4,0.0,0.009,0.009,0.108,20.0,0.002
2025-03-30 16:00:00-06:00,0.4,0.0,0.01,0.009,0.126,17.0,0.002
2025-03-30 17:00:00-06:00,0.5,0.0,0.013,0.013,0.135,21.0,0.002
2025-03-30 18:00:00-06:00,0.5,0.0,0.015,0.014,0.129,25.0,0.003
2025-03-30 19:00:00-06:00,0.6,0.0,0.018,0.018,0.067,24.0,0.001
2025-03-30 20:00:00-06:00,0.7,0.0,0.027,0.027,0.044,21.0,0.001
2025-03-30 21:00:00-06:00,0.7,0.0,0.029,0.03,0.034,19.0,0.001
2025-03-30 22:00:00-06:00,0.9,0.0,0.035,0.036,0.019,12.0,0.001
2025-03-30 23:00:00-06:00,1.1,0.006,0.051,0.056,0.004,21.0,0.001
2025-03-31 00:00:00-06:00,0.8,0.001,0.033,0.035,0.025,18.0,0.002
2025-03-31 01:00:00-06:00,0.8,0.002,0.032,0.034,0.021,,0.002
2025-03-31 02:00:00-06:00,1.1,0.013,0.046,0.059,0.003,16.0,0.001
2025-03-31 03:00:00-06:00,0.8,0.005,0.04,0.045,0.006,22.0,0.001
2025-03-31 04:00:00-06:00,0.9,0.007,0.04,0.047,0.003,13.0,0.001
2025-03-31 05:00:00-06:00,0.8,0.007,0.038,0.045,0.002,19.0,0.001
2025-03-31 06:00:00-06:00,0.6,0.002,0.032,0.034,0.006,22.0,0.001
2025-03-31 07:00:00-06:00,0.7,0.021,0.035,0.056,0.002,18.0,0.001
2025-03-31 08:00:00-06:00,1.8,0.122,0.043,0.165,0.003,16.0,0.003
2025-03-31 09:00:00-06:00,1.6,0.063,0.053,0.116,0.012,23.0,0.002
2025-03-31 10:00:00-06:00,1.4,0.023,0.051,0.074,0.03,28.0,0.002
2025-03-31 11:00:00-06:00,1.3,0.014,0.049,0.063,0.045,32.0,0.002
2025-03-31 12:00:00-06:00,1.0,0.008,0.039,0.046,0.065,34.0,0.002
2025-03-31 13:00:00-06:00,0.8,0.005,0.035,0.04,0.08,32.0,0.002
2025-03-31 14:00:00-06:00,0.4,0.001,0.01,0.011,0.078,28.0,0.001
2025-03-31 15:00:00-06:00,0.4,0.0,0.008,0.008,0.085,14.0,0.001
2025-03-31 16:00:00-06:00,0.4,0.0,0.009,0.009,0.104,7.0,0.002
2025-03-31 17:00:00-06:00,0.5,0.0,0.015,0.015,0.125,21.0,0.002
2025-03-31 18:00:00-06:00,0.6,0.0,0.02,0.019,0.129,25.0,0.003
2025-03-31 19:00:00-06:00,0.6,0.0,0.022,0.022,0.071,30.0,0.001
2025-03-31 20:00:00-06:00,0.6,0.0,0.022,0.022,0.055,28.0,0.001
2025-03-31 21:00:00-06:00,0.9,0.002,0.048,0.05,0.035,16.0,0.001
2025-03-31 22:00:00-06:00,1.3,0.012,0.058,0.07,0.017,16.0,0.001
2025-03-31 23:00:00-06:00,0.8,0.001,0.037,0.038,0.028,24.0,0.001
2025-04-01 00:00:00-06:00,0.7,0.0,0.035,0.035,0.026,16.0,0.002
2025-04-01 01:00:00-06:00,0.6,0.0,0.024,0.024,0.031,,0.002
2025-04-01 02:00:00-06:00,0.6,0.0,0.022,0.022,0.028,16.0,0.002
2025-04-01 03:00:00-06:00,0.5,0.0,0.021,0.02,0.029,17.0,0.001
2025-04-01 04:00:00-06:00,0.5,0.0,0.02,0.02,0.023,19.0,0.001
2025-04-01 05:00:00-06:00,0.6,0.001,0.034,0.035,0.011,16.0,0.001
2025-04-01 06:00:00-06:00,0.6,0.003,0.039,0.042,0.002,26.0,0.001
2025-04-01 07:00:00-06:00,0.7,0.014,0.039,0.053,0.002,23.0,0.001
2025-04-01 08:00:00-06:00,1.6,0.115,0.047,0.162,0.004,24.0,0.003
2025-04-01 09:00:00-06:00,1.5,0.039,0.047,0.086,0.022,25.0,0.002
2025-04-01 10:00:00-06:00,1.1,0.012,0.036,0.048,0.045,30.0,0.002
2025-04-01 11:00:00-06:00,0.9,0.007,0.032,0.039,0.067,32.0,0.002
2025-04-01 12:00:00-06:00,0.9,0.006,0.032,0.038,0.082,29.0,0.002
2025-04-01 13:00:00-06:00,0.6,0.002,0.019,0.021,0.1,32.0,0.002
2025-04-01 14:00:00-06:00,0.6,0.001,0.015,0.016,0.119,27.0,0.002
2025-04-01 15:00:00-06:00,0.5,0.0,0.013,0.013,0.11,23.0,0.002
2025-04-01 16:00:00-06:00,0.5,0.0,0.009,0.009,0.094,25.0,0.002
2025-04-01 17:00:00-06:00,0.5,0.0,0.011,0.012,0.096,26.0,0.002
2025-04-01 18:00:00-06:00,0.5,0.0,0.01,0.009,0.08,29.0,0.002
2025-04-01 19:00:00-06:00,0.5,0.0,0.01,0.009,0.072,35.0,0.001
2025-04-01 20:00:00-06:00,0.5,0.0,0.011,0.011,0.07,30.0,0.002
2025-04-01 21:00:00-06:00,0.5,0.0,0.019,0.019,0.052,21.0,0.002
2025-04-01 22:00:00-06:00,0.6,0.0,0.024,0.024,0.039,16.0,0.002
2025-04-01 23:00:00-06:00,0.9,0.002,0.05,0.052,0.014,15.0,0.001
2025-04-02 00:00:00-06:00,1.1,0.015,0.054,0.069,0.003,,0.001
2025-04-02 01:00:00-06:00,1.0,0.021,0.049,0.07,0.002,,0.001
2025-04-02 02:00:00-06:00,1.0,0.015,0.045,0.06,0.002,29.0,0.001
2025-04-02 03:00:00-06:00,0.7,0.003,0.033,0.036,0.012,19.0,0.001
2025-04-02 04:00:00-06:00,0.5,0.0,0.022,0.022,0.018,13.0,0.001
2025-04-02 05:00:00-06:00,0.6,0.003,0.033,0.036,0.004,17.0,0.001
2025-04-02 06:00:00-06:00,0.6,0.004,0.035,0.038,0.005,17.0,0.001
2025-04-02 07:00:00-06:00,0.7,0.018,0.038,0.056,0.003,17.0,0.001
2025-04-02 08:00:00-06:00,1.5,0.086,0.04,0.126,0.005,16.0,0.002
2025-04-02 09:00:00-06:00,1.1,0.022,0.037,0.059,0.026,18.0,0.002
2025-04-02 10:00:00-06:00,1.0,0.013,0.034,0.047,0.044,21.0,0.002
2025-04-02 11:00:00-06:00,0.7,0.005,0.025,0.03,0.069,25.0,0.002
2025-04-02 12:00:00-06:00,0.6,0.002,0.017,0.019,0.085,28.0,0.003
2025-04-02 13:00:00-06:00,0.5,0.001,0.011,0.012,0.092,18.0,0.004
2025-04-02 14:00:00-06:00,0.4,0.001,0.008,0.008,0.075,23.0,0.006
2025-04-02 15:00:00-06:00,0.4,0.001,0.009,0.01,0.076,23.0,0.007
2025-04-02 16:00:00-06:00,0.4,0.001,0.011,0.011,0.08,23.0,0.004
2025-04-02 17:00:00-06:00,0.4,0.0,0.009,0.009,0.082,27.0,0.003
2025-04-02 18:00:00-06:00,0.5,0.0,0.008,0.008,0.074,30.0,0.003
2025-04-02 19:00:00-06:00,0.4,0.0,0.009,0.008,0.065,24.0,0.003
2025-04-02 20:00:00-06:00,0.5,,0.008,0.008,0.057,31.0,0.002
2025-04-02 21:00:00-06:00,0.6,0.0,0.017,0.017,0.041,20.0,0.002
2025-04-02 22:00:00-06:00,0.7,0.0,0.031,0.032,0.024,22.0,0.002
2025-04-02 23:00:00-06:00,0.9,0.002,0.037,0.039,0.016,14.0,0.002
2025-04-03 00:00:00-06:00,0.7,0.001,0.034,0.035,0.017,14.0,0.002
2025-04-03 01:00:00-06:00,0.8,0.005,0.037,0.042,0.007,,0.001
2025-04-03 02:00:00-06:00,0.8,0.005,0.038,0.043,0.004,14.0,0.001
2025-04-03 03:00:00-06:00,0.7,0.002,0.033,0.036,0.006,18.0,0.001
2025-04-03 04:00:00-06:00,0.7,0.005,0.034,0.039,0.004,16.0,0.001
2025-04-03 05:00:00-06:00,0.6,0.007,0.032,0.038,0.006,14.0,0.001
2025-04-03 06:00:00-06:00,0.4,0.001,0.02,0.021,0.016,22.0,0.001
2025-04-03 07:00:00-06:00,0.7,0.016,0.033,0.049,0.003,16.0,0.001
2025-04-03 08:00:00-06:00,1.5,0.085,0.041,0.126,0.004,13.0,0.003
2025-04-03 09:00:00-06:00,1.3,0.032,0.043,0.076,0.022,19.0,0.002
2025-04-03 10:00:00-06:00,0.9,0.013,0.033,0.046,0.045,23.0,0.002
2025-04-03 11:00:00-06:00,0.7,0.005,0.023,0.028,0.067,26.0,0.002
2025-04-03 12:00:00-06:00,0.5,0.002,0.013,0.015,0.07,26.0,0.001
2025-04-03 13:00:00-06:00,0.3,0.001,0.007,0.008,0.058,21.0,0.001
2025-04-03 14:00:00-06:00,0.3,0.002,0.008,0.01,0.06,15.0,0.001
2025-04-03 15:00:00-06:00,0.3,0.001,0.007,0.008,0.067,15.0,0.001
2025-04-03 16:00:00-06:00,0.4,0.001,0.007,0.008,0.069,12.0,0.001
2025-04-03 17:00:00-06:00,0.4,0.001,0.008,0.009,0.067,19.0,0.001
2025-04-03 18:00:00-06:00,0.4,0.001,0.01,0.011,0.06,23.0,0.001
2025-04-03 19:00:00-06:00,0.4,0.0,0.011,0.011,0.055,19.0,0.001
2025-04-03 20:00:00-06:00,0.4,0.0,0.011,0.01,0.048,32.0,0.001
2025-04-03 21:00:00-06:00,0.5,0.0,0.016,0.016,0.039,17.0,0.001
2025-04-03 22:00:00-06:00,0.5,0.0,0.016,0.015,0.037,13.0,0.001
2025-04-03 23:00:00-06:00,0.6,0.0,0.022,0.022,0.029,10.0,0.001
2025-04-04 00:00:00-06:00,0.8,0.001,0.039,0.04,0.012,12.0,0.001
2025-04-04 01:00:00-06:00,0.7,0.0,0.028,0.028,0.016,,0.001
2025-04-04 02:00:00-06:00,0.6,0.0,0.024,0.024,0.013,17.0,0.001
2025-04-04 03:00:00-06:00,0.6,0.001,0.028,0.03,0.008,9.0,0.001
2025-04-04 04:00:00-06:00,0.6,0.002,0.03,0.032,0.006,9.0,0.001
2025-04-04 05:00:00-06:00,0.5,0.0,0.024,0.024,0.01,12.0,0.001
2025-04-04 06:00:00-06:00,0.5,0.003,0.029,0.032,0.006,16.0,0.001
2025-04-04 07:00:00-06:00,0.8,0.053,0.033,0.086,0.002,14.0,0.002
2025-04-04 08:00:00-06:00,1.5,0.101,0.041,0.142,0.004,13.0,0.003
2025-04-04 09:00:00-06:00,1.1,0.035,0.042,0.077,0.021,20.0,0.002
2025-04-04 10:00:00-06:00,0.7,0.01,0.024,0.034,0.043,23.0,0.001
2025-04-04 11:00:00-06:00,0.6,0.004,0.018,0.022,0.061,21.0,0.001
2025-04-04 12:00:00-06:00,0.5,0.002,0.012,0.014,0.064,13.0,0.001
2025-04-04 13:00:00-06:00,0.4,0.001,0.008,0.009,0.069,21.0,0.001
2025-04-04 14:00:00-06:00,0.4,0.001,0.01,0.011,0.082,13.0,0.001
2025-04-04 15:00:00-06:00,0.3,0.0,0.004,0.005,0.054,16.0,0.0
2025-04-04 16:00:00-06:00,0.3,0.0,0.003,0.003,0.052,19.0,0.001
2025-04-04 17:00:00-06:00,0.4,0.001,0.007,0.008,0.056,14.0,0.001
2025-04-04 18:00:00-06:00,0.5,0.0,0.007,0.007,0.055,24.0,0.001
2025-04-04 19:00:00-06:00,0.5,0.0,0.01,0.01,0.045,37.0,0.001
2025-04-04 20:00:00-06:00,0.5,0.0,0.011,0.011,0.037,25.0,0.001
2025-04-04 21:00:00-06:00,0.5,0.001,0.017,0.018,0.028,22.0,0.001
2025-04-04 22:00:00-06:00,0.8,0.014,0.032,0.046,0.01,9.0,0.001
2025-04-04 23:00:00-06:00,1.1,0.033,0.037,0.071,0.002,9.0,0.001
2025-04-05 00:00:00-06:00,1.0,,,,,8.0,
2025-04-05 02:00:00-06:00,,,,,,5.0,
2025-04-05 03:00:00-06:00,,,,,,8.0,
2025-04-05 04:00:00-06:00,0.8,0.008,0.031,0.039,0.002,9.0,0.001
2025-04-05 05:00:00-06:00,0.7,0.013,0.03,0.042,0.002,10.0,0.001
2025-04-05 06:00:00-06:00,0.6,0.006,0.029,0.035,0.002,14.0,0.001
2025-04-05 07:00:00-06:00,0.7,0.021,0.028,0.049,0.002,12.0,0.001
2025-04-05 08:00:00-06:00,1.1,0.068,0.032,0.099,0.005,12.0,0.002
2025-04-05 09:00:00-06:00,1.0,0.027,0.034,0.061,0.022,13.0,0.001
2025-04-05 10:00:00-06:00,0.7,0.01,0.026,0.036,0.04,16.0,0.001
2025-04-05 11:00:00-06:00,0.6,0.004,0.015,0.018,0.056,23.0,0.001
2025-04-05 12:00:00-06:00,0.4,0.001,0.009,0.009,0.067,16.0,0.001
2025-04-05 13:00:00-06:00,0.4,0.001,0.01,0.011,0.079,15.0,0.001
2025-04-05 14:00:00-06:00,0.4,0.0,0.008,0.008,0.084,15.0,0.001
2025-04-05 15:00:00-06:00,0.4,0.0,0.009,0.009,0.087,10.0,0.001
2025-04-05 16:00:00-06:00,0.3,0.0,0.004,0.004,0.055,13.0,0.001
2025-04-05 17:00:00-06:00,0.4,0.0,0.003,0.003,0.05,24.0,0.001
2025-04-05 18:00:00-06:00,0.3,0.0,0.003,0.003,0.047,27.0,0.001
2025-04-05 19:00:00-06:00,0.4,0.0,0.006,0.006,0.045,31.0,0.001
2025-04-05 20:00:00-06:00,0.4,,0.006,0.006,0.038,23.0,0.001
2025-04-05 21:00:00-06:00,0.5,0.0,0.012,0.011,0.028,14.0,0.001
2025-04-05 22:00:00-06:00,0.4,0.0,0.009,0.008,0.03,14.0,0.001
2025-04-05 23:00:00-06:00,0.4,,0.006,0.006,0.031,15.0,0.001
2025-04-06 00:00:00-06:00,0.6,0.001,0.019,0.019,0.016,10.0,0.001
2025-04-06 01:00:00-06:00,0.8,0.003,0.029,0.031,0.005,,0.001
2025-04-06 03:00:00-06:00,0.8,0.003,0.029,0.031,0.005,,0.001
2025-04-06 04:00:00-06:00,0.8,0.003,0.029,0.031,0.005,,0.001
2025-04-06 05:00:00-06:00,0.8,0.003,0.029,0.031,0.005,,0.001
2025-04-06 06:00:00-06:00,0.8,0.003,0.029,0.031,0.005,,0.001
2025-04-06 07:00:00-06:00,0.8,0.003,0.029,0.031,0.005,,0.001
2025-04-06 08:00:00-06:00,0.8,0.003,0.029,0.031,0.005,,0.001
2025-04-06 09:00:00-06:00,0.8,0.003,0.029,0.031,0.005,15.0,0.001
2025-04-06 10:00:00-06:00,0.7,0.006,0.017,0.023,0.042,21.0,0.001
2025-04-06 11:00:00-06:00,0.6,0.002,0.012,0.014,0.064,25.0,0.001
2025-04-06 12:00:00-06:00,0.5,0.0,0.009,0.01,0.075,26.0,0.001
2025-04-06 13:00:00-06:00,0.4,0.0,0.005,0.005,0.067,28.0,0.001
2025-04-06 14:00:00-06:00,0.3,0.0,0.004,0.004,0.061,22.0,0.001
2025-04-06 15:00:00-06:00,0.3,0.0,0.003,0.003,0.06,14.0,0.001
2025-04-06 16:00:00-06:00,0.4,0.0,0.004,0.004,0.069,19.0,0.001
2025-04-06 17:00:00-06:00,0.4,0.0,0.004,0.004,0.065,23.0,0.001
2025-04-06 18:00:00-06:00,0.4,0.0,0.004,0.004,0.055,33.0,0.001
2025-04-06 19:00:00-06:00,0.4,,0.005,0.005,0.046,28.0,0.001
2025-04-06 20:00:00-06:00,0.4,,0.006,0.005,0.038,23.0,0.001
2025-04-06 21:00:00-06:00,0.4,0.0,0.009,0.008,0.029,14.0,0.001
2025-04-06 22:00:00-06:00,0.6,0.0,0.019,0.019,0.016,9.0,0.001
2025-04-06 23:00:00-06:00,0.5,0.0,0.015,0.015,0.02,8.0,0.001
2025-04-07 00:00:00-06:00,0.4,0.0,0.009,0.009,0.024,5.0,0.0
2025-04-07 01:00:00-06:00,0.5,0.0,0.017,0.017,0.015,,0.001
2025-04-07 02:00:00-06:00,0.5,0.001,0.023,0.024,0.006,11.0,0.001
2025-04-07 03:00:00-06:00,0.4,0.001,0.019,0.02,0.012,3.0,0.001
2025-04-07 04:00:00-06:00,0.4,0.0,0.016,0.017,0.012,6.0,0.001
2025-04-07 05:00:00-06:00,0.4,0.0,0.016,0.016,0.009,2.0,0.0
2025-04-07 06:00:00-06:00,0.4,0.003,0.02,0.023,0.004,9.0,0.0
2025-04-07 07:00:00-06:00,0.8,0.037,0.026,0.063,0.002,6.0,0.001
2025-04-07 08:00:00-06:00,1.5,0.078,0.032,0.109,0.005,11.0,0.002
2025-04-07 09:00:00-06:00,1.1,0.033,0.03,0.063,0.019,10.0,0.001
2025-04-07 10:00:00-06:00,0.5,0.004,0.011,0.015,0.04,16.0,0.001
2025-04-07 11:00:00-06:00,0.4,0.002,0.007,0.008,0.05,15.0,0.001
2025-04-07 12:00:00-06:00,0.4,0.002,0.009,0.012,0.057,14.0,0.001
2025-04-07 13:00:00-06:00,0.3,0.001,0.004,0.005,0.049,12.0,0.001
2025-04-07 14:00:00-06:00,0.3,0.0,0.003,0.003,0.048,13.0,0.001
2025-04-07 15:00:00-06:00,0.3,0.0,0.003,0.002,0.05,16.0,0.001
2025-04-07 16:00:00-06:00,0.4,0.0,0.003,0.003,0.047,29.0,0.001
2025-04-07 17:00:00-06:00,0.3,0.0,0.002,0.002,0.043,25.0,0.001
2025-04-07 18:00:00-06:00,0.3,0.0,0.004,0.004,0.04,27.0,0.001
2025-04-07 19:00:00-06:00,0.4,0.0,0.006,0.006,0.035,21.0,0.001
2025-04-07 20:00:00-06:00,0.4,0.0,0.009,0.008,0.031,22.0,0.001
2025-04-07 21:00:00-06:00,0.3,0.0,0.007,0.006,0.035,8.0,0.0
2025-04-07 22:00:00-06:00,0.5,0.0,0.011,0.01,0.028,6.0,0.001
2025-04-07 23:00:00-06:00,0.6,0.001,0.018,0.019,0.02,6.0,0.001
2025-04-08 00:00:00-06:00,0.6,0.001,0.024,0.025,0.015,10.0,0.001
2025-04-08 01:00:00-06:00,0.5,0.0,0.022,0.022,0.016,,0.003
2025-04-08 02:00:00-06:00,0.6,0.0,0.025,0.025,0.01,12.0,0.003
2025-04-08 03:00:00-06:00,0.6,0.001,0.031,0.031,0.004,9.0,0.003
2025-04-08 04:00:00-06:00,0.5,0.001,0.03,0.031,0.003,9.0,0.004
2025-04-08 05:00:00-06:00,0.6,0.001,0.026,0.028,0.004,10.0,0.02
2025-04-08 06:00:00-06:00,0.7,0.004,0.028,0.032,0.002,15.0,0.028
2025-04-08 07:00:00-06:00,0.7,0.011,0.028,0.039,0.002,25.0,0.022
2025-04-08 08:00:00-06:00,1.0,0.033,0.029,0.061,0.006,25.0,0.019
2025-04-08 09:00:00-06:00,1.3,0.04,0.035,0.075,0.014,25.0,0.021
2025-04-08 10:00:00-06:00,1.3,0.031,0.041,0.072,0.024,27.0,0.024
2025-04-08 11:00:00-06:00,1.3,0.023,0.048,0.071,0.038,35.0,0.02
2025-04-08 12:00:00-06:00,1.1,0.012,0.041,0.052,0.061,43.0,0.017
2025-04-08 13:00:00-06:00,0.9,0.005,0.031,0.036,0.079,52.0,0.016
2025-04-08 14:00:00-06:00,0.8,0.002,0.024,0.027,0.096,43.0,0.012
2025-04-08 15:00:00-06:00,0.8,0.001,0.02,0.021,0.113,42.0,0.01
2025-04-08 16:00:00-06:00,0.6,0.0,0.014,0.014,0.086,45.0,0.005
2025-04-08 17:00:00-06:00,0.6,0.0,0.018,0.018,0.078,44.0,0.006
2025-04-08 18:00:00-06:00,0.7,0.001,0.03,0.031,0.076,31.0,0.012
2025-04-08 19:00:00-06:00,0.7,0.0,0.03,0.031,0.051,35.0,0.027
2025-04-08 20:00:00-06:00,0.7,0.0,0.031,0.031,0.031,26.0,0.022
2025-04-08 21:00:00-06:00,0.6,0.0,0.026,0.026,0.027,23.0,0.015
2025-04-08 22:00:00-06:00,0.6,0.0,0.025,0.025,0.022,15.0,0.011
2025-04-08 23:00:00-06:00,0.6,0.0,0.021,0.021,0.023,9.0,0.009
2025-04-09 00:00:00-06:00,0.6,0.0,0.024,0.024,0.019,9.0,0.02
2025-04-09 01:00:00-06:00,0.6,0.0,0.026,0.026,0.016,,0.02
2025-04-09 02:00:00-06:00,0.4,0.0,0.017,0.016,0.023,16.0,0.011
2025-04-09 03:00:00-06:00,0.4,0.0,0.015,0.015,0.021,11.0,0.008
2025-04-09 04:00:00-06:00,0.5,0.0,0.021,0.021,0.011,9.0,0.006
2025-04-09 05:00:00-06:00,0.5,0.0,0.02,0.02,0.01,12.0,0.006
2025-04-09 06:00:00-06:00,0.5,0.006,0.024,0.029,0.003,15.0,0.004
2025-04-09 07:00:00-06:00,0.7,0.021,0.027,0.048,0.002,17.0,0.004
2025-04-09 08:00:00-06:00,1.1,0.044,0.03,0.074,0.005,12.0,0.005
2025-04-09 09:00:00-06:00,1.2,0.038,0.035,0.073,0.015,16.0,0.007
2025-04-09 10:00:00-06:00,0.8,0.011,0.025,0.036,0.035,26.0,0.007
2025-04-09 11:00:00-06:00,1.0,0.013,0.035,0.047,0.049,23.0,0.007
2025-04-09 12:00:00-06:00,0.7,0.005,0.022,0.027,0.063,28.0,0.005
2025-04-09 13:00:00-06:00,0.5,0.002,0.015,0.017,0.075,26.0,0.003
2025-04-09 14:00:00-06:00,0.6,0.001,0.016,0.017,0.103,21.0,0.004
2025-04-09 15:00:00-06:00,0.7,0.001,0.019,0.019,0.117,17.0,0.004
2025-04-09 16:00:00-06:00,0.6,0.0,0.016,0.016,0.118,26.0,0.003
2025-04-09 17:00:00-06:00,0.6,0.0,0.016,0.016,0.109,29.0,0.002
2025-04-09 18:00:00-06:00,0.5,0.0,0.017,0.017,0.098,25.0,0.003
2025-04-09 19:00:00-06:00,0.5,0.0,0.019,0.019,0.083,23.0,0.007
2025-04-09 20:00:00-06:00,0.5,0.0,0.02,0.02,0.05,27.0,0.003
2025-04-09 21:00:00-06:00,0.5,0.0,0.016,0.015,0.041,24.0,0.0
2025-04-09 22:00:00-06:00,0.6,0.0,0.02,0.02,0.033,12.0,0.001
2025-04-09 23:00:00-06:00,0.6,0.0,0.025,0.025,0.03,9.0,0.001
2025-04-10 00:00:00-06:00,0.5,0.0,0.021,0.02,0.031,10.0,0.001
2025-04-10 01:00:00-06:00,0.5,0.0,0.017,0.017,0.033,,0.004
2025-04-10 02:00:00-06:00,0.5,0.0,0.021,0.021,0.021,17.0,0.002
2025-04-10 03:00:00-06:00,0.5,0.0,0.022,0.022,0.02,12.0,0.001
2025-04-10 04:00:00-06:00,0.4,0.0,0.013,0.012,0.028,7.0,0.001
2025-04-10 05:00:00-06:00,0.4,0.0,0.015,0.015,0.023,11.0,0.001
2025-04-10 06:00:00-06:00,0.4,0.0,0.021,0.021,0.02,11.0,0.001
2025-04-10 07:00:00-06:00,0.6,0.003,0.03,0.033,0.01,15.0,0.001
2025-04-10 08:00:00-06:00,0.9,0.02,0.034,0.054,0.012,16.0,0.001
2025-04-10 09:00:00-06:00,1.0,0.026,0.037,0.063,0.023,9.0,0.002
2025-04-10 10:00:00-06:00,0.8,0.013,0.028,0.041,0.041,18.0,0.002
2025-04-10 11:00:00-06:00,0.7,0.008,0.026,0.035,0.055,19.0,0.002
2025-04-10 12:00:00-06:00,0.7,0.007,0.028,0.035,0.066,17.0,0.003
2025-04-10 13:00:00-06:00,0.5,0.004,0.018,0.022,0.068,15.0,0.004
2025-04-10 14:00:00-06:00,0.4,0.002,0.011,0.012,0.076,14.0,0.005
2025-04-10 15:00:00-06:00,0.4,0.002,0.011,0.013,0.074,11.0,0.006
2025-04-10 16:00:00-06:00,0.4,0.001,0.009,0.01,0.078,10.0,0.007
2025-04-10 17:00:00-06:00,0.4,0.001,0.009,0.009,0.074,13.0,0.007
2025-04-10 18:00:00-06:00,0.3,0.001,0.009,0.009,0.065,16.0,0.003
2025-04-10 19:00:00-06:00,0.4,0.0,0.011,0.012,0.053,14.0,0.001
2025-04-10 20:00:00-06:00,0.4,0.0,0.014,0.014,0.039,15.0,0.0
2025-04-10 21:00:00-06:00,0.4,0.0,0.014,0.014,0.032,10.0,0.0
2025-04-10 22:00:00-06:00,0.5,0.0,0.018,0.018,0.026,13.0,0.0
2025-04-10 23:00:00-06:00,0.5,0.0,0.027,0.027,0.019,6.0,0.001
2025-04-11 00:00:00-06:00,0.5,,,,,4.0,
2025-04-11 02:00:00-06:00,,,,,,10.0,
2025-04-11 03:00:00-06:00,,,,,,1.0,
2025-04-11 04:00:00-06:00,0.2,0.0,0.006,0.006,0.029,,0.0
2025-04-11 05:00:00-06:00,0.2,0.0,0.007,0.006,0.029,3.0,0.0
2025-04-11 06:00:00-06:00,0.2,0.0,0.008,0.008,0.024,3.0,0.0
2025-04-11 07:00:00-06:00,0.5,0.014,0.026,0.04,0.006,,0.001
2025-04-11 08:00:00-06:00,1.3,0.095,0.035,0.131,0.006,10.0,0.002
2025-04-11 09:00:00-06:00,1.6,0.069,0.049,0.118,0.014,7.0,0.002
2025-04-11 10:00:00-06:00,1.3,0.046,0.053,0.099,0.026,23.0,0.002
2025-04-11 11:00:00-06:00,0.7,0.012,0.029,0.041,0.05,26.0,0.001
2025-04-11 12:00:00-06:00,,,,,,14.0,
2025-04-11 15:00:00-06:00,0.3,0.001,0.008,0.009,0.076,,0.001
2025-04-11 16:00:00-06:00,0.3,0.001,0.009,0.01,0.078,10.0,0.001
2025-04-11 17:00:00-06:00,0.3,0.001,0.008,0.009,0.068,14.0,0.001
2025-04-11 18:00:00-06:00,0.3,0.001,0.008,0.008,0.059,12.0,0.001
2025-04-11 19:00:00-06:00,0.4,0.0,0.012,0.013,0.048,12.0,0.0
2025-04-11 20:00:00-06:00,0.4,0.001,0.019,0.02,0.034,21.0,0.0
2025-04-11 21:00:00-06:00,0.5,0.001,0.021,0.021,0.03,17.0,0.0
2025-04-11 22:00:00-06:00,0.5,0.0,0.021,0.021,0.029,15.0,0.001
2025-04-11 23:00:00-06:00,0.5,0.0,0.025,0.025,0.025,12.0,0.001
2025-04-12 00:00:00-06:00,0.4,0.0,0.022,0.021,0.03,16.0,0.001
2025-04-12 01:00:00-06:00,0.4,0.0,0.014,0.014,0.037,,0.002
2025-04-12 02:00:00-06:00,0.4,0.0,0.014,0.014,0.031,19.0,0.003
2025-04-12 03:00:00-06:00,0.4,0.0,0.017,0.016,0.027,12.0,0.01
2025-04-12 04:00:00-06:00,0.4,0.0,0.014,0.014,0.031,12.0,0.013
2025-04-12 05:00:00-06:00,0.2,0.0,0.009,0.009,0.035,14.0,0.001
2025-04-12 06:00:00-06:00,0.2,0.0,0.012,0.012,0.027,9.0,0.0
2025-04-12 07:00:00-06:00,0.3,0.001,0.021,0.022,0.021,5.0,0.001
2025-04-12 08:00:00-06:00,0.4,0.008,0.024,0.032,0.025,5.0,0.002
2025-04-12 09:00:00-06:00,0.4,0.01,0.021,0.031,0.038,2.0,0.003
2025-04-12 10:00:00-06:00,0.3,0.004,0.012,0.016,0.052,12.0,0.001
2025-04-12 11:00:00-06:00,0.3,0.004,0.014,0.018,0.056,13.0,0.001
2025-04-12 12:00:00-06:00,0.4,0.005,0.016,0.021,0.061,10.0,0.002
2025-04-12 13:00:00-06:00,0.4,0.004,0.016,0.02,0.07,11.0,0.002
2025-04-12 14:00:00-06:00,0.4,0.002,0.013,0.015,0.08,15.0,0.001
2025-04-12 15:00:00-06:00,0.3,0.001,0.008,0.009,0.082,12.0,0.001
2025-04-12 16:00:00-06:00,0.2,0.0,0.006,0.006,0.077,11.0,0.001
2025-04-12 17:00:00-06:00,0.2,0.0,0.005,0.005,0.073,11.0,0.001
2025-04-12 18:00:00-06:00,0.3,0.0,0.006,0.006,0.068,9.0,0.001
2025-04-12 19:00:00-06:00,0.3,0.0,0.008,0.008,0.058,17.0,0.001
2025-04-12 20:00:00-06:00,0.3,0.0,0.013,0.013,0.044,17.0,0.0
2025-04-12 21:00:00-06:00,0.5,0.0,0.024,0.024,0.03,12.0,0.001
2025-04-12 22:00:00-06:00,0.6,0.0,0.027,0.028,0.024,11.0,0.001
2025-04-12 23:00:00-06:00,0.5,0.0,0.024,0.024,0.026,11.0,0.001
2025-04-13 00:00:00-06:00,0.4,,0.011,0.011,0.039,11.0,0.001
2025-04-13 01:00:00-06:00,0.4,0.0,0.01,0.01,0.039,,0.006
2025-04-13 02:00:00-06:00,0.4,0.0,0.013,0.013,0.03,,0.002
2025-04-13 03:00:00-06:00,0.4,0.0,0.015,0.014,0.03,9.0,0.003
2025-04-13 04:00:00-06:00,0.3,,0.01,0.009,0.033,6.0,0.001
2025-04-13 05:00:00-06:00,0.3,0.0,0.011,0.011,0.03,3.0,0.001
2025-04-13 06:00:00-06:00,0.2,0.0,0.011,0.011,0.027,7.0,0.002
2025-04-13 07:00:00-06:00,0.4,0.001,0.02,0.021,0.016,8.0,0.001
2025-04-13 08:00:00-06:00,0.5,0.006,0.02,0.025,0.025,7.0,0.002
2025-04-13 09:00:00-06:00,0.5,0.007,0.019,0.026,0.037,3.0,0.005
2025-04-13 10:00:00-06:00,0.6,0.006,0.02,0.026,0.049,17.0,0.004
2025-04-13 11:00:00-06:00,0.6,0.007,0.025,0.032,0.063,20.0,0.002
2025-04-13 12:00:00-06:00,0.3,0.002,0.011,0.013,0.071,25.0,0.001
2025-04-13 13:00:00-06:00,0.3,0.001,0.01,0.011,0.081,12.0,0.002
2025-04-13 14:00:00-06:00,0.3,0.0,0.008,0.008,0.083,12.0,0.002
2025-04-13 15:00:00-06:00,0.2,0.0,0.004,0.004,0.078,10.0,0.002
2025-04-13 16:00:00-06:00,0.2,0.0,0.004,0.004,0.077,11.0,0.002
2025-04-13 17:00:00-06:00,0.2,0.0,0.004,0.004,0.077,11.0,0.003
2025-04-13 18:00:00-06:00,0.2,0.0,0.006,0.005,0.082,12.0,0.005
2025-04-13 19:00:00-06:00,0.3,0.0,0.008,0.007,0.072,18.0,0.004
2025-04-13 20:00:00-06:00,0.4,0.0,0.013,0.013,0.054,20.0,0.002
2025-04-13 21:00:00-06:00,0.4,0.0,0.019,0.019,0.037,13.0,0.001
2025-04-13 22:00:00-06:00,0.5,0.0,0.022,0.022,0.031,10.0,0.001
2025-04-13 23:00:00-06:00,0.5,0.0,0.023,0.023,0.026,9.0,0.001
2025-04-14 00:00:00-06:00,0.6,0.0,0.023,0.023,0.023,7.0,0.001
2025-04-14 01:00:00-06:00,0.4,0.0,0.015,0.014,0.03,,0.001
2025-04-14 02:00:00-06:00,0.4,0.0,0.013,0.013,0.032,12.0,0.001
2025-04-14 03:00:00-06:00,0.3,0.0,0.009,0.009,0.033,13.0,0.001
2025-04-14 04:00:00-06:00,0.3,0.0,0.01,0.01,0.029,7.0,0.001
2025-04-14 05:00:00-06:00,0.5,0.0,0.012,0.011,0.026,12.0,0.0
2025-04-14 06:00:00-06:00,0.4,0.0,0.013,0.013,0.024,24.0,0.001
2025-04-14 07:00:00-06:00,0.6,0.009,0.025,0.034,0.009,29.0,0.001
2025-04-14 08:00:00-06:00,1.3,0.037,0.035,0.073,0.011,26.0,0.001
2025-04-14 09:00:00-06:00,1.0,0.013,0.027,0.04,0.032,33.0,0.001
2025-04-14 10:00:00-06:00,0.8,0.008,0.024,0.032,0.049,36.0,0.001
2025-04-14 11:00:00-06:00,0.8,0.007,0.026,0.033,0.066,28.0,0.001
2025-04-14 12:00:00-06:00,0.6,0.004,0.019,0.023,0.073,33.0,0.001
2025-04-14 13:00:00-06:00,0.4,0.003,0.017,0.02,0.072,20.0,0.001
2025-04-14 14:00:00-06:00,0.3,0.001,0.008,0.009,0.074,13.0,0.001
2025-04-14 15:00:00-06:00,0.3,0.0,0.006,0.006,0.077,9.0,0.002
2025-04-14 16:00:00-06:00,0.3,0.0,0.007,0.007,0.076,5.0,0.002
2025-04-14 17:00:00-06:00,0.2,0.001,0.006,0.007,0.073,12.0,0.002
2025-04-14 18:00:00-06:00,0.3,0.0,0.008,0.008,0.073,13.0,0.003
2025-04-14 19:00:00-06:00,0.3,0.0,0.012,0.012,0.068,13.0,0.003
2025-04-14 20:00:00-06:00,0.4,0.0,0.019,0.019,0.053,14.0,0.003
2025-04-14 21:00:00-06:00,,0.0,0.024,0.024,0.035,17.0,0.001
2025-04-14 22:00:00-06:00,,0.0,0.021,0.021,0.031,15.0,0.001
2025-04-14 23:00:00-06:00,,0.0,0.019,0.019,0.032,14.0,0.001
2025-04-15 00:00:00-06:00,,0.0,0.022,0.022,0.025,11.0,0.001
2025-04-15 01:00:00-06:00,,0.0,0.023,0.023,0.021,,0.001
2025-04-15 02:00:00-06:00,,0.0,0.019,0.019,0.022,20.0,0.001
2025-04-15 03:00:00-06:00,,0.0,0.015,0.015,0.023,8.0,0.001
2025-04-15 04:00:00-06:00,,0.0,0.018,0.018,0.017,10.0,0.001
2025-04-15 05:00:00-06:00,,0.0,0.018,0.018,0.018,4.0,0.0
2025-04-15 06:00:00-06:00,,0.001,0.025,0.026,0.01,11.0,0.0
2025-04-15 07:00:00-06:00,,0.006,0.03,0.035,0.007,6.0,0.001
2025-04-15 08:00:00-06:00,,0.034,0.035,0.069,0.009,10.0,0.001
2025-04-15 09:00:00-06:00,,0.025,0.041,0.066,0.025,10.0,0.002
2025-04-15 10:00:00-06:00,,0.016,0.042,0.058,0.044,29.0,0.002
2025-04-15 11:00:00-06:00,,0.011,0.036,0.046,0.059,36.0,0.002
2025-04-15 12:00:00-06:00,,0.007,0.031,0.038,0.072,30.0,0.003
2025-04-15 13:00:00-06:00,,0.003,0.017,0.02,0.079,19.0,0.002
2025-04-15 14:00:00-06:00,,0.001,0.007,0.008,0.078,19.0,0.001
2025-04-15 15:00:00-06:00,,0.001,0.006,0.006,0.077,4.0,0.001
2025-04-15 16:00:00-06:00,,0.0,0.005,0.005,0.07,5.0,0.0
2025-04-15 17:00:00-06:00,,0.0,0.005,0.006,0.065,7.0,0.001
2025-04-15 18:00:00-06:00,,0.001,0.008,0.009,0.06,14.0,0.001
2025-04-15 19:00:00-06:00,,0.0,0.01,0.01,0.055,19.0,0.0
2025-04-15 20:00:00-06:00,,0.0,0.014,0.014,0.048,18.0,0.001
2025-04-15 21:00:00-06:00,,0.0,0.015,0.015,0.044,16.0,0.001
2025-04-15 22:00:00-06:00,,0.0,0.017,0.017,0.039,26.0,0.001
2025-04-15 23:00:00-06:00,,0.0,0.013,0.013,0.042,11.0,0.0
2025-04-16 00:00:00-06:00,,0.0,0.013,0.013,0.039,10.0,0.001
2025-04-16 01:00:00-06:00,,0.0,0.011,0.011,0.038,,0.007
2025-04-16 02:00:00-06:00,,,0.009,0.009,0.039,14.0,0.008
2025-04-16 03:00:00-06:00,,0.0,0.009,0.008,0.039,13.0,0.007
2025-04-16 04:00:00-06:00,,0.0,0.009,0.008,0.037,13.0,0.008
2025-04-16 05:00:00-06:00,,0.0,0.012,0.012,0.028,12.0,0.004
2025-04-16 06:00:00-06:00,,0.0,0.017,0.017,0.024,20.0,0.002
2025-04-16 07:00:00-06:00,,0.001,0.022,0.023,0.018,27.0,0.002
2025-04-16 08:00:00-06:00,,0.008,0.028,0.037,0.019,24.0,0.003
2025-04-16 09:00:00-06:00,,0.015,0.03,0.045,0.026,28.0,0.007
2025-04-16 10:00:00-06:00,,0.019,0.04,0.059,0.035,25.0,0.005
2025-04-16 11:00:00-06:00,,0.013,0.041,0.054,0.054,34.0,0.005
2025-04-16 12:00:00-06:00,,0.006,0.028,0.034,0.07,38.0,0.003
2025-04-16 13:00:00-06:00,,0.003,0.02,0.023,0.085,32.0,0.003
2025-04-16 14:00:00-06:00,,0.002,0.02,0.022,0.099,27.0,0.002
2025-04-16 15:00:00-06:00,,0.001,0.015,0.016,0.11,24.0,0.002
2025-04-16 16:00:00-06:00,,0.0,0.011,0.011,0.109,24.0,0.001
2025-04-16 17:00:00-06:00,,0.0,0.011,0.012,0.104,16.0,0.002
2025-04-16 18:00:00-06:00,,0.0,0.013,0.014,0.091,18.0,0.002
2025-04-16 19:00:00-06:00,,0.0,0.019,0.019,0.064,22.0,0.001
2025-04-16 20:00:00-06:00,,0.0,0.03,0.03,0.064,20.0,0.002
2025-04-16 21:00:00-06:00,,0.0,0.029,0.029,0.041,34.0,0.001
2025-04-16 22:00:00-06:00,,0.0,0.024,0.024,0.032,41.0,0.001
2025-04-16 23:00:00-06:00,,0.0,0.02,0.02,0.033,12.0,0.001
2025-04-17 00:00:00-06:00,,,,,,9.0,
2025-04-17 02:00:00-06:00,,,,,,11.0,
2025-04-17 03:00:00-06:00,,,,,,13.0,
2025-04-17 04:00:00-06:00,,0.01,0.031,0.041,0.005,11.0,0.001
2025-04-17 05:00:00-06:00,,0.001,0.024,0.026,0.016,16.0,0.001
2025-04-17 06:00:00-06:00,,0.0,0.019,0.019,0.016,17.0,0.001
2025-04-17 07:00:00-06:00,,0.011,0.036,0.047,0.003,12.0,0.001
2025-04-17 08:00:00-06:00,,0.015,0.034,0.049,0.013,29.0,0.001
2025-04-17 09:00:00-06:00,,0.015,0.04,0.055,0.024,24.0,0.002
2025-04-17 10:00:00-06:00,,0.009,0.034,0.043,0.053,48.0,0.003
2025-04-17 11:00:00-06:00,,0.005,0.03,0.035,0.081,52.0,0.002
2025-04-17 12:00:00-06:00,,0.002,0.021,0.022,0.107,54.0,0.002
2025-04-17 13:00:00-06:00,,0.001,0.016,0.017,0.111,48.0,0.002
2025-04-17 14:00:00-06:00,,0.0,0.011,0.012,0.114,33.0,0.001
2025-04-17 15:00:00-06:00,,0.0,0.01,0.01,0.119,20.0,0.001
2025-04-17 16:00:00-06:00,,0.0,0.01,0.01,0.117,26.0,0.001
2025-04-17 17:00:00-06:00,,0.0,0.009,0.009,0.103,29.0,0.001
2025-04-17 18:00:00-06:00,,0.0,0.013,0.012,0.097,36.0,0.001
2025-04-17 19:00:00-06:00,,0.001,0.013,0.014,0.083,48.0,0.001
2025-04-17 20:00:00-06:00,,0.0,0.015,0.015,0.066,37.0,0.001
2025-04-17 21:00:00-06:00,,0.0,0.027,0.027,0.048,,0.002
2025-04-17 22:00:00-06:00,,0.0,0.028,0.028,0.048,54.0,0.001
2025-04-17 23:00:00-06:00,,0.0,0.022,0.022,0.041,62.0,0.001
2025-04-18 00:00:00-06:00,,0.002,0.041,0.043,0.02,42.0,0.001
2025-04-18 01:00:00-06:00,,0.001,0.039,0.04,0.017,,0.001
2025-04-18 02:00:00-06:00,,0.0,0.025,0.025,0.028,49.0,0.001
2025-04-18 03:00:00-06:00,,0.001,0.039,0.04,0.011,41.0,0.001
2025-04-18 04:00:00-06:00,,0.001,0.039,0.039,0.008,39.0,0.001
2025-04-18 05:00:00-06:00,,0.0,0.027,0.028,0.016,47.0,0.001
2025-04-18 06:00:00-06:00,,0.0,0.021,0.022,0.018,39.0,0.001
2025-04-18 07:00:00-06:00,,0.0,0.019,0.019,0.021,49.0,0.001
2025-04-18 08:00:00-06:00,,0.007,0.031,0.038,0.019,43.0,0.001
2025-04-18 09:00:00-06:00,,0.003,0.02,0.024,0.041,44.0,0.001
2025-04-18 10:00:00-06:00,,0.002,0.015,0.017,0.067,44.0,0.002
2025-04-18 11:00:00-06:00,,0.001,0.014,0.015,0.085,46.0,0.002
2025-04-18 12:00:00-06:00,,0.0,0.01,0.01,0.092,47.0,0.002
2025-04-18 13:00:00-06:00,,0.0,0.009,0.009,0.104,40.0,0.002
2025-04-18 14:00:00-06:00,,0.0,0.01,0.01,0.117,36.0,0.002
2025-04-18 15:00:00-06:00,,0.0,0.009,0.009,0.113,32.0,0.002
2025-04-18 16:00:00-06:00,,0.0,0.009,0.009,0.104,35.0,0.002
2025-04-18 17:00:00-06:00,,0.0,0.009,0.009,0.092,,0.002
2025-04-18 18:00:00-06:00,,0.0,0.009,0.009,0.085,36.0,0.002
2025-04-18 19:00:00-06:00,,0.0,0.013,0.013,0.077,38.0,0.002
2025-04-18 20:00:00-06:00,,0.0,0.015,0.015,0.07,43.0,0.002
2025-04-18 21:00:00-06:00,,0.0,0.012,0.011,0.065,51.0,0.002
2025-04-18 22:00:00-06:00,,,0.014,0.013,0.061,38.0,0.001
2025-04-18 23:00:00-06:00,,0.0,0.018,0.017,0.049,35.0,0.001
2025-04-19 00:00:00-06:00,,0.0,0.025,0.025,0.036,30.0,0.001
2025-04-19 01:00:00-06:00,,0.0,0.02,0.019,0.039,,0.001
2025-04-19 02:00:00-06:00,,0.0,0.026,0.026,0.025,37.0,0.001
2025-04-19 03:00:00-06:00,,0.0,0.022,0.022,0.029,39.0,0.001
2025-04-19 04:00:00-06:00,,0.0,0.024,0.024,0.026,36.0,0.001
2025-04-19 05:00:00-06:00,,0.0,0.023,0.023,0.022,39.0,0.001
2025-04-19 06:00:00-06:00,,0.0,0.015,0.015,0.03,45.0,0.001
2025-04-19 07:00:00-06:00,,0.001,0.022,0.022,0.019,45.0,0.001
2025-04-19 08:00:00-06:00,,0.005,0.025,0.03,0.023,41.0,0.001
2025-04-19 09:00:00-06:00,,0.004,0.02,0.025,0.044,38.0,0.001
2025-04-19 10:00:00-06:00,,0.001,0.013,0.014,0.067,35.0,0.001
2025-04-19 11:00:00-06:00,,0.001,0.011,0.011,0.078,41.0,0.002
2025-04-19 12:00:00-06:00,,0.0,0.008,0.008,0.089,35.0,0.002
2025-04-19 13:00:00-06:00,,0.0,0.008,0.008,0.098,31.0,0.002
2025-04-19 14:00:00-06:00,,0.0,0.007,0.007,0.093,31.0,0.002
2025-04-19 15:00:00-06:00,,0.0,0.007,0.007,0.09,25.0,0.002
2025-04-19 16:00:00-06:00,,0.0,0.006,0.006,0.084,34.0,0.002
2025-04-19 17:00:00-06:00,,0.0,0.006,0.006,0.084,42.0,0.001
2025-04-19 18:00:00-06:00,,,0.006,0.005,0.074,39.0,0.001
2025-04-19 19:00:00-06:00,,,0.007,0.007,0.066,,0.001
2025-04-19 20:00:00-06:00,,,0.009,0.009,0.064,35.0,0.001
2025-04-19 21:00:00-06:00,,0.0,0.013,0.013,0.057,31.0,0.001
2025-04-19 22:00:00-06:00,,0.0,0.016,0.016,0.046,32.0,0.001
2025-04-19 23:00:00-06:00,,0.0,0.024,0.024,0.037,31.0,0.001
2025-04-20 00:00:00-06:00,,0.0,0.02,0.019,0.039,25.0,0.001
2025-04-20 01:00:00-06:00,,0.0,0.033,0.033,0.02,,0.001
2025-04-20 02:00:00-06:00,,0.0,0.025,0.025,0.024,26.0,0.001
2025-04-20 03:00:00-06:00,,0.0,0.018,0.018,0.026,37.0,0.001
2025-04-20 04:00:00-06:00,,0.0,0.016,0.016,0.026,32.0,0.001
2025-04-20 05:00:00-06:00,,0.0,0.018,0.018,0.018,36.0,0.001
2025-04-20 06:00:00-06:00,,0.0,0.016,0.016,0.02,32.0,0.001
2025-04-20 07:00:00-06:00,,0.001,0.022,0.023,0.014,33.0,0.001
2025-04-20 08:00:00-06:00,,0.011,0.03,0.042,0.014,33.0,0.001
2025-04-20 09:00:00-06:00,,0.006,0.023,0.028,0.039,33.0,0.001
2025-04-20 10:00:00-06:00,,0.002,0.016,0.018,0.063,33.0,0.001
2025-04-20 11:00:00-06:00,,0.0,0.01,0.01,0.078,39.0,0.001
2025-04-20 12:00:00-06:00,,0.0,0.007,0.007,0.082,38.0,0.001
2025-04-20 13:00:00-06:00,,0.0,0.005,0.005,0.073,31.0,0.001
2025-04-20 14:00:00-06:00,,0.0,0.004,0.004,0.067,27.0,0.001
2025-04-20 15:00:00-06:00,,0.0,0.005,0.004,0.068,23.0,0.001
2025-04-20 16:00:00-06:00,,0.0,0.005,0.005,0.07,25.0,0.001
2025-04-20 17:00:00-06:00,,0.0,0.005,0.005,0.071,29.0,0.001
2025-04-20 18:00:00-06:00,,,0.005,0.004,0.068,24.0,0.001
2025-04-20 19:00:00-06:00,,,0.005,0.005,0.064,26.0,0.001
2025-04-20 20:00:00-06:00,,0.0,0.011,0.011,0.046,32.0,0.001
2025-04-20 21:00:00-06:00,,0.0,0.012,0.012,0.039,,0.001
2025-04-20 22:00:00-06:00,,0.0,0.011,0.011,0.039,31.0,0.001
2025-04-20 23:00:00-06:00,,0.0,0.012,0.011,0.037,28.0,0.001
2025-04-21 00:00:00-06:00,,0.0,0.011,0.011,0.036,26.0,0.001
2025-04-21 01:00:00-06:00,,0.0,0.01,0.01,0.033,,0.001
2025-04-21 02:00:00-06:00,,0.0,0.009,0.009,0.034,33.0,0.005
2025-04-21 03:00:00-06:00,,0.0,0.01,0.01,0.03,26.0,0.004
2025-04-21 04:00:00-06:00,,0.0,0.009,0.009,0.028,30.0,0.002
2025-04-21 05:00:00-06:00,,0.0,0.01,0.011,0.026,25.0,0.002
2025-04-21 06:00:00-06:00,,0.0,0.012,0.013,0.023,31.0,0.001
2025-04-21 07:00:00-06:00,,0.01,0.026,0.036,0.009,25.0,0.001
2025-04-21 08:00:00-06:00,,0.006,0.023,0.029,0.018,30.0,0.002
2025-04-21 09:00:00-06:00,,0.009,0.024,0.032,0.029,33.0,0.002
2025-04-21 10:00:00-06:00,,0.007,0.024,0.03,0.046,33.0,0.002
2025-04-21 11:00:00-06:00,,0.002,0.015,0.017,0.073,38.0,0.002
2025-04-21 12:00:00-06:00,,0.001,0.012,0.013,0.09,39.0,0.001
2025-04-21 13:00:00-06:00,,0.0,0.008,0.008,0.092,35.0,0.001
2025-04-21 14:00:00-06:00,,0.0,0.009,0.01,0.089,27.0,0.001
2025-04-21 15:00:00-06:00,,0.0,0.007,0.007,0.078,34.0,0.001
2025-04-21 16:00:00-06:00,,0.0,0.009,0.009,0.08,30.0,0.001
2025-04-21 17:00:00-06:00,,0.0,0.008,0.008,0.063,30.0,0.001
2025-04-21 18:00:00-06:00,,0.0,0.01,0.011,0.057,34.0,0.001
2025-04-21 19:00:00-06:00,,0.0,0.015,0.015,0.066,17.0,0.001
2025-04-21 20:00:00-06:00,,0.0,0.022,0.022,0.055,24.0,0.001
2025-04-21 21:00:00-06:00,,0.0,0.025,0.025,0.048,29.0,0.001
2025-04-21 22:00:00-06:00,,0.0,0.024,0.024,0.047,22.0,0.001
2025-04-21 23:00:00-06:00,,0.0,0.034,0.035,0.034,24.0,0.002
2025-04-22 00:00:00-06:00,,0.0,0.029,0.03,0.036,27.0,0.001
2025-04-22 01:00:00-06:00,,0.0,0.03,0.03,0.026,,0.001
2025-04-22 02:00:00-06:00,,0.001,0.027,0.028,0.018,23.0,0.001
2025-04-22 03:00:00-06:00,,0.001,0.026,0.027,0.015,31.0,0.001
2025-04-22 04:00:00-06:00,,0.001,0.024,0.025,0.012,28.0,0.001
2025-04-22 05:00:00-06:00,,0.001,0.021,0.022,0.01,27.0,0.001
2025-04-22 06:00:00-06:00,,0.004,0.027,0.031,0.005,29.0,0.001
2025-04-22 07:00:00-06:00,,0.021,0.034,0.055,0.002,27.0,0.001
2025-04-22 08:00:00-06:00,,0.02,0.035,0.055,0.011,26.0,0.001
2025-04-22 09:00:00-06:00,,0.013,0.035,0.049,0.031,25.0,0.002
2025-04-22 10:00:00-06:00,,0.01,0.036,0.045,0.051,42.0,0.002
2025-04-22 11:00:00-06:00,,0.003,0.023,0.027,0.077,41.0,0.002
2025-04-22 12:00:00-06:00,,0.002,0.021,0.023,0.099,37.0,0.002
2025-04-22 13:00:00-06:00,,0.0,0.014,0.014,0.104,39.0,0.002
2025-04-22 14:00:00-06:00,,0.0,0.012,0.012,0.119,30.0,0.002
2025-04-22 15:00:00-06:00,,0.0,0.011,0.011,0.104,29.0,0.001
2025-04-22 16:00:00-06:00,,0.0,0.011,0.011,0.096,30.0,0.001
2025-04-22 17:00:00-06:00,,0.0,0.009,0.009,0.071,26.0,0.001
2025-04-22 18:00:00-06:00,,0.0,0.01,0.01,0.073,32.0,0.001
2025-04-22 19:00:00-06:00,,0.0,0.024,0.024,0.065,26.0,0.001
2025-04-22 20:00:00-06:00,,0.0,0.028,0.029,0.062,22.0,0.001
2025-04-22 21:00:00-06:00,,0.001,0.042,0.042,0.035,25.0,0.001
2025-04-22 22:00:00-06:00,,0.0,0.033,0.033,0.04,29.0,0.001
2025-04-22 23:00:00-06:00,,0.0,0.032,0.032,0.034,29.0,0.001
2025-04-23 00:00:00-06:00,,,,,,22.0,
2025-04-23 02:00:00-06:00,,,,,,15.0,
2025-04-23 03:00:00-06:00,,,,,,25.0,
2025-04-23 04:00:00-06:00,,0.0,0.009,0.009,0.031,20.0,0.001
2025-04-23 05:00:00-06:00,,0.0,0.015,0.015,0.017,17.0,0.001
2025-04-23 06:00:00-06:00,,0.002,0.022,0.024,0.009,21.0,0.001
2025-04-23 07:00:00-06:00,,0.004,0.026,0.029,0.009,24.0,0.001
2025-04-23 08:00:00-06:00,,0.015,0.028,0.043,0.013,21.0,0.001
2025-04-23 09:00:00-06:00,,0.011,0.024,0.034,0.029,22.0,0.001
2025-04-23 10:00:00-06:00,,0.005,0.018,0.024,0.047,25.0,0.001
2025-04-23 11:00:00-06:00,,0.003,0.016,0.019,0.068,32.0,0.001
2025-04-23 12:00:00-06:00,,0.003,0.021,0.024,0.085,30.0,0.002
2025-04-23 13:00:00-06:00,,0.001,0.015,0.016,0.105,30.0,0.001
2025-04-23 14:00:00-06:00,,0.0,0.015,0.015,0.133,29.0,0.002
2025-04-23 15:00:00-06:00,,0.0,0.016,0.016,0.144,31.0,0.002
2025-04-23 16:00:00-06:00,,0.0,0.016,0.016,0.147,31.0,0.002
2025-04-23 17:00:00-06:00,,0.0,0.019,0.019,0.12,31.0,0.001
2025-04-23 18:00:00-06:00,,0.0,0.018,0.018,0.081,36.0,0.001
2025-04-23 19:00:00-06:00,,0.0,0.015,0.015,0.065,44.0,0.001
2025-04-23 20:00:00-06:00,,,0.013,0.012,0.064,29.0,0.001
2025-04-23 21:00:00-06:00,,0.0,0.026,0.027,0.041,26.0,0.001
2025-04-23 22:00:00-06:00,,0.0,0.013,0.013,0.055,23.0,0.001
2025-04-23 23:00:00-06:00,,0.0,0.023,0.023,0.039,19.0,0.001
2025-04-24 00:00:00-06:00,,0.0,0.019,0.019,0.036,18.0,0.001
2025-04-24 01:00:00-06:00,,0.0,0.008,0.008,0.039,,0.001
2025-04-24 02:00:00-06:00,,0.0,0.012,0.012,0.03,13.0,0.001
2025-04-24 03:00:00-06:00,,0.0,0.012,0.012,0.026,14.0,0.001
2025-04-24 04:00:00-06:00,,0.0,0.02,0.021,0.013,20.0,0.001
2025-04-24 05:00:00-06:00,,0.0,0.021,0.021,0.01,19.0,0.001
2025-04-24 06:00:00-06:00,,0.001,0.021,0.021,0.009,24.0,0.001
2025-04-24 07:00:00-06:00,,0.012,0.029,0.04,0.007,18.0,0.001
2025-04-24 08:00:00-06:00,,0.045,0.037,0.082,0.007,19.0,0.002
2025-04-24 09:00:00-06:00,,0.021,0.034,0.054,0.027,22.0,0.002
2025-04-24 10:00:00-06:00,,0.008,0.026,0.034,0.047,26.0,0.001
2025-04-24 11:00:00-06:00,,0.002,0.014,0.017,0.07,24.0,0.001
2025-04-24 12:00:00-06:00,,0.0,0.009,0.01,0.088,31.0,0.001
2025-04-24 13:00:00-06:00,,0.0,0.011,0.011,0.106,30.0,0.001
2025-04-24 14:00:00-06:00,,0.0,0.011,0.011,0.115,29.0,0.001
2025-04-24 15:00:00-06:00,,0.0,0.013,0.013,0.125,26.0,0.001
2025-04-24 16:00:00-06:00,,0.0,0.015,0.015,0.122,29.0,0.001
2025-04-24 17:00:00-06:00,,0.0,0.014,0.014,0.086,30.0,0.001
2025-04-24 18:00:00-06:00,,0.0,0.017,0.017,0.07,37.0,0.001
2025-04-24 19:00:00-06:00,,0.001,0.016,0.016,0.055,32.0,0.001
2025-04-24 20:00:00-06:00,,0.0,0.015,0.014,0.049,34.0,0.001
2025-04-24 21:00:00-06:00,,0.0,0.018,0.018,0.041,26.0,0.001
2025-04-24 22:00:00-06:00,,0.0,0.018,0.018,0.044,20.0,0.001
2025-04-24 23:00:00-06:00,,0.0,0.015,0.014,0.042,24.0,0.001
2025-04-25 00:00:00-06:00,,0.0,0.011,0.011,0.045,25.0,0.001
2025-04-25 01:00:00-06:00,,,0.008,0.007,0.043,,0.001
2025-04-25 02:00:00-06:00,,0.0,0.01,0.01,0.034,19.0,0.001
2025-04-25 05:00:00-06:00,,0.002,0.02,0.022,0.013,23.0,0.001
2025-04-25 06:00:00-06:00,,0.003,0.023,0.026,0.014,27.0,0.001
2025-04-25 07:00:00-06:00,,0.015,0.026,0.04,0.013,28.0,0.001
2025-04-25 08:00:00-06:00,,0.026,0.033,0.059,0.01,26.0,0.001
2025-04-25 09:00:00-06:00,,0.015,0.029,0.043,0.025,29.0,0.002
2025-04-25 10:00:00-06:00,,0.008,0.027,0.035,0.046,31.0,0.003
2025-04-25 11:00:00-06:00,,0.008,0.036,0.044,0.067,36.0,0.004
2025-04-25 12:00:00-06:00,,0.005,0.033,0.038,0.092,42.0,0.005
2025-04-25 13:00:00-06:00,,0.002,0.022,0.024,0.114,43.0,0.004
2025-04-25 14:00:00-06:00,,0.0,0.015,0.015,0.128,39.0,0.004
2025-04-25 15:00:00-06:00,,0.0,0.015,0.015,0.139,31.0,0.005
2025-04-25 16:00:00-06:00,,0.0,0.015,0.015,0.142,30.0,0.005
2025-04-25 17:00:00-06:00,,0.0,0.017,0.017,0.129,38.0,0.005
2025-04-25 18:00:00-06:00,,0.0,0.019,0.019,0.103,39.0,0.004
2025-04-25 19:00:00-06:00,,0.0,0.025,0.026,0.086,32.0,0.003
2025-04-25 20:00:00-06:00,,0.0,0.03,0.03,0.068,38.0,0.002
2025-04-25 21:00:00-06:00,,0.0,0.017,0.017,0.045,33.0,0.001
2025-04-25 22:00:00-06:00,,0.0,0.019,0.02,0.049,22.0,0.001
2025-04-25 23:00:00-06:00,,0.0,0.018,0.017,0.046,30.0,0.001
2025-04-26 00:00:00-06:00,,0.001,0.027,0.028,0.029,,0.001
2025-04-26 01:00:00-06:00,,0.0,0.024,0.024,0.029,,0.001
2025-04-26 02:00:00-06:00,,0.0,0.021,0.021,0.027,35.0,0.001
2025-04-26 03:00:00-06:00,,0.0,0.022,0.022,0.02,29.0,0.001
2025-04-26 04:00:00-06:00,,0.0,0.019,0.019,0.023,23.0,0.001
2025-04-26 05:00:00-06:00,,0.0,0.016,0.016,0.023,24.0,0.001
2025-04-26 06:00:00-06:00,,0.001,0.025,0.026,0.008,26.0,0.001
2025-04-26 07:00:00-06:00,,0.012,0.03,0.042,0.003,24.0,0.001
2025-04-26 08:00:00-06:00,,0.021,0.03,0.051,0.011,32.0,0.001
2025-04-26 09:00:00-06:00,,0.013,0.03,0.043,0.03,26.0,0.002
2025-04-26 10:00:00-06:00,,0.006,0.024,0.03,0.053,32.0,0.002
2025-04-26 11:00:00-06:00,,0.002,0.013,0.015,0.075,38.0,0.002
2025-04-26 12:00:00-06:00,,0.0,0.009,0.009,0.091,33.0,0.001
2025-04-26 13:00:00-06:00,,0.0,0.015,0.015,0.122,26.0,0.002
2025-04-26 14:00:00-06:00,,0.0,0.012,0.012,0.11,30.0,0.002
2025-04-26 15:00:00-06:00,,0.0,0.008,0.008,0.107,27.0,0.002
2025-04-26 16:00:00-06:00,,0.0,0.008,0.008,0.108,18.0,0.001
2025-04-26 17:00:00-06:00,,0.0,0.011,0.012,0.101,22.0,0.001
2025-04-26 18:00:00-06:00,,0.0,0.009,0.009,0.07,23.0,0.001
2025-04-26 19:00:00-06:00,,0.0,0.008,0.008,0.059,21.0,0.001
2025-04-26 20:00:00-06:00,,0.0,0.015,0.015,0.051,14.0,0.001
2025-04-26 21:00:00-06:00,,0.0,0.026,0.025,0.056,14.0,0.001
2025-04-26 22:00:00-06:00,,0.0,0.029,0.029,0.028,16.0,0.001
2025-04-26 23:00:00-06:00,,0.0,0.023,0.023,0.03,13.0,0.001
2025-04-27 00:00:00-06:00,,0.0,0.014,0.014,0.038,15.0,0.001
2025-04-27 01:00:00-06:00,,0.0,0.015,0.014,0.035,,0.001
2025-04-27 02:00:00-06:00,,0.0,0.014,0.014,0.036,13.0,0.003
2025-04-27 03:00:00-06:00,,0.0,0.017,0.017,0.029,15.0,0.003
2025-04-27 04:00:00-06:00,,0.0,0.014,0.014,0.028,16.0,0.001
2025-04-27 05:00:00-06:00,,0.0,0.012,0.012,0.027,15.0,0.001
2025-04-27 06:00:00-06:00,,0.0,0.013,0.013,0.025,11.0,0.001
2025-04-27 07:00:00-06:00,,0.001,0.015,0.015,0.018,18.0,0.001
2025-04-27 08:00:00-06:00,,0.008,0.025,0.033,0.021,16.0,0.002
2025-04-27 09:00:00-06:00,,0.012,0.03,0.042,0.032,18.0,0.003
2025-04-27 10:00:00-06:00,,0.008,0.027,0.034,0.051,27.0,0.004
2025-04-27 11:00:00-06:00,,0.004,0.024,0.028,0.072,28.0,0.005
2025-04-27 12:00:00-06:00,,0.002,0.016,0.017,0.086,35.0,0.005
2025-04-27 13:00:00-06:00,,0.001,0.011,0.012,0.09,31.0,0.003
2025-04-27 14:00:00-06:00,,0.0,0.005,0.005,0.075,20.0,0.001
2025-04-27 15:00:00-06:00,,0.0,0.003,0.003,0.061,13.0,0.0
2025-04-27 16:00:00-06:00,,0.0,0.003,0.003,0.059,4.0,0.0
2025-04-27 17:00:00-06:00,,0.0,0.003,0.003,0.055,12.0,0.0
2025-04-27 18:00:00-06:00,,0.0,0.005,0.005,0.053,9.0,0.001
2025-04-27 19:00:00-06:00,,0.0,0.007,0.007,0.052,10.0,0.0
2025-04-27 20:00:00-06:00,,0.0,0.012,0.011,0.051,13.0,0.0
2025-04-27 21:00:00-06:00,,0.0,0.01,0.009,0.054,13.0,0.0
2025-04-27 22:00:00-06:00,,0.0,0.012,0.012,0.048,6.0,0.0
2025-04-27 23:00:00-06:00,,,0.015,0.014,0.041,8.0,0.0
2025-04-28 00:00:00-06:00,,0.0,0.01,0.009,0.046,10.0,0.0
2025-04-28 01:00:00-06:00,,0.0,0.011,0.01,0.043,,0.0
2025-04-28 02:00:00-06:00,,0.0,0.021,0.02,0.025,8.0,0.0
2025-04-28 03:00:00-06:00,,0.0,0.012,0.012,0.038,13.0,0.0
2025-04-28 04:00:00-06:00,,0.0,0.012,0.011,0.031,8.0,0.0
2025-04-28 05:00:00-06:00,,0.0,0.022,0.022,0.015,9.0,0.0
2025-04-28 06:00:00-06:00,,0.002,0.028,0.03,0.009,10.0,0.0
2025-04-28 07:00:00-06:00,,0.011,0.037,0.048,0.006,14.0,0.001
2025-04-28 08:00:00-06:00,,0.01,0.029,0.039,0.026,15.0,0.001
2025-04-28 09:00:00-06:00,,0.01,0.027,0.038,0.037,13.0,0.001
2025-04-28 10:00:00-06:00,,0.013,0.035,0.048,0.044,17.0,0.001
2025-04-28 11:00:00-06:00,,0.011,0.039,0.05,0.061,22.0,0.002
2025-04-28 12:00:00-06:00,,0.006,0.029,0.036,0.074,26.0,0.002
2025-04-28 13:00:00-06:00,,0.005,0.027,0.032,0.082,24.0,0.001
2025-04-28 14:00:00-06:00,,0.002,0.019,0.021,0.098,18.0,0.001
2025-04-28 15:00:00-06:00,,0.001,0.012,0.013,0.1,17.0,0.001
2025-04-28 16:00:00-06:00,,0.001,0.012,0.012,0.104,12.0,0.002
2025-04-28 17:00:00-06:00,,0.0,0.01,0.01,0.103,13.0,0.002
2025-04-28 18:00:00-06:00,,0.0,0.013,0.013,0.099,20.0,0.002
2025-04-28 19:00:00-06:00,,0.0,0.015,0.015,0.08,22.0,0.003
2025-04-28 20:00:00-06:00,,0.0,0.023,0.023,0.06,24.0,0.001
2025-04-28 21:00:00-06:00,,0.0,0.03,0.03,0.059,15.0,0.001
2025-04-28 22:00:00-06:00,,0.0,0.025,0.025,0.031,22.0,0.001
2025-04-28 23:00:00-06:00,,0.0,0.019,0.019,0.032,15.0,0.001
2025-04-29 00:00:00-06:00,,,,,,12.0,
2025-04-29 02:00:00-06:00,,,,,,7.0,
2025-04-29 03:00:00-06:00,,,,,,18.0,
2025-04-29 04:00:00-06:00,,0.001,0.021,0.022,0.013,16.0,0.002
2025-04-29 05:00:00-06:00,,0.001,0.019,0.02,0.025,18.0,0.001
2025-04-29 06:00:00-06:00,,0.0,0.019,0.019,0.024,19.0,0.001
2025-04-29 07:00:00-06:00,,0.012,0.032,0.044,0.013,18.0,0.001
2025-04-29 08:00:00-06:00,,0.029,0.041,0.069,0.013,17.0,0.002
2025-04-29 09:00:00-06:00,,0.019,0.039,0.058,0.027,20.0,0.002
2025-04-29 10:00:00-06:00,,0.01,0.032,0.042,0.049,28.0,0.002
2025-04-29 11:00:00-06:00,,0.005,0.027,0.033,0.072,30.0,0.002
2025-04-29 12:00:00-06:00,,0.003,0.025,0.028,0.098,37.0,0.002
2025-04-29 13:00:00-06:00,,0.001,0.022,0.023,0.121,35.0,0.002
2025-04-29 14:00:00-06:00,,0.001,0.016,0.016,0.111,33.0,0.001
2025-04-29 15:00:00-06:00,,0.0,0.013,0.013,0.118,24.0,0.002
2025-04-29 16:00:00-06:00,,0.0,0.016,0.016,0.125,16.0,0.002
2025-04-29 17:00:00-06:00,,0.0,0.015,0.015,0.122,28.0,0.002
2025-04-29 18:00:00-06:00,,0.0,0.014,0.014,0.076,29.0,0.001
2025-04-29 19:00:00-06:00,,0.0,0.013,0.013,0.071,26.0,0.002
2025-04-29 20:00:00-06:00,,0.0,0.023,0.023,0.046,22.0,0.001
2025-04-29 21:00:00-06:00,,0.001,0.022,0.022,0.046,21.0,0.001
2025-04-29 22:00:00-06:00,,0.0,0.021,0.021,0.047,27.0,0.001
2025-04-29 23:00:00-06:00,,0.0,0.027,0.026,0.036,23.0,0.001
2025-04-30 00:00:00-06:00,,0.0,0.03,0.03,0.026,16.0,0.001
2025-04-30 01:00:00-06:00,,0.0,0.036,0.036,0.015,,0.001
2025-04-30 02:00:00-06:00,,0.0,0.03,0.03,0.023,23.0,0.001
2025-04-30 03:00:00-06:00,,0.0,0.02,0.02,0.029,22.0,0.001
2025-04-30 04:00:00-06:00,,0.0,0.017,0.017,0.028,26.0,0.001
2025-04-30 05:00:00-06:00,,0.0,0.016,0.017,0.025,26.0,0.001
2025-04-30 06:00:00-06:00,,0.002,0.027,0.029,0.009,29.0,0.001
2025-04-30 07:00:00-06:00,,0.005,0.033,0.037,0.009,35.0,0.001
2025-04-30 08:00:00-06:00,,0.023,0.039,0.062,0.01,32.0,0.001
2025-04-30 09:00:00-06:00,,0.02,0.04,0.06,0.022,27.0,0.002
2025-04-30 10:00:00-06:00,,0.01,0.035,0.045,0.048,36.0,0.003
2025-04-30 11:00:00-06:00,,0.005,0.027,0.032,0.074,42.0,0.005
2025-04-30 12:00:00-06:00,,0.002,0.024,0.027,0.096,40.0,0.004
2025-04-30 13:00:00-06:00,,0.001,0.017,0.018,0.103,38.0,0.003
2025-04-30 14:00:00-06:00,,0.0,0.013,0.013,0.095,35.0,0.002
2025-04-30 15:00:00-06:00,,0.0,0.016,0.016,0.085,26.0,0.001
2025-04-30 16:00:00-06:00,,0.0,0.013,0.013,0.085,24.0,0.001
2025-04-30 17:00:00-06:00,,0.0,0.012,0.011,0.073,20.0,0.001
2025-04-30 18:00:00-06:00,,0.0,0.016,0.016,0.06,22.0,0.001
2025-04-30 19:00:00-06:00,,0.0,0.018,0.019,0.05,20.0,0.001
2025-04-30 20:00:00-06:00,,0.0,0.014,0.014,0.049,17.0,0.001
2025-04-30 21:00:00-06:00,,0.0,0.019,0.019,0.04,15.0,0.001
2025-04-30 22:00:00-06:00,,0.0,0.017,0.017,0.044,20.0,0.0
2025-04-30 23:00:00-06:00,,0.0,0.014,0.013,0.045,13.0,0.0
2025-05-01 00:00:00-06:00,,0.0,0.023,0.023,0.024,12.0,0.001
2025-05-01 01:00:00-06:00,,0.0,0.025,0.025,0.018,,0.001
2025-05-01 02:00:00-06:00,,0.0,0.022,0.023,0.017,6.0,0.001
2025-05-01 03:00:00-06:00,,0.0,0.025,0.026,0.013,23.0,0.001
2025-05-01 04:00:00-06:00,,0.001,0.027,0.027,0.011,18.0,0.001
2025-05-01 05:00:00-06:00,,0.002,0.03,0.032,0.006,20.0,0.001
2025-05-01 06:00:00-06:00,,0.001,0.024,0.024,0.011,25.0,0.001
2025-05-01 07:00:00-06:00,,0.013,0.032,0.045,0.004,23.0,0.001
2025-05-01 08:00:00-06:00,,0.014,0.026,0.04,0.016,21.0,0.001
2025-05-01 09:00:00-06:00,,0.007,0.024,0.031,0.037,20.0,0.001
2025-05-01 10:00:00-06:00,,0.004,0.022,0.026,0.058,27.0,0.001
2025-05-01 11:00:00-06:00,,0.003,0.022,0.025,0.079,29.0,0.002
2025-05-01 12:00:00-06:00,,0.001,0.014,0.015,0.093,32.0,0.002
2025-05-01 13:00:00-06:00,,0.001,0.011,0.011,0.095,31.0,0.002
2025-05-01 14:00:00-06:00,,0.0,0.01,0.01,0.102,25.0,0.002
2025-05-01 15:00:00-06:00,,0.0,0.009,0.009,0.109,27.0,0.002
2025-05-01 16:00:00-06:00,,0.0,0.01,0.009,0.107,22.0,0.001
2025-05-01 17:00:00-06:00,,0.0,0.01,0.009,0.082,26.0,0.001
2025-05-01 18:00:00-06:00,,0.0,0.01,0.01,0.072,32.0,0.001
2025-05-01 19:00:00-06:00,,0.0,0.007,0.006,0.065,22.0,0.001
2025-05-01 20:00:00-06:00,,0.0,0.01,0.009,0.057,15.0,0.001
2025-05-01 21:00:00-06:00,,0.0,0.018,0.017,0.044,15.0,0.001
2025-05-01 22:00:00-06:00,,0.0,0.019,0.019,0.038,18.0,0.001
2025-05-01 23:00:00-06:00,,0.0,0.025,0.025,0.026,20.0,0.001
2025-05-02 00:00:00-06:00,,0.0,0.022,0.022,0.027,21.0,0.001
2025-05-02 01:00:00-06:00,,0.001,0.02,0.02,0.021,,0.001
2025-05-02 02:00:00-06:00,,0.002,0.034,0.036,0.009,15.0,0.001
2025-05-02 03:00:00-06:00,,0.0,0.02,0.02,0.021,18.0,0.001
2025-05-02 04:00:00-06:00,,0.0,0.013,0.013,0.026,21.0,0.001
2025-05-02 05:00:00-06:00,,0.0,0.012,0.012,0.024,18.0,0.001
2025-05-02 06:00:00-06:00,,0.0,0.015,0.015,0.02,18.0,0.001
2025-05-02 07:00:00-06:00,,0.011,0.032,0.043,0.006,20.0,0.001
2025-05-02 08:00:00-06:00,,0.021,0.037,0.058,0.013,23.0,0.002
2025-05-02 09:00:00-06:00,,0.014,0.034,0.048,0.03,22.0,0.002
2025-05-02 10:00:00-06:00,,0.008,0.029,0.037,0.049,24.0,0.002
2025-05-02 11:00:00-06:00,,0.003,0.018,0.021,0.068,28.0,0.002
2025-05-02 12:00:00-06:00,,0.003,0.02,0.023,0.083,29.0,0.002
2025-05-02 13:00:00-06:00,,0.001,0.015,0.016,0.087,29.0,0.002
2025-05-02 14:00:00-06:00,,0.001,0.014,0.014,0.105,32.0,0.002
2025-05-02 15:00:00-06:00,,0.0,0.014,0.014,0.104,24.0,0.001
2025-05-02 16:00:00-06:00,,0.0,0.01,0.01,0.08,31.0,0.001
2025-05-02 17:00:00-06:00,,0.001,0.012,0.012,0.065,28.0,0.001
2025-05-02 18:00:00-06:00,,0.0,0.006,0.006,0.067,29.0,0.001
2025-05-02 19:00:00-06:00,,0.0,0.008,0.008,0.061,23.0,0.001
2025-05-02 20:00:00-06:00,,0.0,0.014,0.014,0.055,24.0,0.001
2025-05-02 21:00:00-06:00,,,0.016,0.015,0.052,26.0,0.001
2025-05-02 22:00:00-06:00,,0.0,0.014,0.014,0.046,22.0,0.001
2025-05-02 23:00:00-06:00,,0.0,0.011,0.01,0.05,25.0,0.001
2025-05-03 00:00:00-06:00,,0.0,0.014,0.013,0.043,22.0,0.001
2025-05-03 01:00:00-06:00,,0.0,0.013,0.012,0.038,,0.001
2025-05-03 02:00:00-06:00,,0.0,0.021,0.02,0.031,22.0,0.001
2025-05-03 03:00:00-06:00,,0.0,0.011,0.01,0.041,19.0,0.001
2025-05-03 04:00:00-06:00,,0.0,0.016,0.016,0.025,21.0,0.001
2025-05-03 05:00:00-06:00,,0.0,0.017,0.017,0.022,20.0,0.001
2025-05-03 06:00:00-06:00,,0.0,0.015,0.015,0.022,23.0,0.001
2025-05-03 07:00:00-06:00,,0.003,0.025,0.028,0.011,29.0,0.001
2025-05-03 08:00:00-06:00,,0.01,0.026,0.036,0.017,22.0,0.001
2025-05-03 09:00:00-06:00,,0.007,0.022,0.029,0.035,17.0,0.001
2025-05-03 10:00:00-06:00,,0.005,0.018,0.023,0.052,26.0,0.002
2025-05-03 11:00:00-06:00,,0.002,0.016,0.019,0.07,31.0,0.002
2025-05-03 12:00:00-06:00,,0.001,0.013,0.014,0.088,29.0,0.002
2025-05-03 13:00:00-06:00,,0.0,0.011,0.012,0.106,30.0,0.002
2025-05-03 14:00:00-06:00,,0.0,0.012,0.012,0.112,28.0,0.002
2025-05-03 15:00:00-06:00,,0.0,0.011,0.011,0.097,30.0,0.001
2025-05-03 16:00:00-06:00,,0.0,0.006,0.006,0.078,27.0,0.001
2025-05-03 17:00:00-06:00,,0.0,0.007,0.007,0.066,30.0,0.001
2025-05-03 18:00:00-06:00,,0.0,0.007,0.006,0.064,31.0,0.001
2025-05-03 19:00:00-06:00,,0.0,0.006,0.005,0.061,21.0,0.001
2025-05-03 20:00:00-06:00,,0.0,0.007,0.007,0.057,18.0,0.001
2025-05-03 21:00:00-06:00,,0.0,0.017,0.016,0.044,24.0,0.001
2025-05-03 22:00:00-06:00,,0.0,0.014,0.014,0.047,21.0,0.001
2025-05-03 23:00:00-06:00,,0.0,0.015,0.015,0.037,29.0,0.001
2025-05-04 00:00:00-06:00,,0.0,0.012,0.012,0.036,22.0,0.001
2025-05-04 01:00:00-06:00,,0.0,0.01,0.01,0.036,,0.0
2025-05-04 02:00:00-06:00,,0.0,0.011,0.011,0.032,32.0,0.001
2025-05-04 03:00:00-06:00,,0.0,0.012,0.012,0.028,29.0,0.001
2025-05-04 04:00:00-06:00,,0.0,0.015,0.015,0.021,28.0,0.003
2025-05-04 05:00:00-06:00,,0.0,0.012,0.012,0.024,35.0,0.004
2025-05-04 06:00:00-06:00,,0.001,0.018,0.019,0.014,33.0,0.002
2025-05-04 07:00:00-06:00,,0.003,0.023,0.026,0.009,37.0,0.002
2025-05-04 08:00:00-06:00,,0.007,0.023,0.031,0.02,31.0,0.002
2025-05-04 09:00:00-06:00,,0.006,0.02,0.026,0.036,32.0,0.001
2025-05-04 10:00:00-06:00,,0.002,0.012,0.015,0.054,29.0,0.001
2025-05-04 11:00:00-06:00,,0.001,0.008,0.009,0.07,31.0,0.001
2025-05-04 12:00:00-06:00,,0.0,0.006,0.006,0.079,22.0,0.001
2025-05-04 13:00:00-06:00,,0.0,0.006,0.006,0.084,22.0,0.001
2025-05-04 14:00:00-06:00,,0.0,0.005,0.005,0.068,23.0,0.001
2025-05-04 15:00:00-06:00,,0.0,0.005,0.006,0.065,22.0,0.001
2025-05-04 16:00:00-06:00,,0.0,0.008,0.008,0.062,16.0,0.001
2025-05-04 17:00:00-06:00,,0.001,0.011,0.012,0.053,25.0,0.001
2025-05-04 18:00:00-06:00,,0.001,0.012,0.013,0.052,27.0,0.001
2025-05-04 19:00:00-06:00,,0.001,0.016,0.016,0.047,17.0,0.001
2025-05-04 20:00:00-06:00,,0.0,0.022,0.022,0.038,14.0,0.001
2025-05-04 21:00:00-06:00,,0.001,0.029,0.03,0.03,18.0,0.001
2025-05-04 22:00:00-06:00,,0.0,0.017,0.017,0.036,18.0,0.001
2025-05-04 23:00:00-06:00,,0.001,0.026,0.027,0.017,19.0,0.001
2025-05-05 00:00:00-06:00,,,,,,16.0,
2025-05-05 02:00:00-06:00,,,,,,16.0,
2025-05-05 03:00:00-06:00,,,,,,16.0,
2025-05-05 06:00:00-06:00,,0.005,0.029,0.035,0.003,13.0,0.001
2025-05-05 08:00:00-06:00,,0.01,0.023,0.033,0.022,15.0,0.001
2025-05-05 09:00:00-06:00,,0.009,0.023,0.032,0.037,11.0,0.001
2025-05-05 10:00:00-06:00,,0.009,0.027,0.036,0.051,15.0,0.001
2025-05-05 11:00:00-06:00,,0.004,0.021,0.025,0.07,20.0,0.001
2025-05-05 12:00:00-06:00,,0.002,0.013,0.015,0.079,23.0,0.001
2025-05-05 13:00:00-06:00,,0.001,0.01,0.011,0.093,16.0,0.001
2025-05-05 14:00:00-06:00,,0.0,0.008,0.009,0.088,15.0,0.001
2025-05-05 15:00:00-06:00,,0.0,0.008,0.008,0.068,17.0,0.001
2025-05-05 16:00:00-06:00,,0.0,0.007,0.007,0.06,17.0,0.001
2025-05-05 17:00:00-06:00,,0.0,0.005,0.006,0.06,25.0,0.001
2025-05-05 18:00:00-06:00,,0.0,0.005,0.005,0.058,23.0,0.001
2025-05-05 19:00:00-06:00,,,0.006,0.005,0.056,17.0,0.001
2025-05-05 20:00:00-06:00,,,0.006,0.006,0.054,22.0,0.001
2025-05-05 21:00:00-06:00,,,0.007,0.006,0.049,19.0,0.001
2025-05-05 22:00:00-06:00,,0.0,0.006,0.006,0.05,11.0,0.001
2025-05-05 23:00:00-06:00,,0.0,0.008,0.007,0.048,10.0,0.001
2025-05-06 00:00:00-06:00,,0.0,0.014,0.014,0.035,12.0,0.001
2025-05-06 01:00:00-06:00,,0.0,0.026,0.026,0.018,,0.001
2025-05-06 02:00:00-06:00,,0.0,0.034,0.034,0.009,18.0,0.001
2025-05-06 03:00:00-06:00,,0.001,0.034,0.035,0.007,10.0,0.001
2025-05-06 04:00:00-06:00,,0.0,0.027,0.027,0.014,13.0,0.001
2025-05-06 05:00:00-06:00,,0.0,0.02,0.02,0.018,15.0,0.001
2025-05-06 06:00:00-06:00,,0.0,0.025,0.026,0.009,15.0,0.001
2025-05-06 07:00:00-06:00,,0.018,0.033,0.051,0.004,19.0,0.001
2025-05-06 08:00:00-06:00,,0.072,0.041,0.113,0.009,18.0,0.002
2025-05-06 09:00:00-06:00,,0.015,0.031,0.046,0.031,23.0,0.001
2025-05-06 10:00:00-06:00,,0.004,0.014,0.018,0.05,21.0,0.001
2025-05-06 11:00:00-06:00,,0.001,0.008,0.009,0.063,23.0,0.001
2025-05-06 12:00:00-06:00,,0.001,0.007,0.008,0.073,23.0,0.001
2025-05-06 13:00:00-06:00,,0.0,0.006,0.006,0.073,20.0,0.001
2025-05-06 14:00:00-06:00,,0.0,0.006,0.007,0.072,13.0,0.001
2025-05-06 15:00:00-06:00,,0.0,0.003,0.003,0.059,14.0,0.001
2025-05-06 16:00:00-06:00,,0.0,0.005,0.005,0.065,14.0,0.001
2025-05-06 17:00:00-06:00,,0.0,0.006,0.006,0.065,17.0,0.001
2025-05-06 18:00:00-06:00,,0.0,0.004,0.004,0.056,36.0,
2025-05-06 19:00:00-06:00,,0.0,0.007,0.007,0.054,29.0,
2025-05-06 20:00:00-06:00,,0.0,0.011,0.011,0.047,25.0,
2025-05-06 21:00:00-06:00,,0.0,0.008,0.008,0.043,36.0,
2025-05-06 22:00:00-06:00,,0.0,0.014,0.014,0.035,21.0,
2025-05-06 23:00:00-06:00,,0.0,0.019,0.019,0.025,7.0,
2025-05-07 00:00:00-06:00,,0.0,0.023,0.023,0.019,9.0,
2025-05-07 01:00:00-06:00,,0.0,0.022,0.022,0.016,,
2025-05-07 02:00:00-06:00,,0.0,0.025,0.025,0.01,,0.001
2025-05-07 03:00:00-06:00,,0.001,0.027,0.028,0.007,7.0,
2025-05-07 04:00:00-06:00,,0.002,0.029,0.031,0.006,11.0,
2025-05-07 05:00:00-06:00,,0.004,0.026,0.03,0.009,14.0,
2025-05-07 06:00:00-06:00,,0.0,0.015,0.015,0.02,12.0,
2025-05-07 07:00:00-06:00,,0.027,0.029,0.056,0.004,12.0,
2025-05-07 08:00:00-06:00,,0.073,0.039,0.112,0.008,8.0,
2025-05-07 09:00:00-06:00,,0.012,0.026,0.038,0.032,14.0,
2025-05-07 10:00:00-06:00,,0.009,0.029,0.038,0.05,20.0,
2025-05-07 11:00:00-06:00,,0.007,0.032,0.039,0.07,24.0,
2025-05-07 12:00:00-06:00,,0.004,0.026,0.029,0.085,26.0,
2025-05-07 13:00:00-06:00,,0.002,0.019,0.021,0.1,21.0,
2025-05-07 14:00:00-06:00,,0.0,0.014,0.014,0.11,19.0,
2025-05-07 15:00:00-06:00,,0.0,0.011,0.011,0.113,18.0,
2025-05-07 16:00:00-06:00,,0.0,0.015,0.015,0.121,23.0,
2025-05-07 17:00:00-06:00,,0.0,0.011,0.011,0.087,26.0,
2025-05-07 18:00:00-06:00,,0.0,0.013,0.013,0.087,35.0,
2025-05-07 19:00:00-06:00,,0.0,0.021,0.021,0.065,30.0,
2025-05-07 20:00:00-06:00,,0.0,0.012,0.011,0.061,30.0,
2025-05-07 21:00:00-06:00,,0.0,0.015,0.015,0.05,29.0,
2025-05-07 22:00:00-06:00,,0.0,0.017,0.016,0.042,26.0,
2025-05-07 23:00:00-06:00,,0.0,0.013,0.013,0.044,23.0,
2025-05-08 00:00:00-06:00,,0.0,0.013,0.013,0.044,28.0,
2025-05-08 01:00:00-06:00,,0.0,0.014,0.013,0.042,,
2025-05-08 02:00:00-06:00,,0.0,0.014,0.013,0.035,27.0,
2025-05-08 03:00:00-06:00,,0.0,0.013,0.012,0.031,30.0,
2025-05-08 04:00:00-06:00,,0.0,0.014,0.015,0.026,25.0,
2025-05-08 05:00:00-06:00,,0.0,0.014,0.014,0.019,25.0,
2025-05-08 06:00:00-06:00,,0.001,0.021,0.022,0.017,24.0,
2025-05-08 07:00:00-06:00,,0.011,0.028,0.039,0.012,23.0,
2025-05-08 08:00:00-06:00,,0.026,0.037,0.063,0.013,25.0,
2025-05-08 09:00:00-06:00,,0.013,0.034,0.047,0.032,28.0,
2025-05-08 10:00:00-06:00,,0.007,0.027,0.034,0.053,29.0,
2025-05-08 11:00:00-06:00,,0.002,0.013,0.014,0.07,35.0,
2025-05-08 12:00:00-06:00,,0.001,0.01,0.01,0.084,25.0,
2025-05-08 13:00:00-06:00,,0.0,0.01,0.01,0.101,25.0,
2025-05-08 14:00:00-06:00,,0.0,0.012,0.012,0.112,21.0,
2025-05-08 15:00:00-06:00,,0.0,0.011,0.011,0.073,26.0,
2025-05-08 16:00:00-06:00,,0.0,0.015,0.015,0.07,33.0,0.001
2025-05-08 18:00:00-06:00,,0.0,0.023,0.023,0.048,23.0,0.001
2025-05-08 19:00:00-06:00,,0.01,0.033,0.043,0.037,17.0,
2025-05-08 20:00:00-06:00,,0.001,0.035,0.036,0.036,22.0,
2025-05-08 21:00:00-06:00,,0.0,0.032,0.032,0.031,19.0,
2025-05-08 22:00:00-06:00,,0.014,0.047,0.061,0.003,21.0,
2025-05-08 23:00:00-06:00,,0.039,0.048,0.088,0.002,20.0,
2025-05-09 00:00:00-06:00,,0.031,0.047,0.078,0.002,23.0,
2025-05-09 01:00:00-06:00,,0.007,0.043,0.05,0.003,,0.001
2025-05-09 02:00:00-06:00,,0.009,0.04,0.049,0.002,35.0,0.001
2025-05-09 03:00:00-06:00,,0.008,0.039,0.047,0.002,24.0,0.001
2025-05-09 04:00:00-06:00,,0.009,0.038,0.046,0.002,26.0,0.001
2025-05-09 05:00:00-06:00,,0.003,0.029,0.033,0.007,24.0,0.001
2025-05-09 06:00:00-06:00,,0.001,0.024,0.025,0.01,26.0,0.001
2025-05-09 07:00:00-06:00,,0.009,0.031,0.04,0.006,25.0,0.001
2025-05-09 08:00:00-06:00,,0.04,0.043,0.083,0.009,22.0,0.001
2025-05-09 09:00:00-06:00,,0.039,0.063,0.101,0.022,18.0,0.002
2025-05-09 10:00:00-06:00,,0.02,0.062,0.082,0.045,40.0,0.003
2025-05-09 11:00:00-06:00,,0.008,0.04,0.049,0.072,46.0,0.003
2025-05-09 12:00:00-06:00,,0.003,0.026,0.029,0.099,53.0,0.003
2025-05-09 13:00:00-06:00,,0.001,0.022,0.023,0.124,34.0,0.003
2025-05-09 14:00:00-06:00,,0.0,0.017,0.017,0.115,37.0,0.002
2025-05-09 15:00:00-06:00,,0.0,0.016,0.016,0.093,33.0,0.004
2025-05-09 16:00:00-06:00,,0.0,0.013,0.014,0.075,28.0,0.002
2025-05-09 17:00:00-06:00,,0.001,0.014,0.015,0.067,26.0,0.001
2025-05-09 18:00:00-06:00,,0.001,0.019,0.02,0.068,20.0,0.001
2025-05-09 19:00:00-06:00,,0.001,0.029,0.03,0.042,24.0,0.001
2025-05-09 20:00:00-06:00,,0.0,0.028,0.028,0.03,25.0,0.001
2025-05-09 21:00:00-06:00,,0.0,0.027,0.027,0.028,17.0,0.001
2025-05-09 22:00:00-06:00,,0.002,0.048,0.05,0.01,12.0,0.001
2025-05-09 23:00:00-06:00,,0.001,0.035,0.036,0.013,14.0,0.001
2025-05-10 00:00:00-06:00,,0.0,0.024,0.024,0.015,15.0,0.001
2025-05-10 01:00:00-06:00,,0.0,0.017,0.017,0.018,,0.0
2025-05-10 02:00:00-06:00,,0.0,0.014,0.014,0.019,,0.001
2025-05-10 03:00:00-06:00,,0.0,0.013,0.013,0.02,1.0,0.001
2025-05-10 04:00:00-06:00,,0.0,0.009,0.009,0.024,4.0,0.001
2025-05-10 05:00:00-06:00,,0.0,0.008,0.008,0.023,5.0,0.0
2025-05-10 06:00:00-06:00,,0.0,0.012,0.012,0.02,4.0,0.0
2025-05-10 07:00:00-06:00,,0.001,0.014,0.014,0.021,4.0,0.0
2025-05-10 08:00:00-06:00,,0.002,0.016,0.018,0.021,7.0,0.001
2025-05-10 09:00:00-06:00,,0.008,0.02,0.028,0.019,4.0,0.001
2025-05-10 10:00:00-06:00,,0.007,0.019,0.027,0.023,6.0,0.002
2025-05-10 11:00:00-06:00,,0.015,0.024,0.038,0.027,15.0,0.003
2025-05-10 12:00:00-06:00,,0.008,0.02,0.029,0.047,22.0,0.001
2025-05-10 13:00:00-06:00,,0.003,0.019,0.022,0.074,27.0,0.001
2025-05-10 14:00:00-06:00,,0.001,0.017,0.018,0.102,35.0,0.001
2025-05-10 15:00:00-06:00,,0.0,0.016,0.016,0.121,34.0,0.001
2025-05-10 16:00:00-06:00,,0.0,0.018,0.018,0.098,35.0,0.002
2025-05-10 17:00:00-06:00,,0.0,0.017,0.017,0.079,40.0,0.001
2025-05-10 18:00:00-06:00,,0.0,0.014,0.014,0.079,24.0,0.001
2025-05-10 19:00:00-06:00,,0.0,0.017,0.018,0.056,16.0,0.003
2025-05-10 20:00:00-06:00,,0.0,0.02,0.02,0.037,27.0,0.004
2025-05-10 21:00:00-06:00,,0.0,0.02,0.02,0.032,24.0,0.003
2025-05-10 22:00:00-06:00,,0.0,0.019,0.02,0.034,34.0,0.004
2025-05-10 23:00:00-06:00,,0.0,0.014,0.014,0.035,20.0,0.006
2025-05-11 00:00:00-06:00,,,,,,8.0,
2025-05-11 02:00:00-06:00,,,,,,8.0,
2025-05-11 03:00:00-06:00,,,,,,11.0,
2025-05-11 04:00:00-06:00,,0.0,0.007,0.008,0.035,8.0,0.005
2025-05-11 05:00:00-06:00,,0.0,0.006,0.005,0.038,10.0,0.006
2025-05-11 06:00:00-06:00,,0.0,0.006,0.006,0.037,16.0,0.005
2025-05-11 07:00:00-06:00,,0.0,0.009,0.009,0.031,19.0,0.005
2025-05-11 08:00:00-06:00,,0.0,0.015,0.015,0.026,12.0,0.003
2025-05-11 09:00:00-06:00,,0.001,0.012,0.013,0.026,18.0,0.002
2025-05-11 10:00:00-06:00,,0.008,0.025,0.032,0.015,15.0,0.001
2025-05-11 11:00:00-06:00,,0.004,0.015,0.019,0.027,18.0,0.001
2025-05-11 12:00:00-06:00,,0.002,0.014,0.016,0.036,12.0,0.001
2025-05-11 13:00:00-06:00,,0.002,0.017,0.019,0.037,18.0,0.001
2025-05-11 14:00:00-06:00,,0.005,0.02,0.025,0.038,11.0,0.001
2025-05-11 15:00:00-06:00,,0.004,0.013,0.017,0.055,16.0,0.001
2025-05-11 16:00:00-06:00,,0.001,0.01,0.011,0.064,10.0,0.001
2025-05-11 17:00:00-06:00,,0.0,0.008,0.009,0.067,13.0,0.001
2025-05-11 18:00:00-06:00,,0.0,0.012,0.012,0.065,11.0,0.001
2025-05-11 19:00:00-06:00,,0.0,0.01,0.01,0.058,14.0,0.0
2025-05-11 20:00:00-06:00,,0.0,0.014,0.014,0.042,14.0,0.001
2025-05-11 21:00:00-06:00,,0.0,0.022,0.023,0.022,12.0,0.0
2025-05-11 22:00:00-06:00,,0.0,0.021,0.021,0.026,12.0,0.001
2025-05-11 23:00:00-06:00,,0.0,0.024,0.024,0.025,8.0,0.001
2025-05-12 00:00:00-06:00,,0.0,0.019,0.018,0.029,15.0,0.001
2025-05-12 01:00:00-06:00,,0.001,0.019,0.02,0.023,,0.001
2025-05-12 02:00:00-06:00,,0.0,0.015,0.015,0.025,16.0,0.001
2025-05-12 03:00:00-06:00,,0.0,0.014,0.014,0.022,10.0,0.0
2025-05-12 04:00:00-06:00,,0.0,0.016,0.016,0.013,16.0,0.0
2025-05-12 05:00:00-06:00,,0.001,0.02,0.02,0.008,13.0,0.0
2025-05-12 06:00:00-06:00,,0.003,0.021,0.024,0.004,17.0,0.0
2025-05-12 07:00:00-06:00,,0.015,0.025,0.04,0.004,16.0,0.001
2025-05-12 08:00:00-06:00,,0.052,0.036,0.088,0.008,16.0,0.002
2025-05-12 09:00:00-06:00,,0.023,0.038,0.061,0.025,18.0,0.002
2025-05-12 10:00:00-06:00,,0.011,0.03,0.041,0.047,24.0,0.002
2025-05-12 11:00:00-06:00,,0.004,0.019,0.023,0.072,25.0,0.001
2025-05-12 12:00:00-06:00,,0.002,0.016,0.018,0.085,22.0,0.001
2025-05-12 13:00:00-06:00,,0.001,0.013,0.015,0.093,16.0,0.001
2025-05-12 14:00:00-06:00,,0.0,0.013,0.013,0.108,18.0,0.001
2025-05-12 15:00:00-06:00,,0.0,0.011,0.012,0.112,14.0,0.001
2025-05-12 16:00:00-06:00,,0.0,0.012,0.013,0.11,20.0,0.001
2025-05-12 17:00:00-06:00,,0.0,0.013,0.014,0.103,14.0,0.002
2025-05-12 18:00:00-06:00,,0.0,0.017,0.017,0.094,18.0,0.004
2025-05-16 16:00:00-06:00,,0.0,0.009,0.009,0.103,27.0,0.002
2025-05-16 17:00:00-06:00,,0.0,0.011,0.01,0.106,25.0,0.001
2025-05-16 18:00:00-06:00,,0.0,0.015,0.015,0.088,24.0,0.001
2025-05-16 19:00:00-06:00,,0.0,0.018,0.018,0.076,27.0,0.001
2025-05-16 20:00:00-06:00,,0.0,0.021,0.021,0.066,34.0,0.001
2025-05-16 21:00:00-06:00,,0.0,0.023,0.023,0.057,28.0,0.001
2025-05-16 22:00:00-06:00,,0.0,0.026,0.026,0.049,24.0,0.001
2025-05-16 23:00:00-06:00,,0.0,0.017,0.017,0.052,25.0,0.001
2025-05-17 00:00:00-06:00,,,,,,21.0,
2025-05-17 02:00:00-06:00,,,,,,16.0,
2025-05-17 03:00:00-06:00,,,,,,25.0,
2025-05-17 04:00:00-06:00,,0.001,0.021,0.022,0.017,20.0,0.001
2025-05-17 05:00:00-06:00,,0.0,0.019,0.019,0.018,19.0,0.001
2025-05-17 06:00:00-06:00,,0.001,0.024,0.025,0.011,27.0,0.001
2025-05-17 07:00:00-06:00,,0.009,0.032,0.041,0.006,27.0,0.001
2025-05-17 08:00:00-06:00,,0.012,0.032,0.044,0.013,25.0,0.001
2025-05-17 09:00:00-06:00,,0.012,0.03,0.042,0.028,27.0,0.002
2025-05-17 10:00:00-06:00,,0.007,0.026,0.033,0.052,33.0,0.002
2025-05-17 11:00:00-06:00,,0.003,0.021,0.024,0.077,34.0,0.002
2025-05-17 12:00:00-06:00,,0.001,0.017,0.019,0.099,39.0,0.002
2025-05-17 13:00:00-06:00,,0.0,0.012,0.013,0.116,35.0,0.002
2025-05-17 14:00:00-06:00,,0.0,0.012,0.012,0.125,31.0,0.002
2025-05-17 15:00:00-06:00,,0.0,0.011,0.011,0.129,29.0,0.002
2025-05-17 16:00:00-06:00,,0.0,0.011,0.011,0.122,33.0,0.002
2025-05-17 17:00:00-06:00,,0.0,0.011,0.011,0.107,36.0,0.002
2025-05-17 18:00:00-06:00,,0.0,0.013,0.013,0.08,32.0,0.001
2025-05-17 19:00:00-06:00,,0.0,0.017,0.017,0.07,38.0,0.001
2025-05-17 20:00:00-06:00,,0.0,0.013,0.012,0.063,26.0,0.001
2025-05-17 21:00:00-06:00,,,0.011,0.011,0.056,26.0,0.001
2025-05-17 22:00:00-06:00,,0.0,0.015,0.014,0.042,17.0,0.001
2025-05-17 23:00:00-06:00,,0.0,0.02,0.02,0.032,20.0,0.001
2025-05-18 00:00:00-06:00,,0.0,0.015,0.014,0.033,17.0,0.001
2025-05-18 01:00:00-06:00,,0.0,0.011,0.011,0.032,,0.001
2025-05-18 02:00:00-06:00,,0.0,0.015,0.015,0.025,17.0,0.001
2025-05-18 03:00:00-06:00,,0.0,0.016,0.016,0.022,16.0,0.001
2025-05-18 04:00:00-06:00,,0.001,0.022,0.023,0.012,19.0,0.001
2025-05-18 05:00:00-06:00,,0.001,0.025,0.025,0.009,18.0,0.001
2025-05-18 06:00:00-06:00,,0.0,0.02,0.02,0.012,24.0,0.001
2025-05-18 07:00:00-06:00,,0.001,0.017,0.018,0.013,25.0,0.001
2025-05-18 08:00:00-06:00,,0.006,0.021,0.026,0.021,27.0,0.001
2025-05-18 09:00:00-06:00,,0.005,0.019,0.024,0.042,23.0,0.001
2025-05-18 10:00:00-06:00,,0.003,0.019,0.022,0.062,29.0,0.001
2025-05-18 11:00:00-06:00,,0.001,0.011,0.012,0.081,33.0,0.001
2025-05-18 12:00:00-06:00,,0.0,0.007,0.007,0.091,31.0,0.001
2025-05-18 13:00:00-06:00,,0.0,0.008,0.007,0.099,29.0,0.001
2025-05-18 14:00:00-06:00,,0.0,0.007,0.006,0.095,25.0,0.001
2025-05-18 15:00:00-06:00,,0.0,0.007,0.007,0.096,22.0,0.001
2025-05-18 16:00:00-06:00,,0.0,0.006,0.006,0.075,25.0,0.001
2025-05-18 17:00:00-06:00,,0.0,0.006,0.005,0.067,29.0,0.001
2025-05-18 18:00:00-06:00,,0.0,0.006,0.006,0.062,29.0,0.001
2025-05-18 19:00:00-06:00,,0.0,0.017,0.017,0.053,17.0,0.001
2025-05-18 20:00:00-06:00,,0.0,0.015,0.015,0.048,26.0,0.002
2025-05-18 21:00:00-06:00,,0.0,0.017,0.017,0.04,17.0,0.005
2025-05-18 22:00:00-06:00,,0.0,0.015,0.016,0.037,16.0,0.01
2025-05-18 23:00:00-06:00,,0.0,0.018,0.018,0.029,13.0,0.009
2025-05-19 00:00:00-06:00,,0.0,0.025,0.025,0.018,11.0,0.008
2025-05-19 01:00:00-06:00,,0.001,0.036,0.037,0.007,,0.005
2025-05-19 02:00:00-06:00,,0.006,0.036,0.042,0.005,18.0,0.003
2025-05-19 03:00:00-06:00,,0.001,0.028,0.029,0.009,22.0,0.001
2025-05-19 04:00:00-06:00,,0.0,0.022,0.022,0.013,19.0,0.001
2025-05-19 05:00:00-06:00,,0.0,0.016,0.016,0.016,21.0,0.001
2025-05-19 06:00:00-06:00,,0.0,0.018,0.019,0.015,22.0,0.001
2025-05-19 07:00:00-06:00,,0.012,0.027,0.039,0.007,24.0,0.001
2025-05-19 08:00:00-06:00,,0.027,0.036,0.062,0.012,19.0,0.002
2025-05-19 09:00:00-06:00,,0.017,0.035,0.052,0.03,22.0,0.002
2025-05-19 10:00:00-06:00,,0.015,0.049,0.064,0.048,31.0,0.003
2025-05-19 11:00:00-06:00,,0.008,0.037,0.045,0.073,33.0,0.003
2025-05-19 12:00:00-06:00,,0.002,0.019,0.021,0.091,42.0,0.004
2025-05-19 13:00:00-06:00,,0.001,0.011,0.011,0.089,26.0,0.006
2025-05-19 14:00:00-06:00,,0.0,0.011,0.012,0.108,24.0,0.005
2025-05-19 15:00:00-06:00,,0.0,0.011,0.011,0.122,21.0,0.006
2025-05-19 16:00:00-06:00,,0.0,0.011,0.011,0.107,29.0,0.004
2025-05-19 17:00:00-06:00,,0.0,0.011,0.011,0.123,32.0,0.004
2025-05-19 18:00:00-06:00,,0.0,0.015,0.015,0.084,33.0,0.002
2025-05-19 19:00:00-06:00,,0.0,0.023,0.022,0.068,29.0,0.005
2025-05-19 20:00:00-06:00,,0.0,0.018,0.018,0.067,31.0,0.003
2025-05-19 21:00:00-06:00,,0.0,0.019,0.018,0.057,25.0,0.003
2025-05-19 22:00:00-06:00,,0.0,0.017,0.016,0.051,17.0,0.002
2025-05-19 23:00:00-06:00,,0.0,0.019,0.019,0.044,16.0,0.002
2025-05-20 00:00:00-06:00,,0.0,0.016,0.016,0.042,16.0,0.002
2025-05-20 01:00:00-06:00,,0.0,0.027,0.027,0.027,,0.002
2025-05-20 02:00:00-06:00,,0.0,0.022,0.022,0.03,19.0,0.001
2025-05-20 03:00:00-06:00,,0.0,0.024,0.024,0.022,19.0,0.001
2025-05-20 04:00:00-06:00,,0.0,0.018,0.018,0.026,20.0,0.001
2025-05-20 05:00:00-06:00,,0.0,0.014,0.014,0.027,22.0,0.001
2025-05-20 06:00:00-06:00,,0.001,0.02,0.021,0.016,20.0,0.001
2025-05-20 07:00:00-06:00,,0.01,0.034,0.044,0.005,21.0,0.001
2025-05-20 08:00:00-06:00,,0.03,0.043,0.073,0.011,24.0,0.002
2025-05-20 09:00:00-06:00,,0.023,0.049,0.072,0.028,26.0,0.003
2025-05-20 10:00:00-06:00,,0.011,0.038,0.049,0.055,34.0,0.003
2025-05-20 11:00:00-06:00,,0.005,0.031,0.036,0.078,39.0,0.002
2025-05-20 12:00:00-06:00,,0.002,0.021,0.023,0.093,31.0,0.002
2025-05-20 13:00:00-06:00,,0.001,0.017,0.018,0.111,28.0,0.003
2025-05-20 14:00:00-06:00,,0.0,0.016,0.016,0.132,28.0,0.003
2025-05-20 15:00:00-06:00,,0.0,0.011,0.011,0.115,26.0,0.003
2025-05-20 16:00:00-06:00,,0.0,0.012,0.012,0.106,34.0,0.003
2025-05-20 17:00:00-06:00,,0.0,0.01,0.009,0.107,28.0,0.003
2025-05-20 18:00:00-06:00,,0.0,0.014,0.014,0.088,31.0,0.003
2025-05-20 19:00:00-06:00,,0.0,0.018,0.018,0.055,34.0,0.001
2025-05-20 20:00:00-06:00,,0.0,0.016,0.016,0.053,32.0,0.001
2025-05-20 21:00:00-06:00,,0.0,0.02,0.02,0.046,19.0,0.001
2025-05-20 22:00:00-06:00,,0.0,0.021,0.021,0.039,16.0,0.001
2025-05-20 23:00:00-06:00,,0.0,0.017,0.017,0.038,11.0,0.001
2025-05-21 00:00:00-06:00,,0.0,0.023,0.023,0.032,11.0,0.001
2025-05-21 01:00:00-06:00,,0.0,0.025,0.024,0.031,,0.002
2025-05-21 02:00:00-06:00,,0.0,0.021,0.02,0.035,10.0,0.002
2025-05-21 03:00:00-06:00,,0.0,0.017,0.017,0.036,21.0,0.002
2025-05-21 04:00:00-06:00,,0.0,0.013,0.012,0.032,26.0,0.001
2025-05-21 05:00:00-06:00,,0.0,0.01,0.009,0.035,23.0,0.001
2025-05-21 06:00:00-06:00,,0.0,0.013,0.013,0.028,25.0,0.001
2025-05-21 07:00:00-06:00,,0.002,0.025,0.027,0.019,24.0,0.001
2025-05-21 08:00:00-06:00,,0.011,0.032,0.043,0.02,23.0,0.001
2025-05-21 09:00:00-06:00,,0.01,0.029,0.039,0.038,23.0,0.002
2025-05-21 10:00:00-06:00,,0.006,0.025,0.03,0.057,30.0,0.004
2025-05-21 11:00:00-06:00,,0.005,0.028,0.033,0.079,42.0,0.012
2025-05-21 12:00:00-06:00,,0.002,0.019,0.021,0.103,48.0,0.013
2025-05-21 13:00:00-06:00,,0.0,0.016,0.016,0.124,43.0,0.007
2025-05-21 14:00:00-06:00,,0.0,0.015,0.015,0.138,40.0,0.003
2025-05-21 15:00:00-06:00,,0.0,0.012,0.012,0.118,38.0,0.002
2025-05-21 16:00:00-06:00,,0.0,0.01,0.01,0.102,33.0,0.001
2025-05-21 17:00:00-06:00,,0.0,0.015,0.015,0.096,26.0,0.001
2025-05-21 18:00:00-06:00,,0.0,0.011,0.01,0.072,29.0,0.001
2025-05-21 19:00:00-06:00,,0.0,0.015,0.015,0.04,28.0,0.001
2025-05-21 20:00:00-06:00,,0.0,0.017,0.017,0.036,23.0,0.001
2025-05-21 21:00:00-06:00,,0.0,0.017,0.017,0.036,13.0,0.001
2025-05-21 22:00:00-06:00,,0.0,0.024,0.024,0.025,10.0,0.001
2025-05-21 23:00:00-06:00,,0.0,0.021,0.021,0.026,13.0,0.001
2025-05-22 00:00:00-06:00,,0.0,0.021,0.021,0.023,17.0,0.001
2025-05-22 01:00:00-06:00,,0.0,0.023,0.023,0.023,,0.001
2025-05-22 02:00:00-06:00,,0.0,0.024,0.025,0.017,4.0,0.001
2025-05-22 03:00:00-06:00,,0.0,0.016,0.016,0.015,12.0,0.001
2025-05-22 04:00:00-06:00,,0.0,0.015,0.015,0.013,14.0,0.001
2025-05-22 05:00:00-06:00,,0.0,0.011,0.011,0.017,19.0,0.004
2025-05-22 06:00:00-06:00,,0.0,0.012,0.012,0.021,24.0,0.018
2025-05-22 07:00:00-06:00,,0.0,0.015,0.015,0.024,26.0,0.026
2025-05-22 08:00:00-06:00,,0.002,0.014,0.016,0.027,38.0,0.015
2025-05-22 09:00:00-06:00,,0.004,0.013,0.016,0.032,37.0,0.007
2025-05-22 10:00:00-06:00,,0.008,0.02,0.029,0.037,29.0,0.004
2025-05-22 11:00:00-06:00,,0.004,0.018,0.022,0.051,34.0,0.003
2025-05-22 12:00:00-06:00,,0.003,0.017,0.019,0.072,39.0,0.002
2025-05-22 13:00:00-06:00,,0.001,0.014,0.015,0.098,36.0,0.002
2025-05-22 14:00:00-06:00,,0.001,0.013,0.013,0.11,38.0,0.002
2025-05-22 15:00:00-06:00,,0.0,0.012,0.012,0.116,35.0,0.001
2025-05-22 16:00:00-06:00,,0.001,0.012,0.013,0.088,29.0,0.001
2025-05-22 17:00:00-06:00,,0.001,0.013,0.014,0.06,27.0,0.002
2025-05-22 18:00:00-06:00,,0.0,0.011,0.011,0.06,26.0,0.002
2025-05-22 19:00:00-06:00,,0.0,0.013,0.013,0.05,16.0,0.0
2025-05-22 20:00:00-06:00,,0.0,0.017,0.016,0.041,15.0,0.001
2025-05-22 21:00:00-06:00,,0.0,0.019,0.019,0.031,5.0,0.002
2025-05-22 22:00:00-06:00,,0.0,0.023,0.023,0.024,10.0,0.004
2025-05-22 23:00:00-06:00,,0.0,0.014,0.014,0.03,7.0,0.006
2025-05-23 00:00:00-06:00,,,,,,10.0,
2025-05-23 02:00:00-06:00,,,,,,14.0,
2025-05-23 03:00:00-06:00,,,,,,14.0,
2025-05-23 04:00:00-06:00,,0.0,0.012,0.013,0.025,16.0,0.004
2025-05-23 05:00:00-06:00,,0.0,0.009,0.008,0.028,20.0,0.005
2025-05-23 06:00:00-06:00,,0.0,0.011,0.011,0.024,18.0,0.006
2025-05-23 07:00:00-06:00,,0.002,0.017,0.019,0.017,22.0,0.013
2025-05-23 08:00:00-06:00,,0.008,0.022,0.03,0.018,24.0,0.018
2025-05-23 09:00:00-06:00,,0.009,0.02,0.029,0.025,26.0,0.006
2025-05-23 10:00:00-06:00,,0.01,0.022,0.032,0.035,28.0,0.006
2025-05-23 11:00:00-06:00,,0.008,0.025,0.033,0.051,26.0,0.009
2025-05-23 12:00:00-06:00,,0.006,0.029,0.035,0.08,32.0,0.01
2025-05-23 13:00:00-06:00,,0.003,0.02,0.023,0.088,36.0,0.005
2025-05-23 14:00:00-06:00,,0.001,0.014,0.016,0.094,33.0,0.004
2025-05-23 15:00:00-06:00,,0.001,0.016,0.016,0.12,21.0,0.004
2025-05-23 16:00:00-06:00,,0.0,0.015,0.015,0.133,24.0,0.004
2025-05-23 17:00:00-06:00,,0.0,0.015,0.015,0.138,28.0,0.004
2025-05-23 18:00:00-06:00,,0.0,0.017,0.017,0.093,35.0,0.003
2025-05-23 19:00:00-06:00,,0.0,0.021,0.021,0.039,39.0,0.001
2025-05-23 20:00:00-06:00,,0.0,0.017,0.017,0.054,19.0,0.002
2025-05-23 21:00:00-06:00,,0.0,0.017,0.017,0.049,14.0,0.002
2025-05-23 22:00:00-06:00,,0.0,0.021,0.021,0.045,14.0,0.003
2025-05-23 23:00:00-06:00,,0.0,0.018,0.018,0.046,10.0,0.003
2025-05-24 00:00:00-06:00,,0.0,0.028,0.029,0.025,17.0,0.002
2025-05-24 01:00:00-06:00,,0.0,0.024,0.024,0.028,,0.001
2025-05-24 02:00:00-06:00,,0.0,0.015,0.015,0.025,18.0,0.001
2025-05-24 03:00:00-06:00,,0.0,0.011,0.011,0.029,19.0,0.001
2025-05-24 04:00:00-06:00,,0.0,0.008,0.007,0.037,19.0,0.002
2025-05-24 05:00:00-06:00,,0.0,0.009,0.009,0.03,18.0,0.001
2025-05-24 06:00:00-06:00,,0.0,0.014,0.014,0.024,15.0,0.001
2025-05-24 07:00:00-06:00,,0.001,0.016,0.017,0.02,20.0,0.001
2025-05-24 08:00:00-06:00,,0.005,0.023,0.028,0.014,20.0,0.002
2025-05-24 09:00:00-06:00,,0.005,0.014,0.018,0.032,22.0,0.003
2025-05-24 10:00:00-06:00,,0.004,0.015,0.02,0.049,18.0,0.004
2025-05-24 11:00:00-06:00,,0.002,0.014,0.016,0.067,23.0,0.003
2025-05-24 12:00:00-06:00,,0.001,0.008,0.009,0.076,31.0,0.002
2025-05-24 13:00:00-06:00,,0.0,0.006,0.006,0.078,18.0,0.001
2025-05-24 14:00:00-06:00,,0.0,0.006,0.006,0.076,16.0,0.001
2025-05-24 15:00:00-06:00,,0.0,0.007,0.007,0.07,13.0,0.001
2025-05-24 16:00:00-06:00,,0.0,0.006,0.006,0.069,19.0,0.004
2025-05-24 17:00:00-06:00,,0.001,0.008,0.009,0.06,14.0,0.003
2025-05-24 18:00:00-06:00,,0.0,0.013,0.013,0.053,22.0,0.003
2025-05-24 19:00:00-06:00,,0.0,0.016,0.016,0.052,21.0,0.002
2025-05-24 20:00:00-06:00,,0.0,0.016,0.016,0.052,19.0,0.001
2025-05-24 21:00:00-06:00,,0.0,0.016,0.017,0.045,19.0,0.001
2025-05-24 22:00:00-06:00,,0.0,0.024,0.024,0.03,14.0,0.001
2025-05-24 23:00:00-06:00,,0.0,0.02,0.02,0.027,17.0,0.0
2025-05-25 00:00:00-06:00,,0.0,0.018,0.018,0.028,10.0,0.0
2025-05-25 01:00:00-06:00,,0.0,0.015,0.015,0.03,,0.001
2025-05-25 02:00:00-06:00,,0.0,0.016,0.016,0.031,14.0,0.001
2025-05-25 03:00:00-06:00,,0.0,0.007,0.006,0.041,16.0,0.001
2025-05-25 04:00:00-06:00,,,0.004,0.003,0.051,12.0,0.001
2025-05-25 05:00:00-06:00,,0.0,0.004,0.004,0.044,11.0,0.002
2025-05-25 06:00:00-06:00,,0.0,0.009,0.009,0.032,10.0,0.002
2025-05-25 07:00:00-06:00,,0.0,0.014,0.014,0.026,12.0,0.002
2025-05-25 08:00:00-06:00,,0.002,0.013,0.015,0.027,11.0,0.003
2025-05-25 09:00:00-06:00,,0.004,0.018,0.022,0.029,7.0,0.003
2025-05-25 10:00:00-06:00,,0.004,0.02,0.025,0.036,12.0,0.003
2025-05-25 11:00:00-06:00,,0.004,0.02,0.024,0.045,14.0,0.004
2025-05-25 12:00:00-06:00,,0.004,0.018,0.022,0.057,13.0,0.003
2025-05-25 13:00:00-06:00,,0.002,0.014,0.016,0.078,10.0,0.002
2025-05-25 14:00:00-06:00,,0.0,0.008,0.009,0.073,17.0,0.001
2025-05-25 15:00:00-06:00,,0.0,0.007,0.006,0.07,13.0,0.001
2025-05-25 16:00:00-06:00,,0.001,0.008,0.008,0.06,7.0,0.001
2025-05-25 17:00:00-06:00,,0.0,0.011,0.011,0.062,10.0,0.001
2025-05-25 18:00:00-06:00,,0.0,0.016,0.016,0.043,12.0,0.001
2025-05-25 19:00:00-06:00,,0.001,0.018,0.018,0.029,18.0,0.001
2025-05-25 20:00:00-06:00,,0.001,0.031,0.032,0.016,12.0,0.001
2025-05-25 21:00:00-06:00,,0.0,0.028,0.028,0.018,12.0,0.001
2025-05-25 22:00:00-06:00,,0.0,0.022,0.022,0.024,11.0,0.001
2025-05-25 23:00:00-06:00,,0.0,0.023,0.023,0.018,12.0,0.002
2025-05-26 00:00:00-06:00,,0.0,0.018,0.018,0.016,5.0,0.001
2025-05-26 01:00:00-06:00,,0.001,0.019,0.02,0.008,,0.0
2025-05-26 02:00:00-06:00,,0.0,0.016,0.017,0.01,13.0,0.0
2025-05-26 03:00:00-06:00,,0.0,0.019,0.019,0.013,5.0,0.0
2025-05-26 04:00:00-06:00,,0.0,0.017,0.018,0.015,11.0,0.0
2025-05-26 05:00:00-06:00,,0.001,0.012,0.012,0.02,18.0,0.0
2025-05-26 06:00:00-06:00,,0.0,0.015,0.015,0.013,8.0,0.0
2025-05-26 07:00:00-06:00,,0.008,0.023,0.031,0.006,13.0,0.0
2025-05-26 08:00:00-06:00,,0.023,0.027,0.05,0.009,11.0,0.001
2025-05-26 09:00:00-06:00,,0.018,0.026,0.044,0.018,8.0,0.001
2025-05-26 10:00:00-06:00,,0.013,0.027,0.041,0.032,13.0,0.001
2025-05-26 11:00:00-06:00,,0.007,0.021,0.028,0.042,20.0,0.001
2025-05-26 12:00:00-06:00,,0.007,0.026,0.033,0.045,18.0,0.001
2025-05-26 13:00:00-06:00,,0.004,0.021,0.025,0.054,20.0,0.001
2025-05-26 14:00:00-06:00,,0.002,0.015,0.017,0.075,10.0,0.001
2025-05-26 15:00:00-06:00,,0.0,0.013,0.014,0.077,13.0,0.001
2025-05-26 16:00:00-06:00,,0.001,0.02,0.02,0.042,9.0,0.0
2025-05-26 17:00:00-06:00,,0.001,0.024,0.025,0.044,16.0,0.001
2025-05-26 18:00:00-06:00,,0.001,0.023,0.024,0.038,8.0,0.001
2025-05-26 19:00:00-06:00,,0.003,0.027,0.031,0.024,14.0,0.001
2025-05-26 20:00:00-06:00,,0.004,0.044,0.047,0.016,8.0,0.001
2025-05-26 21:00:00-06:00,,0.007,0.051,0.058,0.004,9.0,0.001
2025-05-26 22:00:00-06:00,,0.006,0.036,0.042,0.019,18.0,0.001
2025-05-26 23:00:00-06:00,,0.0,0.015,0.014,0.043,10.0,0.0
2025-05-27 00:00:00-06:00,,0.001,0.014,0.014,0.044,7.0,0.0
2025-05-27 01:00:00-06:00,,0.0,0.014,0.014,0.041,,0.0
2025-05-27 02:00:00-06:00,,0.0,0.019,0.019,0.028,5.0,0.001
2025-05-27 03:00:00-06:00,,0.0,0.007,0.006,0.043,10.0,0.0
2025-05-27 04:00:00-06:00,,0.0,0.008,0.008,0.035,6.0,0.0
2025-05-27 05:00:00-06:00,,0.0,0.013,0.013,0.031,5.0,0.0
2025-05-27 06:00:00-06:00,,0.0,0.014,0.014,0.022,11.0,0.0
2025-05-27 07:00:00-06:00,,0.003,0.025,0.028,0.017,10.0,0.0
2025-05-27 08:00:00-06:00,,0.005,0.029,0.034,0.017,14.0,0.001
2025-05-27 09:00:00-06:00,,0.012,0.027,0.039,0.028,15.0,0.001
2025-05-27 10:00:00-06:00,,0.012,0.031,0.044,0.045,12.0,0.001
2025-05-27 11:00:00-06:00,,0.008,0.034,0.042,0.065,16.0,0.001
2025-05-27 12:00:00-06:00,,0.005,0.033,0.038,0.09,20.0,0.001
2025-05-27 13:00:00-06:00,,0.002,0.021,0.023,0.121,28.0,0.001
2025-05-27 14:00:00-06:00,,0.0,0.015,0.015,0.124,25.0,0.001
2025-05-27 15:00:00-06:00,,0.0,0.017,0.017,0.113,18.0,0.001
2025-05-27 16:00:00-06:00,,0.001,0.024,0.024,0.069,14.0,0.001
2025-05-27 17:00:00-06:00,,0.001,0.022,0.022,0.067,18.0,0.001
2025-05-27 18:00:00-06:00,,0.001,0.024,0.025,0.055,19.0,0.002
2025-05-27 19:00:00-06:00,,0.0,0.021,0.021,0.052,7.0,0.001
2025-05-27 20:00:00-06:00,,0.0,0.03,0.03,0.048,11.0,0.002
2025-05-27 21:00:00-06:00,,0.0,0.038,0.039,0.025,15.0,0.001
2025-05-27 22:00:00-06:00,,0.0,0.019,0.019,0.037,21.0,0.001
2025-05-27 23:00:00-06:00,,0.0,0.018,0.018,0.034,8.0,0.001
2025-05-28 00:00:00-06:00,,0.0,0.012,0.012,0.035,13.0,0.001
2025-05-28 01:00:00-06:00,,0.0,0.011,0.011,0.028,,0.001
2025-05-28 02:00:00-06:00,,0.0,0.011,0.011,0.029,3.0,0.001
2025-05-28 03:00:00-06:00,,0.0,0.009,0.009,0.026,10.0,0.001
2025-05-28 04:00:00-06:00,,0.0,0.007,0.007,0.027,,0.001
2025-05-28 05:00:00-06:00,,0.0,0.008,0.008,0.02,,0.001
2025-05-28 06:00:00-06:00,,0.001,0.015,0.016,0.009,6.0,0.001
2025-05-28 07:00:00-06:00,,0.012,0.019,0.031,0.004,8.0,0.001
2025-05-28 08:00:00-06:00,,0.038,0.03,0.068,0.006,4.0,0.001
2025-05-28 09:00:00-06:00,,0.045,0.041,0.086,0.015,7.0,0.002
2025-05-28 10:00:00-06:00,,0.021,0.039,0.061,0.025,13.0,0.002
2025-05-28 11:00:00-06:00,,0.01,0.029,0.039,0.038,17.0,0.001
2025-05-28 12:00:00-06:00,,0.004,0.015,0.019,0.049,13.0,0.001
2025-05-28 13:00:00-06:00,,0.004,0.011,0.015,0.038,10.0,0.001
2025-05-28 14:00:00-06:00,,0.001,0.004,0.006,0.029,8.0,0.0
2025-05-28 15:00:00-06:00,,0.003,0.007,0.011,0.034,6.0,0.0
2025-05-28 16:00:00-06:00,,0.004,0.009,0.013,0.032,,0.0
2025-05-28 17:00:00-06:00,,0.003,0.009,0.011,0.028,5.0,0.0
2025-05-28 18:00:00-06:00,,0.001,0.01,0.011,0.024,6.0,0.0
2025-05-28 19:00:00-06:00,,0.003,0.019,0.022,0.014,2.0,0.0
2025-05-28 20:00:00-06:00,,0.002,0.018,0.021,0.015,6.0,0.001
2025-05-28 21:00:00-06:00,,0.003,0.024,0.027,0.01,8.0,0.001
2025-05-28 22:00:00-06:00,,0.006,0.029,0.035,0.005,7.0,0.001
2025-05-28 23:00:00-06:00,,0.002,0.028,0.03,0.006,8.0,0.001
2025-05-29 00:00:00-06:00,,,,,,8.0,
2025-05-29 02:00:00-06:00,,,,,,9.0,
2025-05-29 03:00:00-06:00,,,,,,2.0,
2025-05-29 04:00:00-06:00,,0.0,0.005,0.005,0.019,2.0,0.0
2025-05-29 05:00:00-06:00,,0.0,0.004,0.004,0.02,3.0,0.0
2025-05-29 06:00:00-06:00,,0.0,0.005,0.005,0.017,1.0,0.0
2025-05-29 07:00:00-06:00,,0.012,0.019,0.031,0.004,,0.0
2025-05-29 08:00:00-06:00,,0.022,0.021,0.042,0.006,3.0,0.001
2025-05-29 09:00:00-06:00,,0.018,0.02,0.038,0.01,6.0,0.001
2025-05-29 10:00:00-06:00,,0.021,0.022,0.043,0.018,5.0,0.001
2025-05-29 11:00:00-06:00,,0.019,0.028,0.048,0.027,6.0,0.001
2025-05-29 12:00:00-06:00,,0.009,0.021,0.03,0.051,10.0,0.001
2025-05-29 13:00:00-06:00,,0.002,0.016,0.018,0.078,14.0,0.001
2025-05-29 14:00:00-06:00,,0.001,0.013,0.014,0.081,25.0,0.0
2025-05-29 15:00:00-06:00,,0.001,0.02,0.021,0.065,18.0,0.001
2025-05-29 16:00:00-06:00,,0.001,0.018,0.02,0.049,16.0,0.0
2025-05-29 17:00:00-06:00,,0.001,0.014,0.014,0.032,9.0,0.0
2025-05-29 18:00:00-06:00,,0.002,0.018,0.021,0.026,,0.001
2025-05-29 19:00:00-06:00,,0.002,0.022,0.023,0.02,,0.001
2025-05-29 20:00:00-06:00,,0.0,0.032,0.033,0.02,7.0,0.001
2025-05-29 21:00:00-06:00,,0.001,0.024,0.025,0.013,10.0,0.0
2025-05-29 22:00:00-06:00,,0.003,0.032,0.035,0.008,14.0,0.0
2025-05-29 23:00:00-06:00,,0.001,0.031,0.032,0.009,4.0,0.0
2025-05-30 00:00:00-06:00,,0.001,0.025,0.025,0.012,9.0,0.0
2025-05-30 01:00:00-06:00,,0.0,0.026,0.026,0.011,,0.0
2025-05-30 02:00:00-06:00,,0.001,0.027,0.028,0.009,13.0,0.0
2025-05-30 03:00:00-06:00,,0.001,0.026,0.026,0.01,10.0,0.001
2025-05-30 04:00:00-06:00,,0.001,0.03,0.031,0.007,12.0,0.001
2025-05-30 05:00:00-06:00,,0.001,0.028,0.028,0.005,12.0,0.001
2025-05-30 06:00:00-06:00,,0.005,0.026,0.031,0.004,15.0,0.001
2025-05-30 07:00:00-06:00,,0.007,0.024,0.03,0.009,13.0,0.001
2025-05-30 08:00:00-06:00,,0.024,0.024,0.048,0.01,15.0,0.001
2025-05-30 09:00:00-06:00,,0.016,0.022,0.038,0.024,8.0,0.001
2025-05-30 10:00:00-06:00,,0.007,0.017,0.024,0.042,9.0,0.001
2025-05-30 11:00:00-06:00,,0.003,0.011,0.014,0.056,13.0,0.001
2025-05-30 12:00:00-06:00,,0.001,0.009,0.011,0.066,13.0,0.001
2025-05-30 13:00:00-06:00,,0.0,0.007,0.008,0.072,11.0,0.001
2025-05-30 14:00:00-06:00,,0.0,0.006,0.007,0.076,10.0,0.001
2025-05-30 15:00:00-06:00,,0.001,0.009,0.011,0.061,8.0,0.0
2025-05-30 16:00:00-06:00,,0.004,0.017,0.021,0.048,6.0,0.0
2025-05-30 17:00:00-06:00,,0.001,0.01,0.011,0.054,12.0,0.0
2025-05-30 18:00:00-06:00,,0.001,0.014,0.015,0.056,4.0,0.0
2025-05-30 19:00:00-06:00,,0.002,0.028,0.031,0.037,6.0,0.0
2025-05-30 20:00:00-06:00,,0.001,0.037,0.038,0.03,9.0,0.001
2025-05-30 21:00:00-06:00,,0.0,0.03,0.031,0.051,11.0,0.001
2025-05-30 22:00:00-06:00,,0.0,0.03,0.03,0.046,21.0,0.002
2025-05-30 23:00:00-06:00,,0.0,0.031,0.032,0.031,16.0,0.003
2025-05-31 00:00:00-06:00,,0.0,0.022,0.023,0.031,23.0,0.01
2025-05-31 01:00:00-06:00,,0.0,0.025,0.026,0.027,,0.007
2025-05-31 02:00:00-06:00,,0.0,0.02,0.02,0.032,11.0,0.003
2025-05-31 03:00:00-06:00,,0.0,0.017,0.017,0.031,25.0,0.007
2025-05-31 04:00:00-06:00,,0.0,0.013,0.013,0.031,24.0,0.012
2025-05-31 05:00:00-06:00,,0.0,0.014,0.014,0.026,21.0,0.01
2025-05-31 06:00:00-06:00,,0.001,0.022,0.023,0.013,21.0,0.009
2025-05-31 07:00:00-06:00,,0.002,0.024,0.025,0.011,18.0,0.008
2025-05-31 08:00:00-06:00,,0.007,0.016,0.023,0.017,23.0,0.005
2025-05-31 09:00:00-06:00,,0.007,0.017,0.024,0.035,15.0,0.006
2025-05-31 10:00:00-06:00,,0.004,0.016,0.02,0.056,20.0,0.002
2025-05-31 11:00:00-06:00,,0.002,0.013,0.015,0.073,18.0,0.001
2025-05-31 12:00:00-06:00,,0.001,0.014,0.016,0.095,15.0,0.001
2025-05-31 13:00:00-06:00,,0.002,0.019,0.021,0.114,17.0,0.001
2025-05-31 14:00:00-06:00,,0.001,0.015,0.015,0.114,22.0,0.002
2025-05-31 15:00:00-06:00,,0.0,0.013,0.013,0.082,16.0,0.002
2025-05-31 16:00:00-06:00,,0.0,0.013,0.013,0.05,19.0,0.002
2025-05-31 17:00:00-06:00,,0.0,0.013,0.013,0.051,23.0,0.001
2025-05-31 18:00:00-06:00,,0.0,0.012,0.011,0.053,21.0,0.001
2025-05-31 19:00:00-06:00,,0.0,0.022,0.022,0.042,12.0,0.001
2025-05-31 20:00:00-06:00,,0.001,0.031,0.031,0.032,11.0,0.001
2025-05-31 21:00:00-06:00,,0.0,0.027,0.027,0.026,15.0,0.001
2025-05-31 22:00:00-06:00,,0.0,0.028,0.028,0.021,14.0,0.001
2025-05-31 23:00:00-06:00,,0.001,0.033,0.034,0.018,13.0,0.001
2025-06-01 00:00:00-06:00,,0.0,0.026,0.026,0.024,14.0,0.001
2025-06-01 01:00:00-06:00,,0.0,0.018,0.018,0.031,,0.0
2025-06-01 02:00:00-06:00,,0.0,0.014,0.014,0.029,15.0,0.0
2025-06-01 03:00:00-06:00,,0.0,0.016,0.016,0.023,19.0,0.0
2025-06-01 04:00:00-06:00,,0.0,0.018,0.019,0.018,19.0,0.001
2025-06-01 05:00:00-06:00,,0.0,0.016,0.016,0.018,18.0,0.001
2025-06-01 06:00:00-06:00,,0.0,0.014,0.014,0.013,24.0,0.0
2025-06-01 07:00:00-06:00,,0.001,0.011,0.013,0.008,15.0,0.0
2025-06-01 08:00:00-06:00,,0.005,0.016,0.021,0.017,7.0,0.001
2025-06-01 09:00:00-06:00,,0.007,0.02,0.027,0.025,10.0,0.001
2025-06-01 10:00:00-06:00,,0.005,0.018,0.023,0.039,19.0,0.001
2025-06-01 11:00:00-06:00,,0.003,0.017,0.02,0.057,22.0,0.001
2025-06-01 12:00:00-06:00,,0.002,0.014,0.015,0.086,21.0,0.001
2025-06-01 13:00:00-06:00,,0.0,0.01,0.01,0.096,26.0,0.003
2025-06-01 14:00:00-06:00,,0.0,0.013,0.013,0.122,19.0,0.002
2025-06-01 15:00:00-06:00,,0.0,0.012,0.012,0.118,24.0,0.001
2025-06-01 16:00:00-06:00,,0.0,0.01,0.011,0.098,26.0,0.001
2025-06-01 17:00:00-06:00,,0.0,0.011,0.012,0.073,20.0,0.001
2025-06-01 18:00:00-06:00,,0.0,0.015,0.015,0.058,23.0,0.002
2025-06-01 19:00:00-06:00,,0.0,0.013,0.013,0.064,12.0,0.006
2025-06-01 20:00:00-06:00,,0.0,0.019,0.019,0.044,22.0,0.004
2025-06-01 21:00:00-06:00,,0.0,0.025,0.025,0.03,24.0,0.001
2025-06-01 22:00:00-06:00,,0.0,0.018,0.018,0.04,18.0,0.001
2025-06-01 23:00:00-06:00,,0.0,0.01,0.01,0.043,13.0,0.001
2025-06-02 00:00:00-06:00,,0.0,0.011,0.011,0.038,15.0,0.001
2025-06-02 01:00:00-06:00,,0.0,0.008,0.007,0.042,,0.0
2025-06-02 02:00:00-06:00,,0.0,0.014,0.014,0.031,4.0,0.001
2025-06-02 03:00:00-06:00,,0.0,0.018,0.018,0.023,1.0,0.001
2025-06-02 04:00:00-06:00,,0.0,0.018,0.018,0.019,11.0,0.001
2025-06-02 05:00:00-06:00,,0.0,0.015,0.015,0.015,8.0,0.0
2025-06-02 06:00:00-06:00,,0.005,0.018,0.022,0.004,15.0,0.001
2025-06-02 07:00:00-06:00,,0.009,0.015,0.024,0.004,12.0,0.001
2025-06-02 08:00:00-06:00,,0.021,0.019,0.041,0.012,9.0,0.001
2025-06-02 09:00:00-06:00,,0.009,0.022,0.032,0.03,9.0,0.001
2025-06-02 10:00:00-06:00,,0.006,0.019,0.025,0.045,12.0,0.001
2025-06-02 11:00:00-06:00,,0.004,0.018,0.023,0.06,19.0,0.001
2025-06-02 12:00:00-06:00,,0.004,0.023,0.028,0.074,13.0,0.001
2025-06-02 13:00:00-06:00,,0.005,0.028,0.034,0.076,11.0,0.001
2025-06-02 14:00:00-06:00,,0.004,0.026,0.03,0.097,22.0,0.001
2025-06-02 15:00:00-06:00,,0.001,0.012,0.013,0.095,19.0,0.001
2025-06-02 16:00:00-06:00,,0.001,0.016,0.017,0.091,10.0,0.001
2025-06-02 17:00:00-06:00,,0.001,0.019,0.019,0.087,13.0,0.001
2025-06-02 18:00:00-06:00,,0.0,0.022,0.022,0.06,15.0,0.001
2025-06-02 19:00:00-06:00,,0.001,0.018,0.019,0.041,18.0,0.001
2025-06-02 20:00:00-06:00,,0.001,0.021,0.022,0.038,9.0,0.0
2025-06-02 21:00:00-06:00,,0.0,0.019,0.019,0.035,10.0,0.0
2025-06-02 22:00:00-06:00,,0.0,0.015,0.015,0.033,7.0,0.0
2025-06-02 23:00:00-06:00,,0.0,0.019,0.019,0.027,2.0,0.0
2025-06-03 00:00:00-06:00,,0.0,0.013,0.013,0.029,,0.0
2025-06-03 01:00:00-06:00,,0.0,0.019,0.019,0.022,,0.0
2025-06-03 02:00:00-06:00,,0.0,0.019,0.019,0.019,14.0,0.0
2025-06-03 03:00:00-06:00,,0.0,0.018,0.019,0.015,4.0,0.0
2025-06-03 04:00:00-06:00,,0.0,0.018,0.018,0.014,6.0,0.0
2025-06-03 05:00:00-06:00,,0.001,0.02,0.021,0.008,9.0,0.0
2025-06-03 06:00:00-06:00,,0.005,0.023,0.027,0.003,6.0,0.001
2025-06-03 07:00:00-06:00,,0.023,0.024,0.047,0.003,13.0,0.001
2025-06-03 08:00:00-06:00,,0.034,0.027,0.061,0.007,3.0,0.001
2025-06-03 09:00:00-06:00,,0.016,0.026,0.042,0.018,17.0,0.001
2025-06-03 10:00:00-06:00,,0.01,0.02,0.03,0.031,14.0,0.001
2025-06-03 11:00:00-06:00,,0.007,0.02,0.028,0.05,12.0,0.001
2025-06-03 12:00:00-06:00,,0.004,0.017,0.021,0.067,11.0,0.001
2025-06-03 13:00:00-06:00,,0.003,0.018,0.02,0.084,12.0,0.001
2025-06-03 14:00:00-06:00,,0.003,0.025,0.028,0.098,12.0,0.001
2025-06-03 15:00:00-06:00,,0.001,0.019,0.021,0.11,18.0,0.001
2025-06-03 16:00:00-06:00,,0.0,0.021,0.022,0.141,16.0,0.001
2025-06-03 17:00:00-06:00,,0.001,0.026,0.027,0.097,20.0,0.002
2025-06-03 18:00:00-06:00,,0.002,0.022,0.024,0.05,35.0,0.003
2025-06-03 19:00:00-06:00,,0.001,0.025,0.026,0.043,18.0,0.002
2025-06-03 20:00:00-06:00,,0.001,0.04,0.041,0.03,16.0,0.002
2025-06-03 21:00:00-06:00,,0.0,0.024,0.024,0.026,19.0,0.001
2025-06-03 22:00:00-06:00,,0.002,0.027,0.028,0.016,20.0,0.001
2025-06-03 23:00:00-06:00,,0.005,0.032,0.038,0.005,6.0,0.001
2025-06-04 00:00:00-06:00,,,,,,5.0,
2025-06-04 02:00:00-06:00,,,,,,6.0,
2025-06-04 03:00:00-06:00,,,,,,8.0,
2025-06-04 04:00:00-06:00,,0.002,0.016,0.018,0.006,8.0,0.001
2025-06-04 05:00:00-06:00,,0.001,0.013,0.013,0.008,6.0,0.0
2025-06-04 06:00:00-06:00,,0.005,0.014,0.019,0.003,13.0,0.0
2025-06-04 08:00:00-06:00,,0.008,0.02,0.028,0.015,12.0,0.001
2025-06-04 09:00:00-06:00,,0.015,0.022,0.037,0.016,15.0,0.001
2025-06-04 10:00:00-06:00,,0.018,0.025,0.042,0.027,20.0,0.001
2025-06-04 11:00:00-06:00,,0.011,0.028,0.039,0.046,25.0,0.001
2025-06-04 12:00:00-06:00,,0.004,0.021,0.025,0.079,34.0,0.001
2025-06-04 13:00:00-06:00,,0.001,0.015,0.017,0.103,35.0,0.001
2025-06-04 14:00:00-06:00,,0.0,0.011,0.012,0.104,25.0,0.001
2025-06-04 15:00:00-06:00,,0.0,0.012,0.012,0.108,21.0,0.001
2025-06-04 16:00:00-06:00,,0.0,0.012,0.012,0.081,17.0,0.001
2025-06-04 17:00:00-06:00,,0.001,0.016,0.017,0.045,14.0,0.001
2025-06-04 18:00:00-06:00,,0.003,0.019,0.022,0.04,11.0,0.001
2025-06-04 19:00:00-06:00,,0.002,0.025,0.027,0.04,4.0,0.001
2025-06-04 20:00:00-06:00,,0.0,0.022,0.022,0.037,4.0,0.001
2025-06-04 21:00:00-06:00,,0.0,0.014,0.014,0.039,16.0,0.0
2025-06-04 22:00:00-06:00,,0.0,0.013,0.013,0.035,12.0,0.0
2025-06-04 23:00:00-06:00,,0.0,0.014,0.014,0.033,12.0,0.0
2025-06-05 00:00:00-06:00,,0.0,0.014,0.014,0.034,11.0,0.0
2025-06-05 01:00:00-06:00,,0.0,0.016,0.016,0.029,,0.001
2025-06-05 02:00:00-06:00,,0.0,0.015,0.015,0.027,17.0,0.0
2025-06-05 03:00:00-06:00,,0.0,0.009,0.009,0.033,19.0,0.001
2025-06-05 04:00:00-06:00,,0.0,0.009,0.009,0.032,15.0,0.001
2025-06-05 05:00:00-06:00,,0.0,0.007,0.007,0.034,17.0,0.0
2025-06-05 06:00:00-06:00,,0.0,0.01,0.01,0.029,22.0,0.0
2025-06-05 07:00:00-06:00,,0.003,0.018,0.021,0.017,20.0,0.0
2025-06-05 08:00:00-06:00,,0.005,0.016,0.02,0.03,19.0,0.001
2025-06-05 09:00:00-06:00,,0.006,0.015,0.021,0.035,14.0,0.001
2025-06-05 10:00:00-06:00,,0.008,0.018,0.027,0.041,18.0,0.001
2025-06-05 11:00:00-06:00,,0.005,0.018,0.023,0.052,20.0,0.001
2025-06-05 12:00:00-06:00,,0.003,0.016,0.019,0.071,23.0,0.001
2025-06-05 13:00:00-06:00,,0.001,0.011,0.012,0.085,23.0,0.001
2025-06-05 14:00:00-06:00,,0.0,0.01,0.01,0.093,18.0,0.001
2025-06-05 15:00:00-06:00,,0.0,0.009,0.009,0.101,19.0,0.001
2025-06-05 16:00:00-06:00,,0.0,0.009,0.009,0.095,16.0,0.001
2025-06-05 17:00:00-06:00,,0.0,0.009,0.01,0.08,13.0,0.001
2025-06-05 18:00:00-06:00,,0.0,0.01,0.01,0.067,12.0,0.001
2025-06-05 19:00:00-06:00,,0.0,0.01,0.011,0.056,10.0,0.001
2025-06-05 20:00:00-06:00,,0.0,0.013,0.013,0.04,14.0,0.0
2025-06-05 21:00:00-06:00,,0.0,0.012,0.012,0.035,13.0,0.0
2025-06-05 22:00:00-06:00,,0.0,0.016,0.016,0.028,13.0,0.0
2025-06-05 23:00:00-06:00,,0.0,0.016,0.016,0.029,19.0,0.001
2025-06-06 00:00:00-06:00,,0.0,0.013,0.013,0.031,16.0,0.001
2025-06-06 01:00:00-06:00,,0.0,0.011,0.011,0.031,,0.001
2025-06-06 02:00:00-06:00,,0.0,0.006,0.006,0.035,20.0,0.0
2025-06-06 03:00:00-06:00,,0.0,0.006,0.006,0.035,17.0,0.0
2025-06-06 04:00:00-06:00,,0.0,0.007,0.007,0.034,16.0,0.001
2025-06-06 05:00:00-06:00,,0.0,0.012,0.012,0.028,19.0,0.002
2025-06-06 06:00:00-06:00,,0.0,0.012,0.012,0.026,24.0,0.002
2025-06-06 07:00:00-06:00,,0.001,0.013,0.014,0.026,27.0,0.001
2025-06-06 08:00:00-06:00,,0.002,0.016,0.018,0.024,24.0,0.001
2025-06-06 09:00:00-06:00,,0.007,0.017,0.024,0.025,21.0,0.001
2025-06-06 10:00:00-06:00,,0.006,0.017,0.024,0.031,22.0,0.001
2025-06-06 11:00:00-06:00,,0.005,0.017,0.023,0.042,22.0,0.001
2025-06-06 12:00:00-06:00,,0.004,0.018,0.022,0.06,26.0,0.001
2025-06-06 13:00:00-06:00,,0.002,0.015,0.017,0.086,27.0,0.001
2025-06-06 14:00:00-06:00,,0.001,0.012,0.013,0.095,22.0,0.001
2025-06-06 15:00:00-06:00,,0.0,0.009,0.009,0.086,19.0,0.001
2025-06-06 16:00:00-06:00,,0.0,0.01,0.01,0.086,10.0,0.001
2025-06-06 17:00:00-06:00,,0.001,0.011,0.012,0.072,12.0,0.001
2025-06-06 18:00:00-06:00,,0.0,0.012,0.013,0.064,10.0,0.001
2025-06-06 19:00:00-06:00,,0.0,0.015,0.015,0.044,9.0,0.001
2025-06-06 20:00:00-06:00,,0.0,0.019,0.019,0.056,13.0,0.001
2025-06-06 21:00:00-06:00,,0.0,0.022,0.023,0.042,13.0,0.001
2025-06-06 22:00:00-06:00,,0.001,0.02,0.021,0.037,17.0,0.001
2025-06-06 23:00:00-06:00,,0.0,0.018,0.018,0.031,19.0,0.001
2025-06-07 00:00:00-06:00,,0.0,0.02,0.02,0.016,14.0,0.001
2025-06-07 01:00:00-06:00,,0.0,0.012,0.012,0.021,,0.0
2025-06-07 02:00:00-06:00,,0.0,0.01,0.01,0.024,7.0,0.0
2025-06-07 03:00:00-06:00,,0.0,0.01,0.01,0.024,8.0,0.001
2025-06-07 04:00:00-06:00,,0.0,0.014,0.013,0.019,5.0,0.002
2025-06-07 05:00:00-06:00,,0.0,0.01,0.01,0.022,12.0,0.003
2025-06-07 06:00:00-06:00,,0.0,0.008,0.008,0.023,14.0,0.004
2025-06-07 07:00:00-06:00,,0.001,0.011,0.012,0.021,17.0,0.009
2025-06-07 08:00:00-06:00,,0.005,0.015,0.02,0.02,13.0,0.013
2025-06-07 09:00:00-06:00,,0.005,0.012,0.017,0.03,15.0,0.012
2025-06-07 10:00:00-06:00,,0.004,0.012,0.016,0.041,16.0,0.007
2025-06-07 11:00:00-06:00,,0.004,0.014,0.018,0.055,17.0,0.006
2025-06-07 12:00:00-06:00,,0.003,0.017,0.02,0.069,20.0,0.003
2025-06-07 13:00:00-06:00,,0.002,0.018,0.02,0.088,18.0,0.004
2025-06-07 14:00:00-06:00,,0.0,0.013,0.013,0.107,16.0,0.004
2025-06-07 15:00:00-06:00,,0.0,0.011,0.011,0.096,21.0,0.002
2025-06-07 16:00:00-06:00,,0.0,0.008,0.008,0.084,21.0,0.001
2025-06-07 17:00:00-06:00,,0.0,0.008,0.008,0.083,15.0,0.001
2025-06-07 18:00:00-06:00,,0.0,0.009,0.01,0.067,19.0,0.001
2025-06-07 19:00:00-06:00,,0.0,0.01,0.01,0.058,17.0,0.001
2025-06-07 20:00:00-06:00,,0.0,0.016,0.016,0.045,15.0,0.001
2025-06-07 21:00:00-06:00,,0.0,0.016,0.015,0.04,14.0,0.001
2025-06-07 22:00:00-06:00,,0.001,0.024,0.024,0.029,5.0,0.002
2025-06-07 23:00:00-06:00,,0.0,0.019,0.019,0.024,10.0,0.001
2025-06-08 00:00:00-06:00,,0.0,0.012,0.011,0.03,11.0,0.0
2025-06-08 01:00:00-06:00,,0.0,0.014,0.013,0.024,,0.001
2025-06-08 02:00:00-06:00,,0.0,0.013,0.013,0.022,11.0,0.008
2025-06-08 03:00:00-06:00,,0.0,0.012,0.011,0.021,16.0,0.009
2025-06-08 04:00:00-06:00,,0.0,0.014,0.014,0.017,16.0,0.016
2025-06-08 05:00:00-06:00,,0.0,0.014,0.014,0.015,15.0,0.017
2025-06-08 06:00:00-06:00,,0.0,0.017,0.017,0.008,23.0,0.014
2025-06-08 07:00:00-06:00,,0.002,0.017,0.02,0.008,18.0,0.011
2025-06-08 08:00:00-06:00,,0.01,0.021,0.031,0.014,20.0,0.017
2025-06-08 09:00:00-06:00,,0.01,0.024,0.034,0.026,22.0,0.014
2025-06-08 10:00:00-06:00,,0.005,0.017,0.021,0.045,32.0,0.009
2025-06-08 11:00:00-06:00,,0.002,0.011,0.013,0.063,36.0,0.005
2025-06-08 12:00:00-06:00,,0.0,0.007,0.007,0.071,24.0,0.002
2025-06-08 13:00:00-06:00,,0.0,0.006,0.006,0.077,17.0,0.001
2025-06-08 14:00:00-06:00,,0.0,0.005,0.005,0.075,11.0,0.001
2025-06-08 15:00:00-06:00,,0.0,0.005,0.005,0.07,12.0,0.001
2025-06-08 16:00:00-06:00,,0.0,0.005,0.005,0.067,14.0,0.001
2025-06-08 17:00:00-06:00,,0.0,0.005,0.005,0.063,12.0,0.002
2025-06-08 18:00:00-06:00,,0.0,0.006,0.006,0.058,19.0,0.001
2025-06-08 19:00:00-06:00,,0.0,0.006,0.006,0.053,19.0,0.001
2025-06-08 20:00:00-06:00,,0.0,0.011,0.01,0.042,19.0,0.001
2025-06-08 21:00:00-06:00,,0.0,0.011,0.011,0.036,16.0,0.001
2025-06-08 22:00:00-06:00,,0.0,0.01,0.01,0.037,12.0,0.001
2025-06-08 23:00:00-06:00,,0.0,0.017,0.017,0.029,9.0,0.001
2025-06-09 00:00:00-06:00,,0.0,0.018,0.018,0.026,9.0,0.002
2025-06-09 01:00:00-06:00,,0.0,0.012,0.012,0.033,,0.002
2025-06-09 02:00:00-06:00,,0.0,0.012,0.011,0.028,15.0,0.001
2025-06-09 03:00:00-06:00,,0.0,0.012,0.012,0.026,8.0,0.001
2025-06-09 04:00:00-06:00,,0.0,0.007,0.006,0.024,7.0,0.001
2025-06-09 05:00:00-06:00,,0.0,0.007,0.007,0.019,9.0,0.001
2025-06-09 06:00:00-06:00,,0.0,0.01,0.011,0.014,10.0,0.001
2025-06-09 07:00:00-06:00,,0.009,0.018,0.027,0.007,9.0,0.001
2025-06-09 08:00:00-06:00,,0.011,0.016,0.027,0.016,7.0,0.001
2025-06-09 09:00:00-06:00,,0.01,0.018,0.028,0.026,9.0,0.002
2025-06-09 10:00:00-06:00,,0.006,0.015,0.021,0.041,9.0,0.002
2025-06-09 15:00:00-06:00,,0.001,0.014,0.015,,29.0,0.001
2025-06-09 16:00:00-06:00,,0.001,0.011,0.012,,31.0,0.002
2025-06-09 17:00:00-06:00,,0.001,0.008,0.009,0.082,22.0,0.001
2025-06-09 18:00:00-06:00,,0.001,0.016,0.018,0.068,17.0,0.003
2025-06-09 19:00:00-06:00,,0.001,0.017,0.018,0.059,23.0,0.001
2025-06-09 20:00:00-06:00,,0.0,0.016,0.016,0.054,23.0,0.0
2025-06-09 21:00:00-06:00,,0.001,0.017,0.018,0.046,10.0,0.0
2025-06-09 22:00:00-06:00,,0.001,0.03,0.031,0.027,13.0,0.001
2025-06-09 23:00:00-06:00,,0.002,0.032,0.034,0.02,11.0,0.005
2025-06-10 00:00:00-06:00,,,,,,11.0,
2025-06-10 02:00:00-06:00,,,,,,11.0,
2025-06-10 03:00:00-06:00,,,,,,14.0,
2025-06-10 04:00:00-06:00,,0.001,0.015,0.016,0.019,14.0,0.0
2025-06-10 05:00:00-06:00,,0.001,0.016,0.017,0.014,16.0,0.0
2025-06-10 06:00:00-06:00,,0.001,0.02,0.021,0.009,12.0,0.0
2025-06-10 07:00:00-06:00,,0.004,0.023,0.027,0.009,16.0,0.0
2025-06-10 08:00:00-06:00,,0.012,0.026,0.037,0.013,14.0,0.005
2025-06-10 09:00:00-06:00,,0.013,0.027,0.041,0.025,14.0,0.013
2025-06-10 10:00:00-06:00,,0.008,0.025,0.033,0.041,27.0,0.012
2025-06-10 11:00:00-06:00,,0.005,0.019,0.024,0.063,37.0,0.01
2025-06-10 12:00:00-06:00,,0.003,0.021,0.024,0.083,38.0,0.008
2025-06-10 13:00:00-06:00,,0.002,0.019,0.021,0.108,33.0,0.003
2025-06-10 14:00:00-06:00,,0.001,0.018,0.019,0.138,43.0,0.004
2025-06-10 15:00:00-06:00,,0.001,0.015,0.016,0.138,43.0,0.007
2025-06-10 16:00:00-06:00,,0.001,0.014,0.015,0.113,40.0,0.007
2025-06-10 17:00:00-06:00,,0.001,0.013,0.014,0.103,37.0,0.006
2025-06-10 18:00:00-06:00,,0.001,0.013,0.013,0.092,35.0,0.004
2025-06-10 19:00:00-06:00,,0.001,0.015,0.016,0.06,32.0,0.0
2025-06-10 20:00:00-06:00,,0.001,0.021,0.022,0.054,27.0,0.0
2025-06-10 21:00:00-06:00,,0.0,0.015,0.016,0.054,17.0,0.0
2025-06-10 22:00:00-06:00,,0.001,0.018,0.018,0.043,17.0,0.0
2025-06-10 23:00:00-06:00,,0.001,0.022,0.023,0.032,12.0,0.0
2025-06-11 00:00:00-06:00,,0.001,0.018,0.019,0.031,12.0,0.0
2025-06-11 01:00:00-06:00,,0.001,0.016,0.017,0.028,,0.0
2025-06-11 02:00:00-06:00,,0.0,0.011,0.011,0.031,7.0,0.0
2025-06-11 03:00:00-06:00,,0.0,0.007,0.007,0.038,17.0,0.0
2025-06-11 04:00:00-06:00,,0.0,0.006,0.007,0.037,15.0,0.0
2025-06-11 05:00:00-06:00,,0.0,0.009,0.009,0.034,9.0,0.0
2025-06-11 06:00:00-06:00,,0.0,0.011,0.011,0.025,5.0,0.0
2025-06-11 07:00:00-06:00,,0.005,0.02,0.024,0.009,8.0,0.0
2025-06-11 08:00:00-06:00,,0.015,0.026,0.041,0.012,11.0,0.0
2025-06-11 09:00:00-06:00,,0.008,0.019,0.027,0.028,15.0,0.0
2025-06-11 10:00:00-06:00,,0.005,0.013,0.017,0.042,13.0,0.0
2025-06-11 11:00:00-06:00,,0.002,0.009,0.011,0.058,12.0,0.0
2025-06-11 12:00:00-06:00,,0.002,0.012,0.014,0.068,18.0,0.0
2025-06-11 13:00:00-06:00,,0.002,0.011,0.013,0.075,26.0,0.0
2025-06-11 14:00:00-06:00,,0.002,0.01,0.012,0.074,28.0,0.0
2025-06-11 15:00:00-06:00,,0.001,0.009,0.01,0.079,24.0,0.0
2025-06-11 16:00:00-06:00,,0.001,0.01,0.011,0.07,19.0,0.0
2025-06-11 17:00:00-06:00,,0.001,0.014,0.015,0.075,18.0,0.0
2025-06-11 18:00:00-06:00,,0.002,0.033,0.035,0.052,19.0,0.001
2025-06-11 19:00:00-06:00,,0.001,0.021,0.022,0.034,24.0,0.001
2025-06-11 20:00:00-06:00,,0.001,0.019,0.02,0.039,21.0,0.002
2025-06-11 21:00:00-06:00,,0.0,0.018,0.018,0.034,17.0,0.002
2025-06-11 22:00:00-06:00,,0.001,0.017,0.017,0.026,17.0,0.001
2025-06-11 23:00:00-06:00,,0.001,0.017,0.018,0.024,16.0,0.002
2025-06-12 00:00:00-06:00,,0.001,0.013,0.014,0.025,13.0,0.003
2025-06-12 01:00:00-06:00,,0.001,0.015,0.016,0.02,,0.014
2025-06-12 02:00:00-06:00,,0.001,0.014,0.015,0.017,22.0,0.013
2025-06-12 03:00:00-06:00,,0.001,0.014,0.015,0.017,22.0,0.013
2025-06-12 04:00:00-06:00,,0.001,0.011,0.012,0.015,12.0,0.003
2025-06-12 05:00:00-06:00,,0.001,0.011,0.012,0.014,14.0,0.007
2025-06-12 06:00:00-06:00,,0.001,0.021,0.022,0.008,15.0,0.021
2025-06-12 07:00:00-06:00,,0.009,0.021,0.03,0.005,18.0,0.015
2025-06-12 08:00:00-06:00,,0.017,0.018,0.035,0.008,24.0,0.005
2025-06-12 09:00:00-06:00,,0.017,0.022,0.039,0.014,11.0,0.013
2025-06-12 10:00:00-06:00,,0.016,0.026,0.042,0.02,21.0,0.013
2025-06-12 11:00:00-06:00,,0.009,0.023,0.033,0.037,29.0,0.011
2025-06-12 12:00:00-06:00,,0.006,0.023,0.029,0.058,31.0,0.007
2025-06-12 13:00:00-06:00,,0.003,0.02,0.024,0.083,33.0,0.004
2025-06-12 14:00:00-06:00,,0.002,0.02,0.022,0.091,41.0,0.003
2025-06-12 15:00:00-06:00,,0.002,0.021,0.023,0.081,36.0,0.003
2025-06-12 16:00:00-06:00,,0.002,0.021,0.023,0.056,34.0,0.002
2025-06-12 17:00:00-06:00,,0.002,0.016,0.018,0.05,17.0,0.005
2025-06-12 18:00:00-06:00,,0.004,0.036,0.04,0.035,2.0,0.004
2025-06-12 19:00:00-06:00,,0.002,0.04,0.042,0.031,11.0,0.004
2025-06-12 20:00:00-06:00,,0.001,0.032,0.033,0.031,18.0,0.004
2025-06-12 21:00:00-06:00,,0.002,0.022,0.024,0.03,11.0,0.002
2025-06-12 22:00:00-06:00,,0.002,0.022,0.024,0.027,12.0,0.002
2025-06-12 23:00:00-06:00,,0.001,0.019,0.02,0.025,6.0,0.002
2025-06-13 00:00:00-06:00,,0.001,0.015,0.015,0.021,4.0,0.003
2025-06-13 01:00:00-06:00,,0.001,0.017,0.017,0.013,,0.0
2025-06-13 02:00:00-06:00,,0.001,0.018,0.02,0.013,,0.0
2025-06-13 03:00:00-06:00,,0.001,0.018,0.019,0.012,,0.0
2025-06-13 04:00:00-06:00,,0.0,0.018,0.018,0.013,,0.001
2025-06-13 05:00:00-06:00,,0.001,0.015,0.015,0.014,10.0,0.001
2025-06-13 06:00:00-06:00,,0.004,0.021,0.025,0.009,8.0,0.001
2025-06-13 07:00:00-06:00,,0.013,0.026,0.039,0.006,8.0,0.002
2025-06-13 08:00:00-06:00,,0.011,0.022,0.033,0.011,7.0,0.002
2025-06-13 09:00:00-06:00,,0.012,0.019,0.031,0.019,10.0,0.002
2025-06-13 10:00:00-06:00,,0.008,0.02,0.028,0.026,14.0,0.001
2025-06-13 11:00:00-06:00,,0.011,0.028,0.039,0.032,13.0,0.001
2025-06-13 12:00:00-06:00,,0.006,0.023,0.029,0.048,23.0,0.0
2025-06-13 13:00:00-06:00,,0.004,0.017,0.021,0.059,24.0,0.001
2025-06-13 14:00:00-06:00,,0.003,0.012,0.014,0.058,19.0,0.001
2025-06-13 15:00:00-06:00,,0.002,0.012,0.014,0.062,14.0,0.002
2025-06-13 16:00:00-06:00,,0.002,0.009,0.011,0.051,11.0,0.004
2025-06-13 17:00:00-06:00,,0.002,0.009,0.011,0.043,10.0,0.006
2025-06-13 18:00:00-06:00,,0.003,0.01,0.013,0.028,12.0,0.002
2025-06-13 19:00:00-06:00,,0.003,0.012,0.016,0.017,7.0,0.001
2025-06-13 20:00:00-06:00,,0.007,0.021,0.028,0.005,12.0,0.0
2025-06-13 21:00:00-06:00,,0.016,0.025,0.041,0.003,,0.001
2025-06-13 22:00:00-06:00,,0.025,0.025,0.05,0.002,2.0,0.001
2025-06-13 23:00:00-06:00,,0.02,0.027,0.047,0.002,1.0,0.004
2025-06-14 00:00:00-06:00,,0.013,0.024,0.037,0.002,8.0,0.003
2025-06-14 01:00:00-06:00,,0.014,0.026,0.04,0.002,,0.002
2025-06-14 02:00:00-06:00,,0.018,0.026,0.044,0.002,11.0,0.002
2025-06-14 03:00:00-06:00,,0.016,0.021,0.037,0.006,9.0,0.001
2025-06-14 04:00:00-06:00,,0.0,0.008,0.008,0.015,9.0,0.0
2025-06-14 05:00:00-06:00,,0.0,0.008,0.008,0.013,,0.0
2025-06-14 06:00:00-06:00,,0.001,0.01,0.011,0.012,2.0,0.0
2025-06-14 07:00:00-06:00,,0.006,0.014,0.02,0.007,,0.0
2025-06-14 08:00:00-06:00,,0.011,0.015,0.027,0.009,1.0,0.0
2025-06-14 09:00:00-06:00,,0.014,0.014,0.028,0.015,4.0,0.0
2025-06-14 10:00:00-06:00,,0.006,0.008,0.013,0.021,3.0,0.0
2025-06-14 11:00:00-06:00,,0.004,0.007,0.011,0.023,4.0,0.0
2025-06-14 12:00:00-06:00,,0.004,0.005,0.009,0.024,5.0,0.0
2025-06-14 13:00:00-06:00,,0.003,0.006,0.009,0.022,5.0,0.0
2025-06-14 14:00:00-06:00,,0.005,0.007,0.011,0.02,1.0,0.0
2025-06-14 15:00:00-06:00,,0.006,0.008,0.013,0.021,5.0,0.0
2025-06-14 16:00:00-06:00,,0.005,0.008,0.013,0.021,,0.0
2025-06-14 17:00:00-06:00,,0.005,0.007,0.013,0.02,1.0,0.0
2025-06-14 18:00:00-06:00,,0.003,0.007,0.01,0.018,3.0,0.0
2025-06-14 19:00:00-06:00,,0.003,0.009,0.013,0.016,,0.0
2025-06-14 20:00:00-06:00,,0.004,0.01,0.013,0.015,4.0,0.0
2025-06-14 21:00:00-06:00,,0.004,0.01,0.014,0.015,,0.0
2025-06-14 22:00:00-06:00,,0.007,0.016,0.023,0.01,,0.0
2025-06-14 23:00:00-06:00,,0.004,0.012,0.016,0.011,3.0,0.0
2025-06-15 00:00:00-06:00,,0.003,0.016,0.019,0.006,1.0,0.0
2025-06-15 01:00:00-06:00,,0.001,0.012,0.013,0.01,,0.0
2025-06-15 02:00:00-06:00,,0.001,0.008,0.009,0.014,6.0,0.0
2025-06-15 03:00:00-06:00,,0.0,0.006,0.007,0.015,1.0,0.0
2025-06-15 04:00:00-06:00,,0.0,0.005,0.006,0.016,3.0,0.0
2025-06-15 05:00:00-06:00,,0.0,0.004,0.005,0.015,1.0,0.0
2025-06-15 06:00:00-06:00,,0.0,0.006,0.006,0.012,,0.0
2025-06-15 07:00:00-06:00,,0.001,0.009,0.01,0.009,3.0,0.0
2025-06-15 08:00:00-06:00,,0.007,0.012,0.018,0.009,1.0,0.0
2025-06-15 09:00:00-06:00,,0.007,0.01,0.017,0.014,4.0,0.0
2025-06-15 10:00:00-06:00,,0.007,0.011,0.017,0.018,4.0,0.0
2025-06-15 11:00:00-06:00,,0.007,0.011,0.018,0.031,,0.0
2025-06-15 12:00:00-06:00,,0.004,0.013,0.017,0.042,9.0,0.0
2025-06-15 13:00:00-06:00,,0.003,0.019,0.021,0.045,8.0,0.0
2025-06-15 14:00:00-06:00,,0.001,0.015,0.016,0.043,15.0,0.0
2025-06-15 15:00:00-06:00,,0.003,0.016,0.019,0.04,10.0,0.0
2025-06-15 16:00:00-06:00,,0.003,0.021,0.024,0.042,7.0,0.0
2025-06-15 17:00:00-06:00,,0.004,0.015,0.018,0.037,12.0,0.0
2025-06-15 18:00:00-06:00,,0.003,0.009,0.013,0.025,18.0,0.0
2025-06-15 19:00:00-06:00,,0.003,0.01,0.013,0.02,3.0,0.0
2025-06-15 20:00:00-06:00,,0.001,0.009,0.01,0.019,3.0,0.0
2025-06-15 21:00:00-06:00,,0.001,0.022,0.023,0.017,,0.0
2025-06-15 22:00:00-06:00,,0.001,0.021,0.022,0.014,7.0,0.0
2025-06-15 23:00:00-06:00,,0.001,0.02,0.021,0.011,7.0,0.0
2025-06-16 00:00:00-06:00,,,,,,10.0,
2025-06-16 02:00:00-06:00,,,,,,5.0,
2025-06-16 03:00:00-06:00,,,,,,11.0,
2025-06-16 04:00:00-06:00,,0.017,0.026,0.043,0.002,10.0,0.0
2025-06-16 05:00:00-06:00,,0.015,0.025,0.041,0.002,10.0,0.0
2025-06-16 06:00:00-06:00,,0.016,0.025,0.041,0.002,10.0,0.0
2025-06-16 07:00:00-06:00,,0.027,0.024,0.051,0.003,11.0,0.0
2025-06-16 08:00:00-06:00,,0.028,0.021,0.049,0.005,11.0,0.001
2025-06-16 09:00:00-06:00,,0.028,0.022,0.05,0.009,14.0,0.002
2025-06-16 10:00:00-06:00,,0.02,0.025,0.046,0.013,10.0,0.001
2025-06-16 11:00:00-06:00,,0.021,0.027,0.048,0.023,18.0,0.0
2025-06-16 12:00:00-06:00,,0.009,0.026,0.035,0.038,17.0,0.0
2025-06-16 13:00:00-06:00,,0.008,0.03,0.037,0.036,19.0,0.0
2025-06-16 14:00:00-06:00,,0.006,0.021,0.027,0.054,19.0,0.0
2025-06-16 15:00:00-06:00,,0.002,0.026,0.028,0.034,12.0,0.0
2025-06-16 16:00:00-06:00,,0.004,0.03,0.034,0.017,10.0,0.0
2025-06-16 17:00:00-06:00,,0.016,0.034,0.051,0.01,10.0,0.0
2025-06-16 18:00:00-06:00,,0.009,0.029,0.038,0.015,2.0,0.0
2025-06-16 19:00:00-06:00,,0.002,0.023,0.025,0.014,12.0,0.0
2025-06-16 20:00:00-06:00,,0.015,0.028,0.043,0.009,6.0,0.0
2025-06-16 21:00:00-06:00,,0.015,0.033,0.048,0.003,1.0,0.0
2025-06-16 22:00:00-06:00,,0.039,0.035,0.074,0.002,9.0,0.0
2025-06-16 23:00:00-06:00,,0.035,0.032,0.067,0.002,3.0,0.0
2025-06-17 00:00:00-06:00,,0.028,0.031,0.059,0.002,6.0,0.0
2025-06-17 01:00:00-06:00,,0.026,0.03,0.057,0.002,,0.0
2025-06-17 02:00:00-06:00,,0.018,0.028,0.046,0.002,9.0,0.0
2025-06-17 03:00:00-06:00,,0.018,0.028,0.046,0.002,9.0,0.0
2025-06-17 04:00:00-06:00,,0.014,0.023,0.036,0.002,8.0,0.0
2025-06-17 05:00:00-06:00,,0.014,0.018,0.033,0.002,9.0,0.0
2025-06-17 06:00:00-06:00,,0.019,0.014,0.032,0.002,5.0,0.0
2025-06-17 07:00:00-06:00,,0.033,0.014,0.046,0.003,7.0,0.0
2025-06-17 08:00:00-06:00,,0.058,0.02,0.078,0.003,7.0,0.001
2025-06-17 09:00:00-06:00,,0.018,0.025,0.043,0.005,11.0,0.0
2025-06-17 10:00:00-06:00,,0.022,0.026,0.048,0.008,10.0,0.0
2025-06-17 11:00:00-06:00,,0.021,0.026,0.046,0.018,13.0,0.001
2025-06-17 12:00:00-06:00,,0.005,0.015,0.02,0.049,15.0,0.0
2025-06-17 13:00:00-06:00,,0.003,0.02,0.022,0.054,9.0,0.0
2025-06-17 14:00:00-06:00,,0.005,0.024,0.029,0.034,18.0,0.0
2025-06-17 15:00:00-06:00,,0.008,0.028,0.036,0.043,18.0,0.0
2025-06-17 16:00:00-06:00,,0.007,0.025,0.032,0.051,14.0,0.0
2025-06-17 17:00:00-06:00,,0.002,0.022,0.024,0.052,17.0,0.0
2025-06-17 18:00:00-06:00,,0.002,0.02,0.023,0.044,14.0,0.0
2025-06-17 19:00:00-06:00,,0.002,0.027,0.029,0.029,13.0,0.002
2025-06-17 20:00:00-06:00,,0.001,0.019,0.019,0.021,15.0,0.001
2025-06-17 21:00:00-06:00,,0.003,0.03,0.033,0.008,14.0,0.001
2025-06-17 22:00:00-06:00,,0.006,0.027,0.033,0.008,9.0,0.0
2025-06-17 23:00:00-06:00,,0.005,0.029,0.034,0.003,7.0,0.0
2025-06-18 00:00:00-06:00,,0.005,0.024,0.029,0.003,10.0,0.0
2025-06-18 01:00:00-06:00,,0.002,0.02,0.021,0.006,,0.0
2025-06-18 02:00:00-06:00,,0.001,0.016,0.017,0.009,6.0,0.0
2025-06-18 03:00:00-06:00,,0.001,0.015,0.016,0.009,5.0,0.0
2025-06-18 04:00:00-06:00,,0.001,0.015,0.015,0.008,7.0,0.0
2025-06-18 05:00:00-06:00,,0.0,0.012,0.013,0.01,4.0,0.0
2025-06-18 06:00:00-06:00,,0.001,0.013,0.013,0.009,7.0,0.0
2025-06-18 07:00:00-06:00,,0.009,0.018,0.027,0.004,5.0,0.0
2025-06-18 08:00:00-06:00,,0.029,0.021,0.05,0.004,6.0,0.0
2025-06-18 09:00:00-06:00,,0.026,0.022,0.048,0.006,14.0,0.001
2025-06-18 10:00:00-06:00,,0.024,0.023,0.047,0.009,9.0,0.001
2025-06-18 11:00:00-06:00,,0.013,0.017,0.03,0.024,15.0,0.001
2025-06-18 12:00:00-06:00,,0.006,0.015,0.021,0.033,10.0,0.0
2025-06-18 13:00:00-06:00,,0.004,0.016,0.02,0.026,12.0,0.0
2025-06-18 14:00:00-06:00,,0.004,0.013,0.017,0.034,9.0,0.0
2025-06-18 15:00:00-06:00,,0.004,0.02,0.024,0.021,10.0,0.0
2025-06-18 16:00:00-06:00,,0.005,0.025,0.03,0.02,7.0,0.0
2025-06-18 17:00:00-06:00,,0.003,0.011,0.014,0.029,7.0,0.0
2025-06-18 18:00:00-06:00,,0.003,0.012,0.015,0.026,5.0,0.0
2025-06-18 19:00:00-06:00,,0.005,0.023,0.029,0.014,4.0,0.0
2025-06-18 20:00:00-06:00,,0.001,0.019,0.021,0.013,7.0,0.0
2025-06-18 21:00:00-06:00,,0.004,0.024,0.028,0.005,5.0,0.0
2025-06-18 22:00:00-06:00,,0.018,0.024,0.042,0.002,6.0,0.0
2025-06-18 23:00:00-06:00,,0.019,0.021,0.041,0.002,9.0,0.0
2025-06-19 00:00:00-06:00,,0.01,0.021,0.031,0.002,1.0,0.0
2025-06-19 01:00:00-06:00,,0.002,0.016,0.018,0.007,,0.0
2025-06-19 02:00:00-06:00,,0.001,0.011,0.012,0.01,5.0,0.0
2025-06-19 03:00:00-06:00,,0.001,0.009,0.009,0.011,2.0,0.0
2025-06-19 04:00:00-06:00,,0.001,0.008,0.009,0.012,1.0,0.0
2025-06-19 05:00:00-06:00,,0.001,0.011,0.011,0.01,1.0,0.0
2025-06-19 06:00:00-06:00,,0.001,0.012,0.012,0.009,,0.0
2025-06-19 07:00:00-06:00,,0.004,0.016,0.02,0.005,6.0,0.0
2025-06-19 08:00:00-06:00,,0.017,0.018,0.034,0.004,5.0,0.0
2025-06-19 09:00:00-06:00,,0.018,0.018,0.036,0.005,7.0,0.0
2025-06-19 10:00:00-06:00,,0.027,0.019,0.046,0.005,6.0,0.0
2025-06-19 11:00:00-06:00,,0.033,0.02,0.053,0.009,8.0,0.0
2025-06-19 12:00:00-06:00,,0.025,0.025,0.05,0.009,8.0,0.001
2025-06-19 13:00:00-06:00,,0.016,0.022,0.038,0.016,10.0,0.0
2025-06-19 14:00:00-06:00,,0.007,0.016,0.023,0.022,18.0,0.0
2025-06-19 15:00:00-06:00,,0.008,0.016,0.024,0.025,6.0,0.0
2025-06-19 16:00:00-06:00,,0.004,0.014,0.018,0.03,9.0,0.001
2025-06-19 17:00:00-06:00,,0.009,0.017,0.026,0.02,8.0,0.0
2025-06-19 18:00:00-06:00,,0.009,0.012,0.021,0.014,9.0,0.0
2025-06-19 19:00:00-06:00,,0.011,0.014,0.025,0.01,,0.0
2025-06-19 20:00:00-06:00,,0.007,0.011,0.018,0.012,7.0,0.0
2025-06-19 21:00:00-06:00,,0.014,0.016,0.03,0.007,,0.0
2025-06-19 22:00:00-06:00,,0.012,0.018,0.029,0.004,3.0,0.0
2025-06-19 23:00:00-06:00,,0.011,0.019,0.029,0.003,2.0,0.0
2025-06-20 00:00:00-06:00,,0.002,0.015,0.017,0.005,3.0,0.0
2025-06-20 01:00:00-06:00,,0.002,0.013,0.015,0.009,,0.0
2025-06-20 02:00:00-06:00,,0.001,0.012,0.013,0.008,,0.0
2025-06-20 03:00:00-06:00,,0.001,0.01,0.011,0.011,3.0,0.0
2025-06-20 04:00:00-06:00,,0.0,0.01,0.01,0.009,2.0,0.0
2025-06-20 05:00:00-06:00,,0.001,0.007,0.008,0.014,1.0,0.0
2025-06-20 06:00:00-06:00,,0.001,0.008,0.01,0.011,3.0,0.0
2025-06-20 07:00:00-06:00,,0.008,0.014,0.021,0.007,2.0,0.0
2025-06-20 08:00:00-06:00,,0.011,0.014,0.025,0.008,2.0,0.0
2025-06-20 09:00:00-06:00,,0.014,0.012,0.026,0.011,2.0,0.0
2025-06-20 10:00:00-06:00,,0.014,0.014,0.028,0.015,5.0,0.0
2025-06-20 11:00:00-06:00,,0.009,0.012,0.022,0.02,3.0,0.0
2025-06-20 12:00:00-06:00,,0.006,0.009,0.015,0.025,6.0,0.0
2025-06-20 13:00:00-06:00,,0.007,0.008,0.014,0.022,4.0,0.0
2025-06-20 14:00:00-06:00,,0.006,0.008,0.015,0.019,6.0,0.0
2025-06-20 15:00:00-06:00,,0.008,0.01,0.018,0.017,,0.0
2025-06-20 16:00:00-06:00,,0.008,0.013,0.02,0.015,3.0,0.0
2025-06-20 17:00:00-06:00,,0.008,0.014,0.022,0.018,1.0,0.0
2025-06-20 18:00:00-06:00,,0.01,0.018,0.028,0.013,5.0,0.0
2025-06-20 19:00:00-06:00,,0.012,0.019,0.031,0.01,4.0,0.0
2025-06-20 20:00:00-06:00,,0.018,0.026,0.044,0.003,11.0,0.0
2025-06-20 21:00:00-06:00,,0.019,0.023,0.042,0.004,2.0,0.0
2025-06-20 22:00:00-06:00,,0.008,0.017,0.025,0.005,9.0,0.0
2025-06-20 23:00:00-06:00,,0.004,0.016,0.02,0.005,5.0,0.0
2025-06-21 00:00:00-06:00,,0.004,0.016,0.02,0.004,1.0,0.0
2025-06-21 01:00:00-06:00,,0.002,0.014,0.016,0.006,,0.0
2025-06-21 02:00:00-06:00,,0.002,0.014,0.016,0.005,1.0,
2025-06-21 03:00:00-06:00,,0.001,0.013,0.015,0.005,4.0,0.0
2025-06-21 04:00:00-06:00,,0.001,0.014,0.016,0.004,3.0,0.0
2025-06-21 05:00:00-06:00,,0.003,0.012,0.015,0.006,6.0,0.0
2025-06-21 06:00:00-06:00,,0.003,0.012,0.015,0.005,1.0,0.0
2025-06-21 07:00:00-06:00,,0.005,0.012,0.017,0.004,4.0,0.0
2025-06-21 08:00:00-06:00,,0.014,0.013,0.027,0.006,5.0,0.0
2025-06-21 09:00:00-06:00,,0.025,0.014,0.039,0.009,2.0,0.0
2025-06-21 10:00:00-06:00,,0.011,0.012,0.024,0.018,3.0,0.0
2025-06-21 11:00:00-06:00,,0.008,0.013,0.021,0.022,6.0,0.0
2025-06-21 12:00:00-06:00,,0.004,0.009,0.013,0.033,8.0,0.0
2025-06-21 13:00:00-06:00,,0.004,0.013,0.017,0.036,4.0,0.0
2025-06-21 14:00:00-06:00,,0.004,0.011,0.015,0.028,13.0,0.0
2025-06-21 15:00:00-06:00,,0.003,0.013,0.017,0.021,5.0,0.0
2025-06-21 16:00:00-06:00,,0.006,0.014,0.021,0.013,8.0,0.0
2025-06-21 17:00:00-06:00,,0.007,0.016,0.023,0.015,6.0,0.0
2025-06-21 18:00:00-06:00,,0.009,0.019,0.029,0.008,6.0,0.0
2025-06-21 19:00:00-06:00,,0.006,0.018,0.024,0.009,8.0,0.0
2025-06-21 20:00:00-06:00,,0.003,0.018,0.022,0.009,7.0,0.0
2025-06-21 21:00:00-06:00,,0.001,0.019,0.02,0.008,4.0,0.0
2025-06-21 22:00:00-06:00,,0.001,0.019,0.019,0.009,3.0,0.0
2025-06-21 23:00:00-06:00,,0.002,0.02,0.022,0.004,3.0,0.0
2025-06-22 00:00:00-06:00,,,,,,4.0,
2025-06-22 02:00:00-06:00,,,,,,12.0,
2025-06-22 03:00:00-06:00,,,,,,8.0,
2025-06-22 04:00:00-06:00,,0.001,0.014,0.015,0.007,10.0,0.0
2025-06-22 05:00:00-06:00,,0.001,0.011,0.012,0.01,9.0,0.0
2025-06-22 06:00:00-06:00,,0.001,0.01,0.012,0.009,3.0,0.0
2025-06-22 07:00:00-06:00,,0.003,0.013,0.016,0.006,7.0,0.0
2025-06-22 08:00:00-06:00,,0.008,0.014,0.022,0.005,9.0,0.0
2025-06-22 09:00:00-06:00,,0.01,0.014,0.024,0.008,4.0,0.0
2025-06-22 10:00:00-06:00,,0.006,0.011,0.018,0.014,8.0,0.0
2025-06-22 11:00:00-06:00,,0.007,0.012,0.019,0.018,5.0,0.0
2025-06-22 12:00:00-06:00,,0.006,0.011,0.018,0.027,7.0,0.0
2025-06-22 13:00:00-06:00,,0.004,0.013,0.017,0.038,6.0,0.0
2025-06-22 14:00:00-06:00,,0.001,0.01,0.012,0.034,11.0,0.0
2025-06-22 15:00:00-06:00,,0.001,0.012,0.013,0.023,6.0,
2025-06-22 16:00:00-06:00,,0.003,0.015,0.018,0.017,7.0,0.0
2025-06-22 17:00:00-06:00,,0.011,0.025,0.035,0.009,,0.0
2025-06-22 18:00:00-06:00,,0.013,0.024,0.037,0.009,,0.0
2025-06-22 19:00:00-06:00,,0.005,0.018,0.022,0.015,4.0,0.0
2025-06-22 20:00:00-06:00,,0.002,0.018,0.02,0.01,3.0,0.0
2025-06-22 21:00:00-06:00,,0.002,0.017,0.019,0.004,,0.0
2025-06-22 22:00:00-06:00,,0.017,0.019,0.036,0.002,8.0,0.0
2025-06-22 23:00:00-06:00,,0.035,0.018,0.053,0.002,3.0,0.0
2025-06-23 00:00:00-06:00,,0.048,0.017,0.065,0.002,1.0,0.0
2025-06-23 01:00:00-06:00,,0.07,0.018,0.088,0.003,,0.001
2025-06-23 02:00:00-06:00,,0.069,0.019,0.088,0.002,1.0,0.001
2025-06-23 03:00:00-06:00,,0.066,0.018,0.083,0.002,12.0,0.001
2025-06-23 04:00:00-06:00,,0.017,0.023,0.041,0.004,12.0,0.0
2025-06-23 05:00:00-06:00,,0.001,0.019,0.02,0.008,11.0,0.0
2025-06-23 06:00:00-06:00,,0.006,0.018,0.024,0.003,7.0,0.0
2025-06-23 07:00:00-06:00,,0.019,0.021,0.04,0.003,9.0,0.0
2025-06-23 08:00:00-06:00,,0.023,0.023,0.046,0.004,1.0,0.0
2025-06-23 09:00:00-06:00,,0.034,0.025,0.059,0.003,9.0,0.0
2025-06-23 10:00:00-06:00,,0.022,0.023,0.045,0.004,6.0,0.0
2025-06-23 11:00:00-06:00,,0.029,0.022,0.051,0.005,7.0,0.0
2025-06-23 12:00:00-06:00,,0.011,0.014,0.025,0.014,7.0,0.0
2025-06-23 13:00:00-06:00,,0.005,0.008,0.013,0.029,4.0,0.0
2025-06-23 14:00:00-06:00,,0.004,0.009,0.013,0.044,,0.0
2025-06-23 15:00:00-06:00,,0.003,0.01,0.013,0.045,5.0,0.0
2025-06-23 16:00:00-06:00,,0.002,0.009,0.011,0.048,7.0,0.0
2025-06-23 17:00:00-06:00,,0.002,0.015,0.017,0.046,5.0,0.0
2025-06-23 18:00:00-06:00,,0.004,0.017,0.021,0.03,9.0,0.0
2025-06-23 19:00:00-06:00,,0.004,0.018,0.022,0.02,8.0,0.0
2025-06-23 20:00:00-06:00,,0.009,0.026,0.035,0.005,4.0,0.001
2025-06-23 21:00:00-06:00,,0.014,0.025,0.039,0.002,9.0,0.001
2025-06-23 22:00:00-06:00,,0.004,0.022,0.026,0.004,8.0,0.0
2025-06-23 23:00:00-06:00,,0.001,0.017,0.018,0.007,7.0,0.0
2025-06-24 00:00:00-06:00,,0.001,0.008,0.008,0.016,5.0,0.0
2025-06-24 01:00:00-06:00,,0.001,0.011,0.012,0.012,,0.0
2025-06-24 02:00:00-06:00,,0.001,0.016,0.018,0.006,,0.0
2025-06-24 03:00:00-06:00,,0.003,0.018,0.021,0.004,2.0,0.0
2025-06-24 04:00:00-06:00,,0.001,0.013,0.014,0.008,5.0,0.0
2025-06-24 05:00:00-06:00,,0.001,0.01,0.011,0.009,4.0,0.0
2025-06-24 06:00:00-06:00,,0.002,0.013,0.015,0.005,4.0,0.001
2025-06-24 07:00:00-06:00,,0.008,0.016,0.024,0.003,10.0,0.002
2025-06-24 08:00:00-06:00,,0.022,0.017,0.039,0.003,12.0,0.002
2025-06-24 09:00:00-06:00,,0.028,0.018,0.046,0.004,18.0,0.002
2025-06-24 10:00:00-06:00,,0.04,0.02,0.06,0.005,16.0,0.002
2025-06-24 11:00:00-06:00,,0.038,0.023,0.062,0.007,14.0,0.001
2025-06-24 12:00:00-06:00,,0.032,0.027,0.059,0.006,22.0,0.001
2025-06-24 13:00:00-06:00,,0.027,0.024,0.051,0.005,23.0,0.0
2025-06-24 14:00:00-06:00,,0.023,0.022,0.044,0.009,20.0,0.0
2025-06-24 15:00:00-06:00,,0.022,0.026,0.048,0.007,11.0,0.0
2025-06-24 16:00:00-06:00,,0.023,0.028,0.051,0.008,17.0,0.0
2025-06-24 17:00:00-06:00,,0.014,0.026,0.04,0.009,18.0,0.0
2025-06-24 18:00:00-06:00,,0.011,0.025,0.036,0.011,12.0,0.0
2025-06-24 19:00:00-06:00,,0.014,0.031,0.046,0.006,15.0,0.0
2025-06-24 20:00:00-06:00,,0.019,0.03,0.049,0.003,15.0,0.0
2025-06-24 21:00:00-06:00,,0.04,0.031,0.07,0.003,16.0,0.001
2025-06-24 22:00:00-06:00,,0.055,0.027,0.083,0.002,18.0,0.001
2025-06-24 23:00:00-06:00,,0.073,0.023,0.096,0.002,15.0,0.001
2025-06-25 00:00:00-06:00,,0.05,0.017,0.067,0.002,18.0,0.001
2025-06-25 01:00:00-06:00,,0.037,0.014,0.051,0.002,,0.0
2025-06-25 02:00:00-06:00,,0.019,0.015,0.034,0.002,20.0,0.0
2025-06-25 03:00:00-06:00,,0.009,0.016,0.025,0.003,12.0,0.0
2025-06-25 04:00:00-06:00,,0.006,0.014,0.02,0.003,10.0,0.0
2025-06-25 05:00:00-06:00,,0.002,0.013,0.015,0.005,8.0,0.0
2025-06-25 06:00:00-06:00,,0.002,0.014,0.016,0.005,13.0,0.0
2025-06-25 07:00:00-06:00,,0.006,0.017,0.023,0.004,10.0,0.0
2025-06-25 08:00:00-06:00,,0.008,0.016,0.024,0.007,12.0,0.001
2025-06-25 09:00:00-06:00,,0.012,0.013,0.025,0.012,14.0,0.001
2025-06-25 10:00:00-06:00,,0.017,0.017,0.034,0.013,10.0,0.002
2025-06-25 11:00:00-06:00,,0.017,0.019,0.036,0.023,16.0,0.002
2025-06-25 12:00:00-06:00,,0.01,0.021,0.031,0.038,22.0,0.001
2025-06-25 13:00:00-06:00,,0.007,0.023,0.029,0.055,27.0,0.0
2025-06-25 14:00:00-06:00,,0.004,0.024,0.029,0.063,27.0,0.0
2025-06-25 15:00:00-06:00,,0.002,0.022,0.024,0.073,21.0,0.0
2025-06-25 16:00:00-06:00,,0.002,0.02,0.022,0.074,20.0,0.0
2025-06-25 17:00:00-06:00,,0.002,0.02,0.021,0.074,22.0,0.0
2025-06-25 18:00:00-06:00,,0.002,0.018,0.02,0.039,15.0,0.0
2025-06-25 19:00:00-06:00,,0.002,0.02,0.022,0.014,17.0,0.001
2025-06-25 20:00:00-06:00,,0.001,0.015,0.016,0.02,9.0,0.003
2025-06-25 21:00:00-06:00,,0.003,0.025,0.028,0.007,6.0,0.001
2025-06-25 22:00:00-06:00,,0.012,0.029,0.04,0.003,4.0,0.001
2025-06-25 23:00:00-06:00,,0.012,0.034,0.046,0.002,8.0,0.003
2025-06-26 00:00:00-06:00,,0.01,0.031,0.041,0.003,10.0,0.003
2025-06-26 01:00:00-06:00,,0.005,0.026,0.031,0.004,,0.002
2025-06-26 02:00:00-06:00,,0.005,0.019,0.024,0.003,20.0,0.001
2025-06-26 03:00:00-06:00,,0.005,0.016,0.021,0.004,15.0,0.0
2025-06-26 04:00:00-06:00,,0.002,0.015,0.017,0.004,10.0,0.0
2025-06-26 05:00:00-06:00,,0.003,0.014,0.016,0.004,8.0,0.0
2025-06-26 06:00:00-06:00,,0.004,0.013,0.017,0.003,14.0,0.0
2025-06-26 07:00:00-06:00,,0.014,0.015,0.029,0.003,9.0,0.0
2025-06-26 08:00:00-06:00,,0.027,0.017,0.044,0.006,12.0,0.001
2025-06-26 09:00:00-06:00,,0.02,0.019,0.039,0.011,9.0,0.001
2025-06-26 10:00:00-06:00,,0.019,0.02,0.039,0.016,15.0,0.001
2025-06-26 11:00:00-06:00,,0.013,0.022,0.035,0.023,25.0,0.001
2025-06-26 12:00:00-06:00,,0.013,0.027,0.04,0.028,20.0,0.001
2025-06-26 13:00:00-06:00,,0.017,0.033,0.05,0.039,26.0,0.001
2025-06-26 14:00:00-06:00,,0.008,0.039,0.047,0.05,30.0,0.001
2025-06-26 15:00:00-06:00,,0.004,0.03,0.034,0.063,36.0,0.001
2025-06-26 16:00:00-06:00,,0.004,0.038,0.041,0.057,31.0,0.001
2025-06-26 17:00:00-06:00,,0.003,0.034,0.037,0.047,29.0,0.001
2025-06-26 18:00:00-06:00,,0.003,0.028,0.031,0.026,28.0,0.001
2025-06-26 19:00:00-06:00,,0.004,0.026,0.03,0.018,21.0,0.002
2025-06-26 20:00:00-06:00,,0.006,0.035,0.041,0.009,3.0,0.002
2025-06-26 21:00:00-06:00,,0.005,0.034,0.039,0.008,6.0,0.001
2025-06-26 22:00:00-06:00,,0.003,0.028,0.031,0.009,12.0,0.001
2025-06-26 23:00:00-06:00,,0.009,0.032,0.041,0.003,7.0,0.001
2025-06-27 00:00:00-06:00,,0.013,0.029,0.042,0.002,10.0,0.0
2025-06-27 01:00:00-06:00,,0.014,0.025,0.039,0.002,,0.0
2025-06-27 02:00:00-06:00,,0.017,0.022,0.039,0.002,,0.0
2025-06-27 03:00:00-06:00,,0.006,0.015,0.021,0.003,8.0,0.0
2025-06-27 04:00:00-06:00,,0.01,0.016,0.026,0.002,7.0,0.0
2025-06-27 05:00:00-06:00,,0.009,0.014,0.023,0.002,4.0,0.0
2025-06-27 06:00:00-06:00,,0.004,0.017,0.02,0.003,8.0,0.0
2025-06-27 07:00:00-06:00,,0.016,0.016,0.032,0.003,10.0,0.0
2025-06-27 08:00:00-06:00,,0.045,0.019,0.063,0.005,9.0,0.001
2025-06-27 09:00:00-06:00,,0.027,0.023,0.05,0.011,7.0,0.0
2025-06-27 10:00:00-06:00,,0.012,0.019,0.031,0.019,14.0,0.0
2025-06-27 11:00:00-06:00,,0.015,0.023,0.038,0.025,14.0,0.0
2025-06-27 12:00:00-06:00,,0.012,0.026,0.038,0.04,13.0,0.0
2025-06-27 13:00:00-06:00,,0.01,0.024,0.034,0.051,21.0,0.0
2025-06-27 14:00:00-06:00,,0.006,0.019,0.024,0.063,21.0,0.0
2025-06-27 15:00:00-06:00,,0.002,0.017,0.02,0.071,19.0,0.0
2025-06-27 16:00:00-06:00,,0.002,0.018,0.02,0.07,11.0,0.0
2025-06-27 17:00:00-06:00,,0.003,0.017,0.02,0.035,18.0,0.0
2025-06-27 18:00:00-06:00,,0.004,0.016,0.02,0.019,12.0,0.001
2025-06-27 19:00:00-06:00,,0.002,0.018,0.021,0.031,6.0,0.007
2025-06-27 20:00:00-06:00,,0.001,0.021,0.021,0.022,10.0,0.004
2025-06-27 21:00:00-06:00,,0.001,0.024,0.025,0.016,11.0,0.005
2025-06-27 22:00:00-06:00,,0.008,0.03,0.038,0.004,10.0,0.003
2025-06-27 23:00:00-06:00,,0.001,0.017,0.019,0.014,12.0,0.002
2025-06-28 00:00:00-06:00,,,,,,6.0,
2025-06-28 02:00:00-06:00,,,,,,7.0,
2025-06-28 03:00:00-06:00,,,,,,10.0,
2025-06-28 04:00:00-06:00,,0.001,0.015,0.016,0.008,7.0,0.0
2025-06-28 05:00:00-06:00,,0.0,0.013,0.014,0.011,7.0,0.0
2025-06-28 06:00:00-06:00,,0.001,0.015,0.016,0.009,6.0,0.0
2025-06-28 07:00:00-06:00,,0.002,0.015,0.017,0.008,7.0,0.0
2025-06-28 08:00:00-06:00,,0.008,0.016,0.025,0.008,5.0,0.0
2025-06-28 09:00:00-06:00,,0.013,0.013,0.026,0.014,10.0,0.0
2025-06-28 10:00:00-06:00,,0.013,0.015,0.027,0.02,9.0,0.0
2025-06-28 11:00:00-06:00,,0.009,0.013,0.021,0.032,14.0,0.0
2025-06-28 12:00:00-06:00,,0.004,0.012,0.017,0.048,15.0,0.0
2025-06-28 13:00:00-06:00,,0.003,0.014,0.017,0.067,18.0,0.0
2025-06-28 14:00:00-06:00,,0.002,0.016,0.019,0.083,18.0,0.0
2025-06-28 15:00:00-06:00,,0.002,0.013,0.014,0.087,16.0,0.0
2025-06-28 16:00:00-06:00,,0.001,0.01,0.011,0.077,18.0,0.0
2025-06-28 17:00:00-06:00,,0.001,0.011,0.012,0.052,15.0,0.0
2025-06-28 18:00:00-06:00,,0.0,0.012,0.012,0.031,7.0,0.0
2025-06-28 19:00:00-06:00,,0.0,0.011,0.011,0.025,11.0,0.0
2025-06-28 20:00:00-06:00,,0.001,0.018,0.018,0.013,,0.0
2025-06-28 21:00:00-06:00,,0.002,0.023,0.025,0.006,1.0,0.0
2025-06-28 22:00:00-06:00,,0.006,0.025,0.031,0.003,3.0,0.0
2025-06-28 23:00:00-06:00,,0.004,0.023,0.027,0.003,2.0,0.0
2025-06-29 00:00:00-06:00,,0.004,0.022,0.025,0.003,8.0,0.0
2025-06-29 01:00:00-06:00,,0.003,0.019,0.021,0.005,,0.0
2025-06-29 02:00:00-06:00,,0.001,0.018,0.019,0.005,1.0,0.0
2025-06-29 03:00:00-06:00,,0.001,0.017,0.018,0.005,3.0,0.0
2025-06-29 04:00:00-06:00,,0.001,0.016,0.017,0.005,6.0,0.0
2025-06-29 05:00:00-06:00,,0.002,0.018,0.02,0.004,4.0,0.0
2025-06-29 06:00:00-06:00,,0.001,0.016,0.017,0.005,7.0,0.0
2025-06-29 07:00:00-06:00,,0.003,0.015,0.017,0.006,8.0,0.0
2025-06-29 08:00:00-06:00,,0.005,0.011,0.015,0.011,7.0,0.0
2025-06-29 09:00:00-06:00,,0.004,0.007,0.011,0.017,7.0,0.0
2025-06-29 10:00:00-06:00,,0.004,0.007,0.011,0.021,3.0,0.0
2025-06-29 11:00:00-06:00,,0.004,0.007,0.011,0.027,3.0,0.0
2025-06-29 12:00:00-06:00,,0.006,0.011,0.017,0.03,4.0,0.0
2025-06-29 13:00:00-06:00,,0.005,0.01,0.015,0.043,8.0,0.0
2025-06-29 14:00:00-06:00,,0.002,0.008,0.01,0.061,12.0,0.0
2025-06-29 15:00:00-06:00,,0.001,0.008,0.009,0.066,10.0,0.0
2025-06-29 16:00:00-06:00,,0.001,0.01,0.011,0.064,8.0,0.0
2025-06-29 17:00:00-06:00,,0.001,0.011,0.013,0.043,15.0,0.0
2025-06-29 18:00:00-06:00,,0.001,0.011,0.011,0.034,12.0,0.0
2025-06-29 19:00:00-06:00,,0.0,0.009,0.009,0.026,14.0,0.0
2025-06-29 20:00:00-06:00,,0.0,0.014,0.014,0.019,3.0,0.0
2025-06-29 21:00:00-06:00,,0.001,0.019,0.02,0.012,4.0,0.0
2025-06-29 22:00:00-06:00,,0.0,0.015,0.016,0.015,3.0,0.0
2025-06-29 23:00:00-06:00,,0.001,0.016,0.017,0.012,4.0,
2025-06-30 00:00:00-06:00,,0.002,0.019,0.02,0.01,,0.0
2025-06-30 01:00:00-06:00,,0.001,0.013,0.014,0.015,,0.0
2025-06-30 02:00:00-06:00,,0.0,0.009,0.01,0.017,5.0,0.0
2025-06-30 03:00:00-06:00,,0.001,0.008,0.008,0.017,3.0,0.0
2025-06-30 04:00:00-06:00,,0.0,0.007,0.007,0.016,9.0,0.0
2025-06-30 05:00:00-06:00,,0.001,0.007,0.008,0.012,4.0,0.0
2025-06-30 06:00:00-06:00,,0.001,0.011,0.012,0.008,3.0,0.0
2025-06-30 07:00:00-06:00,,0.011,0.014,0.025,0.005,7.0,0.0
2025-06-30 08:00:00-06:00,,0.027,0.017,0.044,0.006,2.0,0.0
2025-06-30 09:00:00-06:00,,0.029,0.019,0.048,0.012,2.0,0.0
2025-06-30 10:00:00-06:00,,0.012,0.014,0.025,0.017,7.0,0.0
2025-06-30 11:00:00-06:00,,0.008,0.01,0.018,0.02,6.0,0.0
2025-06-30 12:00:00-06:00,,0.006,0.008,0.014,0.023,5.0,0.0
2025-06-30 13:00:00-06:00,,0.006,0.006,0.011,0.022,4.0,0.0
2025-06-30 14:00:00-06:00,,0.006,0.006,0.011,0.022,4.0,0.0
2025-06-30 15:00:00-06:00,,0.006,0.006,0.011,0.022,4.0,0.0
2025-06-30 16:00:00-06:00,,0.006,0.008,0.014,0.023,2.0,0.0
2025-06-30 17:00:00-06:00,,0.005,0.008,0.013,0.02,3.0,0.0
2025-06-30 18:00:00-06:00,,0.008,0.012,0.02,0.014,3.0,0.0
2025-06-30 19:00:00-06:00,,0.01,0.015,0.025,0.011,4.0,0.0
2025-06-30 20:00:00-06:00,,0.013,0.016,0.029,0.008,,0.0
2025-06-30 21:00:00-06:00,,0.012,0.019,0.031,0.005,2.0,0.0
2025-06-30 22:00:00-06:00,,0.006,0.018,0.024,0.005,4.0,0.0
2025-06-30 23:00:00-06:00,,0.006,0.017,0.023,0.007,,0.0
2025-07-01 00:00:00-06:00,,0.009,0.017,0.026,0.003,4.0,0.0
2025-07-01 01:00:00-06:00,,0.017,0.017,0.033,0.002,,0.0
2025-07-01 02:00:00-06:00,,0.008,0.015,0.024,0.005,5.0,0.0
2025-07-01 03:00:00-06:00,,0.001,0.01,0.01,0.008,2.0,0.0
2025-07-01 04:00:00-06:00,,0.001,0.009,0.01,0.005,4.0,0.0
2025-07-01 05:00:00-06:00,,0.003,0.009,0.013,0.003,1.0,0.0
2025-07-01 06:00:00-06:00,,0.006,0.013,0.019,0.003,3.0,0.0
2025-07-01 07:00:00-06:00,,0.04,0.017,0.057,0.003,1.0,0.0
2025-07-01 08:00:00-06:00,,0.027,0.016,0.043,0.009,7.0,0.0
2025-07-01 09:00:00-06:00,,0.009,0.008,0.017,0.018,1.0,0.0
2025-07-01 10:00:00-06:00,,0.005,0.006,0.011,0.022,4.0,0.0
2025-07-01 11:00:00-06:00,,0.005,0.005,0.01,0.024,3.0,0.0
2025-07-01 12:00:00-06:00,,0.004,0.004,0.008,0.025,5.0,0.0
2025-07-01 13:00:00-06:00,,0.004,0.005,0.008,0.026,5.0,0.0
2025-07-01 14:00:00-06:00,,0.002,0.004,0.006,0.03,4.0,0.0
2025-07-01 15:00:00-06:00,,0.001,0.003,0.005,0.033,3.0,0.0
2025-07-01 16:00:00-06:00,,0.002,0.003,0.005,0.031,5.0,0.0
2025-07-01 17:00:00-06:00,,0.003,0.005,0.008,0.028,2.0,0.0
2025-07-01 18:00:00-06:00,,0.001,0.004,0.006,0.032,1.0,0.0
2025-07-01 19:00:00-06:00,,0.001,0.006,0.007,0.032,7.0,0.0
2025-07-01 20:00:00-06:00,,0.003,0.013,0.016,0.021,8.0,0.0
2025-07-01 21:00:00-06:00,,0.007,0.019,0.025,0.015,5.0,0.0
2025-07-01 22:00:00-06:00,,0.005,0.019,0.024,0.015,5.0,0.0
2025-07-01 23:00:00-06:00,,0.001,0.017,0.018,0.013,4.0,
2025-07-02 00:00:00-06:00,,0.005,0.019,0.023,0.01,5.0,0.0
2025-07-02 01:00:00-06:00,,0.001,0.01,0.011,0.019,,0.0
2025-07-02 02:00:00-06:00,,0.0,0.007,0.008,0.021,9.0,
2025-07-02 03:00:00-06:00,,0.0,0.006,0.007,0.021,1.0,0.0
2025-07-02 04:00:00-06:00,,0.0,0.007,0.008,0.018,,0.0
2025-07-02 05:00:00-06:00,,0.001,0.011,0.011,0.011,4.0,0.0
2025-07-02 06:00:00-06:00,,0.002,0.013,0.015,0.006,1.0,0.0
2025-07-02 07:00:00-06:00,,0.018,0.015,0.034,0.002,7.0,0.0
2025-07-02 08:00:00-06:00,,0.027,0.018,0.045,0.007,2.0,0.0
2025-07-02 09:00:00-06:00,,0.013,0.016,0.029,0.015,6.0,0.0
2025-07-02 10:00:00-06:00,,0.013,0.019,0.032,0.016,1.0,0.0
2025-07-02 11:00:00-06:00,,0.008,0.011,0.019,0.027,8.0,0.0
2025-07-02 12:00:00-06:00,,0.004,0.007,0.011,0.038,4.0,0.0
2025-07-02 13:00:00-06:00,,0.002,0.007,0.009,0.049,2.0,0.0
2025-07-02 14:00:00-06:00,,0.003,0.005,0.008,0.037,8.0,0.0
2025-07-02 15:00:00-06:00,,0.002,0.004,0.006,0.033,8.0,0.0
2025-07-02 16:00:00-06:00,,0.004,0.008,0.011,0.031,4.0,0.0
2025-07-02 17:00:00-06:00,,0.004,0.011,0.015,0.03,3.0,0.0
2025-07-02 18:00:00-06:00,,0.003,0.014,0.017,0.027,9.0,0.002
2025-07-02 19:00:00-06:00,,0.004,0.028,0.032,0.013,7.0,0.001
2025-07-02 20:00:00-06:00,,0.006,0.035,0.042,0.005,9.0,0.0
2025-07-02 21:00:00-06:00,,0.001,0.022,0.023,0.013,14.0,0.0
2025-07-02 22:00:00-06:00,,0.002,0.024,0.026,0.01,7.0,0.0
2025-07-02 23:00:00-06:00,,0.001,0.024,0.026,0.007,5.0,0.0
2025-07-03 00:00:00-06:00,,0.001,0.021,0.022,0.01,7.0,0.0
2025-07-03 01:00:00-06:00,,0.001,0.013,0.014,0.016,,0.0
2025-07-03 02:00:00-06:00,,0.002,0.016,0.019,0.005,8.0,0.0
2025-07-03 03:00:00-06:00,,0.005,0.013,0.018,0.003,11.0,0.0
2025-07-03 05:00:00-06:00,,0.007,0.012,0.018,0.003,7.0,0.0
2025-07-03 06:00:00-06:00,,0.009,0.012,0.021,0.002,8.0,0.0
2025-07-03 07:00:00-06:00,,0.02,0.013,0.033,0.003,7.0,0.0
2025-07-03 08:00:00-06:00,,0.04,0.019,0.059,0.006,12.0,0.001
2025-07-03 09:00:00-06:00,,0.035,0.033,0.069,0.017,10.0,0.003
2025-07-03 10:00:00-06:00,,0.015,0.029,0.044,0.037,22.0,0.002
2025-07-03 11:00:00-06:00,,0.008,0.026,0.034,0.055,25.0,0.001
2025-07-07 15:00:00-06:00,,0.001,0.012,0.014,0.082,22.0,0.003
2025-07-07 16:00:00-06:00,,0.001,0.007,0.008,0.068,15.0,0.005
2025-07-07 17:00:00-06:00,,0.001,0.012,0.012,0.062,18.0,0.009
2025-07-07 18:00:00-06:00,,0.001,0.021,0.023,0.039,9.0,0.002
2025-07-07 19:00:00-06:00,,0.002,0.019,0.02,0.038,21.0,0.001
2025-07-07 20:00:00-06:00,,0.001,0.026,0.027,0.028,10.0,0.001
2025-07-07 21:00:00-06:00,,0.001,0.027,0.028,0.026,11.0,0.001
2025-07-07 22:00:00-06:00,,0.001,0.039,0.04,0.013,12.0,0.001
2025-07-07 23:00:00-06:00,,0.002,0.037,0.039,0.012,14.0,0.001
2025-07-08 00:00:00-06:00,,0.001,0.03,0.031,0.009,12.0,0.0
2025-07-08 01:00:00-06:00,,0.011,0.033,0.044,0.003,,0.001
2025-07-08 02:00:00-06:00,,0.005,0.033,0.038,0.007,,0.001
2025-07-08 03:00:00-06:00,,0.009,0.028,0.036,0.002,15.0,0.001
2025-07-08 04:00:00-06:00,,0.007,0.022,0.03,0.004,16.0,0.001
2025-07-08 05:00:00-06:00,,0.001,0.018,0.019,0.008,16.0,0.001
2025-07-08 06:00:00-06:00,,0.002,0.024,0.026,0.008,14.0,0.002
2025-07-08 07:00:00-06:00,,0.003,0.025,0.029,0.008,14.0,0.003
2025-07-08 08:00:00-06:00,,0.011,0.03,0.041,0.011,18.0,0.004
2025-07-08 09:00:00-06:00,,0.013,0.028,0.041,0.015,19.0,0.005
2025-07-08 10:00:00-06:00,,0.027,0.03,0.057,0.018,19.0,0.013
2025-07-08 11:00:00-06:00,,0.011,0.023,0.034,0.037,21.0,0.013
2025-07-08 12:00:00-06:00,,0.005,0.019,0.025,0.06,30.0,0.006
2025-07-08 13:00:00-06:00,,0.003,0.019,0.022,0.074,40.0,0.002
2025-07-08 14:00:00-06:00,,0.002,0.012,0.013,0.081,32.0,0.001
2025-07-08 15:00:00-06:00,,0.001,0.007,0.008,0.066,22.0,0.001
2025-07-08 16:00:00-06:00,,0.001,0.008,0.009,0.05,8.0,0.0
2025-07-08 17:00:00-06:00,,0.001,0.009,0.01,0.044,3.0,0.0
2025-07-08 18:00:00-06:00,,0.002,0.009,0.011,0.038,6.0,0.001
2025-07-08 19:00:00-06:00,,0.001,0.012,0.013,0.031,4.0,0.0
2025-07-08 20:00:00-06:00,,0.001,0.014,0.015,0.032,9.0,0.0
2025-07-08 21:00:00-06:00,,0.001,0.016,0.017,0.033,7.0,0.0
2025-07-08 22:00:00-06:00,,0.0,0.018,0.019,0.034,5.0,0.001
2025-07-08 23:00:00-06:00,,0.0,0.012,0.012,0.032,4.0,0.0
2025-07-09 00:00:00-06:00,,0.0,0.009,0.009,0.03,,0.0
2025-07-09 01:00:00-06:00,,0.0,0.008,0.008,0.029,,0.001
2025-07-09 02:00:00-06:00,,0.0,0.006,0.006,0.03,,0.005
2025-07-09 03:00:00-06:00,,0.0,0.006,0.007,0.029,6.0,0.007
2025-07-09 04:00:00-06:00,,0.001,0.01,0.01,0.023,1.0,0.013
2025-07-09 05:00:00-06:00,,0.001,0.011,0.012,0.023,9.0,0.018
2025-07-09 06:00:00-06:00,,0.0,0.011,0.011,0.021,10.0,0.016
2025-07-09 07:00:00-06:00,,0.0,0.011,0.011,0.021,10.0,0.016
2025-07-09 10:00:00-06:00,,0.002,0.003,0.005,0.026,10.0,0.0
2025-07-09 11:00:00-06:00,,0.001,0.003,0.004,0.026,24.0,0.0
2025-07-09 14:00:00-06:00,,0.003,0.004,0.007,0.024,32.0,0.0
2025-07-09 15:00:00-06:00,,0.002,0.004,0.007,0.027,35.0,0.0
2025-07-09 16:00:00-06:00,,0.004,0.006,0.01,0.025,29.0,0.0
2025-07-09 17:00:00-06:00,,0.003,0.007,0.01,0.024,28.0,0.0
2025-07-09 18:00:00-06:00,,0.001,0.004,0.005,0.026,27.0,0.0
2025-07-09 19:00:00-06:00,,0.002,0.006,0.007,0.025,24.0,0.0
2025-07-09 20:00:00-06:00,,0.001,0.009,0.01,0.022,24.0,0.0
2025-07-09 21:00:00-06:00,,0.006,0.021,0.027,0.011,22.0,0.0
2025-07-09 22:00:00-06:00,,0.009,0.024,0.034,0.007,15.0,0.0
2025-07-09 23:00:00-06:00,,0.005,0.021,0.026,0.009,18.0,0.0
2025-07-10 00:00:00-06:00,,,,,,20.0,
2025-07-10 02:00:00-06:00,,,,,,14.0,
2025-07-10 03:00:00-06:00,,,,,,11.0,
2025-07-10 04:00:00-06:00,,0.002,0.012,0.014,0.008,9.0,0.0
2025-07-10 05:00:00-06:00,,0.001,0.011,0.012,0.007,12.0,0.0
2025-07-10 06:00:00-06:00,,0.004,0.013,0.017,0.004,12.0,0.0
2025-07-10 07:00:00-06:00,,0.028,0.014,0.042,0.003,12.0,0.001
2025-07-10 08:00:00-06:00,,0.049,0.019,0.068,0.004,14.0,0.002
2025-07-10 09:00:00-06:00,,0.033,0.03,0.063,0.009,14.0,0.006
2025-07-10 10:00:00-06:00,,0.033,0.039,0.072,0.017,24.0,0.008
2025-07-10 11:00:00-06:00,,,,,0.034,31.0,
2025-07-10 12:00:00-06:00,,,,,0.054,37.0,
2025-07-10 13:00:00-06:00,,,,,0.071,40.0,
2025-07-10 14:00:00-06:00,,0.003,0.024,0.027,0.094,39.0,0.002
2025-07-10 15:00:00-06:00,,0.001,0.018,0.02,0.077,29.0,0.002
2025-07-10 16:00:00-06:00,,0.002,0.023,0.024,0.066,24.0,0.003
2025-07-10 17:00:00-06:00,,0.003,0.024,0.027,0.07,26.0,0.008
2025-07-10 18:00:00-06:00,,0.002,0.021,0.023,0.067,21.0,0.012
2025-07-10 19:00:00-06:00,,0.003,0.035,0.038,0.039,19.0,0.005
2025-07-10 20:00:00-06:00,,0.001,0.027,0.028,0.023,26.0,0.004
2025-07-10 21:00:00-06:00,,0.001,0.02,0.021,0.023,25.0,0.008
2025-07-10 22:00:00-06:00,,0.001,0.018,0.018,0.026,11.0,0.01
2025-07-10 23:00:00-06:00,,0.001,0.016,0.017,0.028,13.0,0.01
2025-07-11 00:00:00-06:00,,0.001,0.019,0.02,0.019,8.0,0.006
2025-07-11 01:00:00-06:00,,0.001,0.02,0.021,0.012,,0.004
2025-07-11 02:00:00-06:00,,0.002,0.022,0.024,0.008,6.0,0.003
2025-07-11 03:00:00-06:00,,0.003,0.024,0.027,0.005,14.0,0.003
2025-07-11 04:00:00-06:00,,0.001,0.02,0.021,0.014,13.0,0.005
2025-07-11 05:00:00-06:00,,0.002,0.019,0.021,0.006,13.0,0.003
2025-07-11 06:00:00-06:00,,0.006,0.018,0.024,0.003,19.0,0.002
2025-07-11 07:00:00-06:00,,0.016,0.017,0.033,0.003,18.0,0.002
2025-07-11 08:00:00-06:00,,0.026,0.018,0.044,0.005,15.0,0.002
2025-07-11 09:00:00-06:00,,0.024,0.029,0.053,0.017,12.0,0.003
2025-07-11 10:00:00-06:00,,0.022,0.032,0.055,0.027,17.0,0.002
2025-07-11 11:00:00-06:00,,0.012,0.031,0.044,0.044,38.0,0.003
2025-07-11 12:00:00-06:00,,0.007,0.027,0.033,0.059,35.0,0.005
2025-07-11 13:00:00-06:00,,0.006,0.031,0.036,0.075,33.0,0.004
2025-07-11 14:00:00-06:00,,0.002,0.02,0.022,0.053,35.0,0.003
2025-07-11 15:00:00-06:00,,0.004,0.02,0.023,0.063,26.0,0.003
2025-07-11 16:00:00-06:00,,0.002,0.021,0.022,0.111,12.0,0.003
2025-07-11 17:00:00-06:00,,0.001,0.02,0.021,0.102,33.0,0.003
2025-07-11 18:00:00-06:00,,0.001,0.028,0.029,0.083,29.0,0.002
2025-07-11 19:00:00-06:00,,0.001,0.035,0.036,0.048,35.0,0.003
2025-07-11 20:00:00-06:00,,0.001,0.024,0.025,0.038,26.0,0.002
2025-07-11 21:00:00-06:00,,0.001,0.025,0.025,0.031,24.0,0.002
2025-07-11 22:00:00-06:00,,0.001,0.022,0.022,0.028,19.0,0.002
2025-07-11 23:00:00-06:00,,0.001,0.021,0.021,0.019,12.0,0.001
2025-07-12 00:00:00-06:00,,0.001,0.021,0.022,0.014,14.0,0.001
2025-07-12 01:00:00-06:00,,0.008,0.032,0.04,0.003,,0.001
2025-07-12 02:00:00-06:00,,0.015,0.032,0.047,0.002,11.0,0.001
2025-07-12 03:00:00-06:00,,0.011,0.028,0.039,0.002,14.0,0.001
2025-07-12 04:00:00-06:00,,0.006,0.021,0.028,0.004,23.0,0.001
2025-07-12 05:00:00-06:00,,0.001,0.011,0.012,0.01,16.0,0.001
2025-07-12 06:00:00-06:00,,0.001,0.01,0.012,0.007,11.0,0.0
2025-07-12 07:00:00-06:00,,0.006,0.015,0.021,0.005,13.0,0.001
2025-07-12 08:00:00-06:00,,0.016,0.016,0.032,0.007,12.0,0.001
2025-07-12 09:00:00-06:00,,0.029,0.025,0.054,0.011,7.0,0.002
2025-07-12 10:00:00-06:00,,0.015,0.027,0.042,0.028,13.0,0.002
2025-07-12 11:00:00-06:00,,0.01,0.03,0.039,0.041,25.0,0.002
2025-07-12 12:00:00-06:00,,0.007,0.024,0.03,0.068,32.0,0.001
2025-07-12 13:00:00-06:00,,0.003,0.019,0.022,0.081,29.0,0.001
2025-07-12 14:00:00-06:00,,0.002,0.012,0.014,0.071,24.0,0.001
2025-07-12 15:00:00-06:00,,0.001,0.01,0.011,0.073,17.0,0.001
2025-07-12 16:00:00-06:00,,0.001,0.014,0.015,0.096,12.0,0.001
2025-07-12 17:00:00-06:00,,0.0,0.018,0.018,0.086,13.0,0.001
2025-07-12 18:00:00-06:00,,0.001,0.017,0.018,0.058,19.0,0.001
2025-07-12 19:00:00-06:00,,0.0,0.014,0.015,0.051,18.0,0.001
2025-07-12 20:00:00-06:00,,0.0,0.017,0.017,0.043,9.0,0.001
2025-07-12 21:00:00-06:00,,0.0,0.018,0.018,0.041,11.0,0.001
2025-07-12 22:00:00-06:00,,0.001,0.021,0.022,0.03,12.0,0.002
2025-07-12 23:00:00-06:00,,0.001,0.02,0.021,0.024,18.0,0.001
2025-07-13 00:00:00-06:00,,0.0,0.019,0.02,0.023,7.0,0.001
2025-07-13 01:00:00-06:00,,0.002,0.03,0.031,0.011,,0.001
2025-07-13 02:00:00-06:00,,0.001,0.025,0.026,0.013,1.0,0.001
2025-07-13 03:00:00-06:00,,0.0,0.014,0.014,0.024,5.0,0.001
2025-07-13 04:00:00-06:00,,0.0,0.011,0.011,0.023,9.0,0.001
2025-07-13 05:00:00-06:00,,0.001,0.011,0.011,0.016,10.0,0.001
2025-07-13 06:00:00-06:00,,0.001,0.011,0.011,0.011,7.0,0.001
2025-07-13 07:00:00-06:00,,0.004,0.015,0.019,0.006,13.0,0.001
2025-07-13 08:00:00-06:00,,0.007,0.014,0.021,0.006,8.0,0.001
2025-07-13 09:00:00-06:00,,0.01,0.018,0.028,0.02,8.0,0.001
2025-07-13 10:00:00-06:00,,0.01,0.021,0.031,0.038,9.0,0.001
2025-07-13 11:00:00-06:00,,0.005,0.016,0.021,0.053,16.0,0.001
2025-07-13 12:00:00-06:00,,0.002,0.01,0.011,0.069,14.0,0.001
2025-07-13 13:00:00-06:00,,0.001,0.007,0.007,0.074,12.0,0.001
2025-07-13 14:00:00-06:00,,0.001,0.005,0.006,0.063,6.0,0.001
2025-07-13 15:00:00-06:00,,0.001,0.004,0.005,0.058,8.0,0.001
2025-07-13 16:00:00-06:00,,0.001,0.004,0.005,0.057,5.0,0.004
2025-07-13 17:00:00-06:00,,0.001,0.004,0.005,0.054,6.0,0.004
2025-07-13 18:00:00-06:00,,0.001,0.005,0.006,0.052,6.0,0.003
2025-07-13 19:00:00-06:00,,0.0,0.005,0.005,0.051,7.0,0.001
2025-07-13 20:00:00-06:00,,0.0,0.004,0.005,0.046,6.0,0.001
2025-07-13 21:00:00-06:00,,0.0,0.007,0.007,0.041,12.0,0.0
2025-07-13 22:00:00-06:00,,0.0,0.01,0.01,0.041,2.0,0.001
2025-07-13 23:00:00-06:00,,0.0,0.009,0.009,0.041,9.0,0.001
2025-07-14 00:00:00-06:00,,0.0,0.008,0.008,0.039,10.0,0.001
2025-07-14 01:00:00-06:00,,0.0,0.009,0.009,0.035,,0.001
2025-07-14 02:00:00-06:00,,0.001,0.009,0.01,0.028,,0.001
2025-07-14 03:00:00-06:00,,0.0,0.01,0.011,0.019,8.0,0.0
2025-07-14 04:00:00-06:00,,0.001,0.01,0.01,0.013,11.0,0.0
2025-07-14 05:00:00-06:00,,0.001,0.011,0.012,0.013,13.0,0.0
2025-07-14 06:00:00-06:00,,0.001,0.009,0.01,0.014,9.0,0.0
2025-07-14 07:00:00-06:00,,0.005,0.014,0.019,0.008,11.0,0.0
2025-07-14 08:00:00-06:00,,0.02,0.019,0.039,0.008,13.0,0.001
2025-07-14 09:00:00-06:00,,0.01,0.022,0.032,0.018,12.0,0.001
2025-07-14 10:00:00-06:00,,0.008,0.019,0.027,0.024,13.0,0.001
2025-07-14 11:00:00-06:00,,0.005,0.013,0.018,0.034,13.0,0.002
2025-07-14 12:00:00-06:00,,0.002,0.007,0.009,0.044,10.0,0.001
2025-07-14 13:00:00-06:00,,0.002,0.007,0.008,0.05,9.0,0.001
2025-07-14 14:00:00-06:00,,0.001,0.005,0.007,0.054,11.0,0.001
2025-07-14 15:00:00-06:00,,0.001,0.006,0.007,0.051,7.0,0.002
2025-07-14 16:00:00-06:00,,0.003,0.01,0.012,0.034,11.0,0.004
2025-07-14 17:00:00-06:00,,0.002,0.016,0.018,0.03,11.0,0.006
2025-07-14 18:00:00-06:00,,0.004,0.033,0.037,0.016,14.0,0.006
2025-07-14 19:00:00-06:00,,0.001,0.018,0.019,0.033,17.0,0.012
2025-07-14 20:00:00-06:00,,0.0,0.012,0.012,0.035,21.0,0.006
2025-07-14 21:00:00-06:00,,0.001,0.017,0.017,0.027,9.0,0.003
2025-07-14 22:00:00-06:00,,0.001,0.023,0.024,0.02,10.0,0.003
2025-07-14 23:00:00-06:00,,0.0,0.015,0.016,0.028,10.0,0.002
2025-07-15 00:00:00-06:00,,0.0,0.013,0.013,0.027,10.0,0.002
2025-07-15 01:00:00-06:00,,0.001,0.02,0.021,0.016,,0.002
2025-07-15 02:00:00-06:00,,0.001,0.02,0.022,0.008,10.0,0.001
2025-07-15 03:00:00-06:00,,0.001,0.018,0.019,0.009,6.0,0.001
2025-07-15 04:00:00-06:00,,0.001,0.013,0.014,0.013,7.0,0.001
2025-07-15 05:00:00-06:00,,0.003,0.02,0.023,0.006,3.0,0.001
2025-07-15 06:00:00-06:00,,0.002,0.019,0.022,0.006,6.0,0.001
2025-07-15 07:00:00-06:00,,0.009,0.017,0.026,0.004,11.0,0.001
2025-07-15 08:00:00-06:00,,0.028,0.019,0.047,0.007,11.0,0.001
2025-07-15 09:00:00-06:00,,0.017,0.024,0.041,0.021,11.0,0.001
2025-07-15 10:00:00-06:00,,0.018,0.03,0.047,0.031,16.0,0.001
2025-07-15 11:00:00-06:00,,0.01,0.027,0.036,0.049,23.0,0.001
2025-07-15 12:00:00-06:00,,0.004,0.018,0.022,0.07,25.0,0.001
2025-07-15 13:00:00-06:00,,0.002,0.015,0.017,0.082,22.0,0.002
2025-07-15 14:00:00-06:00,,0.002,0.014,0.015,0.092,16.0,0.002
2025-07-15 16:00:00-06:00,,0.001,0.013,0.014,0.059,16.0,0.002
2025-07-15 17:00:00-06:00,,0.001,0.015,0.016,0.04,14.0,0.002
2025-07-15 18:00:00-06:00,,0.001,0.015,0.015,0.038,20.0,0.002
2025-07-15 19:00:00-06:00,,0.001,0.015,0.017,0.03,7.0,0.004
2025-07-15 20:00:00-06:00,,0.003,0.027,0.03,0.011,8.0,0.003
2025-07-15 21:00:00-06:00,,0.006,0.034,0.04,0.006,10.0,0.003
2025-07-15 22:00:00-06:00,,0.008,0.032,0.04,0.013,18.0,0.002
2025-07-15 23:00:00-06:00,,0.002,0.025,0.027,0.015,16.0,0.002
2025-07-16 00:00:00-06:00,,,,,,6.0,
2025-07-16 02:00:00-06:00,,,,,,20.0,
2025-07-16 03:00:00-06:00,,,,,,13.0,
2025-07-16 04:00:00-06:00,,0.002,0.02,0.022,0.006,10.0,0.001
2025-07-16 05:00:00-06:00,,0.001,0.015,0.016,0.007,15.0,0.001
2025-07-16 06:00:00-06:00,,0.001,0.011,0.012,0.009,8.0,0.001
2025-07-16 07:00:00-06:00,,0.001,0.013,0.014,0.014,11.0,0.0
2025-07-16 08:00:00-06:00,,0.008,0.016,0.024,0.013,6.0,0.0
2025-07-16 09:00:00-06:00,,0.011,0.019,0.03,0.026,12.0,0.001
2025-07-16 10:00:00-06:00,,0.012,0.027,0.038,0.041,10.0,0.001
2025-07-16 11:00:00-06:00,,0.008,0.029,0.036,0.064,21.0,0.002
2025-07-16 12:00:00-06:00,,0.005,0.027,0.031,0.086,26.0,0.002
2025-07-16 13:00:00-06:00,,0.002,0.018,0.02,0.103,23.0,0.003
2025-07-16 14:00:00-06:00,,0.001,0.013,0.015,0.097,24.0,0.003
2025-07-16 15:00:00-06:00,,0.001,0.01,0.011,0.091,14.0,0.002
2025-07-16 16:00:00-06:00,,0.001,0.01,0.011,0.097,11.0,0.002
2025-07-16 17:00:00-06:00,,0.001,0.013,0.014,0.077,11.0,0.002
2025-07-16 18:00:00-06:00,,0.001,0.018,0.019,0.06,19.0,0.002
2025-07-16 19:00:00-06:00,,0.0,0.013,0.014,0.055,15.0,0.009
2025-07-16 20:00:00-06:00,,0.0,0.011,0.012,0.04,21.0,0.01
2025-07-16 21:00:00-06:00,,0.001,0.012,0.012,0.044,20.0,0.001
2025-07-16 22:00:00-06:00,,0.001,0.017,0.017,0.034,18.0,0.001
2025-07-16 23:00:00-06:00,,0.001,0.026,0.027,0.024,6.0,0.001
2025-07-17 00:00:00-06:00,,0.001,0.026,0.027,0.016,10.0,0.001
2025-07-17 01:00:00-06:00,,0.001,0.03,0.031,0.008,,0.001
2025-07-17 02:00:00-06:00,,0.001,0.022,0.024,0.005,2.0,0.0
2025-07-17 03:00:00-06:00,,0.001,0.012,0.012,0.014,13.0,0.0
2025-07-17 04:00:00-06:00,,0.001,0.01,0.011,0.014,8.0,0.0
2025-07-17 05:00:00-06:00,,0.001,0.012,0.013,0.008,11.0,0.0
2025-07-17 06:00:00-06:00,,0.002,0.016,0.018,0.006,7.0,0.0
2025-07-17 07:00:00-06:00,,0.005,0.018,0.023,0.005,14.0,0.0
2025-07-17 08:00:00-06:00,,0.014,0.018,0.033,0.007,13.0,0.001
2025-07-17 09:00:00-06:00,,0.02,0.026,0.046,0.018,14.0,0.001
2025-07-17 10:00:00-06:00,,0.012,0.024,0.036,0.035,13.0,0.001
2025-07-17 11:00:00-06:00,,0.004,0.013,0.017,0.052,19.0,0.001
2025-07-17 12:00:00-06:00,,0.003,0.017,0.02,0.076,22.0,0.001
2025-07-17 13:00:00-06:00,,0.002,0.035,0.037,0.097,15.0,0.001
2025-07-17 14:00:00-06:00,,0.001,0.019,0.02,0.071,31.0,0.001
2025-07-17 15:00:00-06:00,,0.001,0.015,0.017,0.049,25.0,0.001
2025-07-17 16:00:00-06:00,,0.001,0.015,0.016,0.045,14.0,0.001
2025-07-17 17:00:00-06:00,,0.002,0.027,0.029,0.054,13.0,0.001
2025-07-17 18:00:00-06:00,,0.001,0.025,0.027,0.052,16.0,0.001
2025-07-17 19:00:00-06:00,,0.001,0.016,0.017,0.039,24.0,0.001
2025-07-17 20:00:00-06:00,,0.0,0.013,0.013,0.037,20.0,0.001
2025-07-17 21:00:00-06:00,,0.0,0.013,0.014,0.033,17.0,0.001
2025-07-17 22:00:00-06:00,,0.0,0.016,0.017,0.028,16.0,0.001
2025-07-17 23:00:00-06:00,,0.0,0.015,0.015,0.027,14.0,0.001
2025-07-18 00:00:00-06:00,,0.001,0.012,0.013,0.027,18.0,0.001
2025-07-18 01:00:00-06:00,,0.0,0.014,0.015,0.022,,0.003
2025-07-18 02:00:00-06:00,,0.0,0.014,0.014,0.021,12.0,0.002
2025-07-18 03:00:00-06:00,,0.001,0.012,0.012,0.02,19.0,0.002
2025-07-18 04:00:00-06:00,,0.001,0.013,0.013,0.013,17.0,0.001
2025-07-18 05:00:00-06:00,,0.001,0.014,0.014,0.015,17.0,0.001
2025-07-18 06:00:00-06:00,,0.002,0.019,0.021,0.01,19.0,0.001
2025-07-18 07:00:00-06:00,,0.003,0.018,0.021,0.007,24.0,0.001
2025-07-18 08:00:00-06:00,,0.012,0.02,0.033,0.011,19.0,0.002
2025-07-18 09:00:00-06:00,,0.015,0.023,0.038,0.018,22.0,0.001
2025-07-18 10:00:00-06:00,,0.01,0.022,0.033,0.032,23.0,0.001
2025-07-18 11:00:00-06:00,,0.006,0.019,0.026,0.048,25.0,0.001
2025-07-18 12:00:00-06:00,,0.004,0.016,0.019,0.066,24.0,0.001
2025-07-18 13:00:00-06:00,,0.001,0.012,0.014,0.077,28.0,0.001
2025-07-18 14:00:00-06:00,,0.001,0.012,0.013,0.084,22.0,0.001
2025-07-18 15:00:00-06:00,,0.001,0.009,0.01,0.061,23.0,0.001
2025-07-18 16:00:00-06:00,,0.002,0.016,0.018,0.05,22.0,0.001
2025-07-18 17:00:00-06:00,,0.005,0.028,0.033,0.037,20.0,0.001
2025-07-18 18:00:00-06:00,,0.005,0.034,0.038,0.027,15.0,0.001
2025-07-18 19:00:00-06:00,,0.003,0.032,0.035,0.031,21.0,0.003
2025-07-18 20:00:00-06:00,,0.001,0.028,0.029,0.031,16.0,0.002
2025-07-18 21:00:00-06:00,,0.001,0.025,0.026,0.032,18.0,0.003
2025-07-18 22:00:00-06:00,,0.0,0.018,0.018,0.036,10.0,0.002
2025-07-18 23:00:00-06:00,,0.001,0.024,0.025,0.026,11.0,0.002
2025-07-19 00:00:00-06:00,,0.001,0.031,0.032,0.017,10.0,0.002
2025-07-19 01:00:00-06:00,,0.001,0.022,0.023,0.02,,0.002
2025-07-19 02:00:00-06:00,,0.001,0.019,0.02,0.018,14.0,0.003
2025-07-19 03:00:00-06:00,,0.001,0.017,0.017,0.019,14.0,0.003
2025-07-19 04:00:00-06:00,,0.001,0.014,0.015,0.014,13.0,0.002
2025-07-19 05:00:00-06:00,,0.002,0.013,0.015,0.009,16.0,0.001
2025-07-19 06:00:00-06:00,,0.007,0.015,0.023,0.003,18.0,0.001
2025-07-19 07:00:00-06:00,,0.02,0.016,0.036,0.003,13.0,0.001
2025-07-19 08:00:00-06:00,,0.011,0.014,0.025,0.013,16.0,0.002
2025-07-19 09:00:00-06:00,,0.01,0.015,0.025,0.024,15.0,0.002
2025-07-19 10:00:00-06:00,,0.009,0.018,0.027,0.036,18.0,0.002
2025-07-19 11:00:00-06:00,,0.006,0.018,0.024,0.055,25.0,0.002
2025-07-19 12:00:00-06:00,,0.002,0.013,0.015,0.072,23.0,0.001
2025-07-19 13:00:00-06:00,,0.002,0.013,0.015,0.084,19.0,0.001
2025-07-19 14:00:00-06:00,,0.001,0.009,0.01,0.084,24.0,0.001
2025-07-19 15:00:00-06:00,,0.001,0.01,0.011,0.093,16.0,0.001
2025-07-19 16:00:00-06:00,,0.0,0.012,0.013,0.08,21.0,0.001
2025-07-19 17:00:00-06:00,,0.001,0.013,0.013,0.051,22.0,0.0
2025-07-19 18:00:00-06:00,,0.0,0.015,0.015,0.05,18.0,0.0
2025-07-19 19:00:00-06:00,,0.001,0.021,0.022,0.033,13.0,0.0
2025-07-19 20:00:00-06:00,,0.0,0.023,0.024,0.028,8.0,0.0
2025-07-19 21:00:00-06:00,,0.001,0.025,0.026,0.027,2.0,0.001
2025-07-19 22:00:00-06:00,,0.001,0.031,0.032,0.013,4.0,0.0
2025-07-19 23:00:00-06:00,,0.002,0.037,0.039,0.005,6.0,0.0
2025-07-20 00:00:00-06:00,,0.003,0.032,0.036,0.005,8.0,0.0
2025-07-20 01:00:00-06:00,,0.002,0.024,0.027,0.011,,0.0
2025-07-20 02:00:00-06:00,,0.001,0.013,0.013,0.016,10.0,0.0
2025-07-20 03:00:00-06:00,,0.0,0.013,0.014,0.012,5.0,0.0
2025-07-20 04:00:00-06:00,,0.001,0.017,0.018,0.006,4.0,0.0
2025-07-20 05:00:00-06:00,,0.001,0.015,0.015,0.007,6.0,0.0
2025-07-20 06:00:00-06:00,,0.001,0.011,0.011,0.008,5.0,0.0
2025-07-20 07:00:00-06:00,,0.003,0.014,0.016,0.007,11.0,0.0
2025-07-20 08:00:00-06:00,,0.006,0.014,0.02,0.01,7.0,0.001
2025-07-20 09:00:00-06:00,,0.009,0.013,0.022,0.024,8.0,0.005
2025-07-20 10:00:00-06:00,,0.006,0.012,0.018,0.037,10.0,0.005
2025-07-20 11:00:00-06:00,,0.005,0.014,0.02,0.051,16.0,0.004
2025-07-20 12:00:00-06:00,,0.002,0.01,0.012,0.063,25.0,0.002
2025-07-20 13:00:00-06:00,,0.001,0.007,0.008,0.06,18.0,0.001
2025-07-20 14:00:00-06:00,,0.001,0.006,0.007,0.057,16.0,0.0
2025-07-20 15:00:00-06:00,,0.001,0.003,0.004,0.053,10.0,0.0
2025-07-20 16:00:00-06:00,,0.001,0.005,0.006,0.051,11.0,0.001
2025-07-20 17:00:00-06:00,,0.001,0.007,0.009,0.047,2.0,0.001
2025-07-20 18:00:00-06:00,,0.001,0.008,0.009,0.044,7.0,0.0
2025-07-20 19:00:00-06:00,,0.001,0.013,0.013,0.05,10.0,0.001
2025-07-20 20:00:00-06:00,,0.0,0.011,0.011,0.05,10.0,0.002
2025-07-20 21:00:00-06:00,,0.0,0.013,0.013,0.041,12.0,0.003
2025-07-20 22:00:00-06:00,,0.0,0.017,0.018,0.033,9.0,0.003
2025-07-20 23:00:00-06:00,,0.001,0.022,0.022,0.027,12.0,0.003
2025-07-21 00:00:00-06:00,,0.001,0.021,0.022,0.027,11.0,0.003
2025-07-21 01:00:00-06:00,,0.001,0.023,0.025,0.015,,0.002
2025-07-21 02:00:00-06:00,,0.001,0.032,0.033,0.015,21.0,0.002
2025-07-21 03:00:00-06:00,,0.001,0.025,0.026,0.01,14.0,0.002
2025-07-21 04:00:00-06:00,,0.001,0.018,0.019,0.012,19.0,0.001
2025-07-21 05:00:00-06:00,,0.001,0.021,0.022,0.015,19.0,0.002
2025-07-21 06:00:00-06:00,,0.001,0.015,0.016,0.018,21.0,0.002
2025-07-21 07:00:00-06:00,,0.006,0.018,0.024,0.006,18.0,0.001
2025-07-21 08:00:00-06:00,,0.016,0.017,0.033,0.01,14.0,0.001
2025-07-21 09:00:00-06:00,,0.012,0.02,0.032,0.018,16.0,0.001
2025-07-21 10:00:00-06:00,,0.009,0.018,0.027,0.034,18.0,0.001
2025-07-21 11:00:00-06:00,,0.007,0.02,0.027,0.051,21.0,0.001
2025-07-21 12:00:00-06:00,,0.004,0.016,0.02,0.069,20.0,0.001
2025-07-21 13:00:00-06:00,,0.003,0.017,0.02,0.082,20.0,0.003
2025-07-21 14:00:00-06:00,,0.002,0.014,0.016,0.087,17.0,0.005
2025-07-21 15:00:00-06:00,,0.001,0.012,0.014,0.094,17.0,0.003
2025-07-21 16:00:00-06:00,,0.001,0.013,0.014,0.103,17.0,0.003
2025-07-21 17:00:00-06:00,,0.001,0.008,0.009,0.083,20.0,0.012
2025-07-21 18:00:00-06:00,,0.001,0.009,0.009,0.07,17.0,0.018
2025-07-21 19:00:00-06:00,,0.001,0.014,0.014,0.077,20.0,0.009
2025-07-21 20:00:00-06:00,,0.001,0.017,0.018,0.051,18.0,0.002
2025-07-21 21:00:00-06:00,,0.0,0.012,0.012,0.04,16.0,0.0
2025-07-21 22:00:00-06:00,,0.0,0.013,0.013,0.034,23.0,0.0
2025-07-21 23:00:00-06:00,,0.001,0.026,0.027,0.016,7.0,0.0
2025-07-22 00:00:00-06:00,,,,,,13.0,
2025-07-22 02:00:00-06:00,,,,,,22.0,
2025-07-22 03:00:00-06:00,,,,,,15.0,
2025-07-22 04:00:00-06:00,,0.001,0.007,0.008,0.019,14.0,0.0
2025-07-22 05:00:00-06:00,,0.0,0.005,0.005,0.025,12.0,0.0
2025-07-22 06:00:00-06:00,,0.001,0.007,0.008,0.019,10.0,0.0
2025-07-22 07:00:00-06:00,,0.003,0.016,0.019,0.009,5.0,0.0
2025-07-22 08:00:00-06:00,,0.007,0.015,0.022,0.017,6.0,0.001
2025-07-22 09:00:00-06:00,,0.015,0.019,0.034,0.02,11.0,0.007
2025-07-22 10:00:00-06:00,,0.009,0.016,0.026,0.032,18.0,0.007
2025-07-22 11:00:00-06:00,,0.008,0.019,0.027,0.045,31.0,0.004
2025-07-22 12:00:00-06:00,,0.005,0.019,0.024,0.063,30.0,0.003
2025-07-22 13:00:00-06:00,,0.004,0.022,0.025,0.091,28.0,0.002
2025-07-22 14:00:00-06:00,,0.001,0.017,0.018,0.114,29.0,0.002
2025-07-22 15:00:00-06:00,,0.001,0.011,0.012,0.113,31.0,0.002
2025-07-22 16:00:00-06:00,,0.001,0.009,0.01,0.099,24.0,0.001
2025-07-22 17:00:00-06:00,,0.001,0.008,0.009,0.084,16.0,0.002
2025-07-22 18:00:00-06:00,,0.001,0.009,0.01,0.069,12.0,0.001
2025-07-22 19:00:00-06:00,,0.001,0.012,0.012,0.055,12.0,0.002
2025-07-22 20:00:00-06:00,,0.0,0.016,0.017,0.042,6.0,0.001
2025-07-22 21:00:00-06:00,,0.0,0.014,0.014,0.036,11.0,0.001
2025-07-22 22:00:00-06:00,,0.0,0.018,0.018,0.027,9.0,0.001
2025-07-22 23:00:00-06:00,,0.0,0.011,0.011,0.028,7.0,0.006
2025-07-23 00:00:00-06:00,,0.0,0.01,0.01,0.026,13.0,0.005
2025-07-23 01:00:00-06:00,,0.001,0.009,0.01,0.026,,0.007
2025-07-23 02:00:00-06:00,,0.0,0.01,0.011,0.023,,0.016
2025-07-23 03:00:00-06:00,,0.001,0.01,0.011,0.021,15.0,0.013
2025-07-23 04:00:00-06:00,,0.001,0.01,0.011,0.014,12.0,0.006
2025-07-23 05:00:00-06:00,,0.001,0.011,0.011,0.017,12.0,0.01
2025-07-23 06:00:00-06:00,,0.0,0.012,0.012,0.019,13.0,0.011
2025-07-23 07:00:00-06:00,,0.001,0.016,0.017,0.015,14.0,0.009
2025-07-23 08:00:00-06:00,,0.005,0.016,0.021,0.017,18.0,0.008
2025-07-23 09:00:00-06:00,,0.006,0.014,0.019,0.025,20.0,0.009
2025-07-23 10:00:00-06:00,,0.004,0.013,0.016,0.033,13.0,0.005
2025-07-23 11:00:00-06:00,,0.006,0.014,0.02,0.043,21.0,0.005
2025-07-23 12:00:00-06:00,,0.003,0.014,0.018,0.06,19.0,0.004
2025-07-23 13:00:00-06:00,,0.002,0.014,0.016,0.081,34.0,0.003
2025-07-23 14:00:00-06:00,,0.001,0.013,0.014,0.101,29.0,0.003
2025-07-23 15:00:00-06:00,,0.001,0.012,0.013,0.106,26.0,0.002
2025-07-23 16:00:00-06:00,,0.001,0.01,0.011,0.096,26.0,0.001
2025-07-23 17:00:00-06:00,,0.001,0.01,0.011,0.077,17.0,0.001
2025-07-23 18:00:00-06:00,,0.001,0.011,0.012,0.056,9.0,0.001
2025-07-23 19:00:00-06:00,,0.001,0.012,0.014,0.034,11.0,0.001
2025-07-23 20:00:00-06:00,,0.001,0.022,0.022,0.021,9.0,0.001
2025-07-23 21:00:00-06:00,,0.001,0.02,0.02,0.02,9.0,0.001
2025-07-23 22:00:00-06:00,,0.001,0.021,0.021,0.017,9.0,0.001
2025-07-23 23:00:00-06:00,,0.001,0.017,0.018,0.02,2.0,0.0
2025-07-24 00:00:00-06:00,,0.0,0.015,0.015,0.022,13.0,0.0
2025-07-24 01:00:00-06:00,,0.0,0.012,0.013,0.023,,0.0
2025-07-24 02:00:00-06:00,,0.0,0.01,0.01,0.027,12.0,0.0
2025-07-24 03:00:00-06:00,,0.0,0.006,0.006,0.03,6.0,0.0
2025-07-24 04:00:00-06:00,,0.0,0.006,0.007,0.029,2.0,0.0
2025-07-24 05:00:00-06:00,,0.0,0.006,0.006,0.028,2.0,0.0
2025-07-24 06:00:00-06:00,,0.0,0.01,0.011,0.022,5.0,0.0
2025-07-24 07:00:00-06:00,,0.001,0.017,0.018,0.015,3.0,0.001
2025-07-24 08:00:00-06:00,,0.006,0.02,0.026,0.014,5.0,0.001
2025-07-24 09:00:00-06:00,,0.013,0.022,0.034,0.016,10.0,0.001
2025-07-24 10:00:00-06:00,,0.011,0.019,0.031,0.027,12.0,0.001
2025-07-24 11:00:00-06:00,,0.007,0.017,0.024,0.043,8.0,0.001
2025-07-24 12:00:00-06:00,,0.004,0.015,0.019,0.061,17.0,0.001
2025-07-24 13:00:00-06:00,,0.003,0.016,0.018,0.083,17.0,0.001
2025-07-24 14:00:00-06:00,,0.002,0.016,0.018,0.103,17.0,0.001
2025-07-24 15:00:00-06:00,,0.001,0.012,0.013,0.096,18.0,0.001
2025-07-24 16:00:00-06:00,,0.001,0.013,0.014,0.073,15.0,0.001
2025-07-24 17:00:00-06:00,,0.001,0.015,0.016,0.081,8.0,0.001
2025-07-24 18:00:00-06:00,,0.001,0.014,0.015,0.075,12.0,0.001
2025-07-24 19:00:00-06:00,,0.001,0.016,0.018,0.043,9.0,0.001
2025-07-24 20:00:00-06:00,,0.001,0.017,0.018,0.035,15.0,0.0
2025-07-24 21:00:00-06:00,,0.0,0.015,0.015,0.033,11.0,0.0
2025-07-24 22:00:00-06:00,,0.0,0.015,0.015,0.032,2.0,0.0
2025-07-24 23:00:00-06:00,,0.001,0.018,0.019,0.024,6.0,0.0
2025-07-25 00:00:00-06:00,,0.001,0.017,0.018,0.018,,0.0
2025-07-25 01:00:00-06:00,,0.0,0.018,0.019,0.015,,0.0
2025-07-25 02:00:00-06:00,,0.001,0.015,0.016,0.016,12.0,0.0
2025-07-25 03:00:00-06:00,,0.0,0.014,0.015,0.018,4.0,0.001
2025-07-25 04:00:00-06:00,,0.001,0.011,0.011,0.017,13.0,0.0
2025-07-25 05:00:00-06:00,,0.0,0.009,0.009,0.017,4.0,0.0
2025-07-25 06:00:00-06:00,,0.001,0.01,0.012,0.008,8.0,0.0
2025-07-25 07:00:00-06:00,,0.004,0.016,0.02,0.006,8.0,0.0
2025-07-25 08:00:00-06:00,,0.028,0.019,0.048,0.008,5.0,0.001
2025-07-25 09:00:00-06:00,,0.014,0.016,0.03,0.025,7.0,0.001
2025-07-25 10:00:00-06:00,,0.005,0.011,0.015,0.042,11.0,0.001
2025-07-25 11:00:00-06:00,,0.003,0.011,0.014,0.051,11.0,0.001
2025-07-25 12:00:00-06:00,,0.002,0.011,0.013,0.066,8.0,0.001
2025-07-25 13:00:00-06:00,,0.001,0.008,0.009,0.083,12.0,0.001
2025-07-25 14:00:00-06:00,,0.001,0.009,0.01,0.098,12.0,0.0
2025-07-25 15:00:00-06:00,,0.001,0.014,0.015,0.12,9.0,0.001
2025-07-25 16:00:00-06:00,,0.001,0.016,0.016,0.111,12.0,0.001
2025-07-25 17:00:00-06:00,,0.0,0.014,0.014,0.068,22.0,0.002
2025-07-25 18:00:00-06:00,,0.001,0.019,0.019,0.057,16.0,0.002
2025-07-25 19:00:00-06:00,,0.0,0.016,0.017,0.049,9.0,0.001
2025-07-25 20:00:00-06:00,,0.0,0.017,0.017,0.048,9.0,0.001
2025-07-25 21:00:00-06:00,,0.0,0.017,0.017,0.042,9.0,0.001
2025-07-25 22:00:00-06:00,,0.0,0.018,0.019,0.037,5.0,0.001
2025-07-25 23:00:00-06:00,,0.001,0.019,0.02,0.035,4.0,0.001
2025-07-26 00:00:00-06:00,,0.001,0.025,0.025,0.027,7.0,0.001
2025-07-26 01:00:00-06:00,,0.001,0.025,0.026,0.023,,0.0
2025-07-26 02:00:00-06:00,,0.001,0.021,0.022,0.022,9.0,0.0
2025-07-26 03:00:00-06:00,,0.001,0.028,0.029,0.015,9.0,0.0
2025-07-26 04:00:00-06:00,,0.001,0.027,0.029,0.013,11.0,0.0
2025-07-26 05:00:00-06:00,,0.001,0.022,0.023,0.015,15.0,0.0
2025-07-26 06:00:00-06:00,,0.001,0.02,0.02,0.018,17.0,0.0
2025-07-26 07:00:00-06:00,,0.002,0.02,0.022,0.015,19.0,0.0
2025-07-26 08:00:00-06:00,,0.007,0.025,0.032,0.015,19.0,0.001
2025-07-26 09:00:00-06:00,,0.009,0.021,0.03,0.024,11.0,0.001
2025-07-26 10:00:00-06:00,,0.009,0.02,0.029,0.035,16.0,0.001
2025-07-26 11:00:00-06:00,,0.008,0.023,0.032,0.048,8.0,0.001
2025-07-26 12:00:00-06:00,,0.005,0.024,0.029,0.066,17.0,0.001
2025-07-26 13:00:00-06:00,,0.003,0.021,0.024,0.081,13.0,0.001
2025-07-26 14:00:00-06:00,,0.001,0.013,0.014,0.09,23.0,0.001
2025-07-26 15:00:00-06:00,,0.001,0.009,0.009,0.076,16.0,0.001
2025-07-26 16:00:00-06:00,,0.001,0.01,0.011,0.06,11.0,0.001
2025-07-26 17:00:00-06:00,,0.002,0.015,0.017,0.043,6.0,0.001
2025-07-26 18:00:00-06:00,,0.002,0.013,0.015,0.042,9.0,0.001
2025-07-26 19:00:00-06:00,,0.001,0.015,0.016,0.032,2.0,0.0
2025-07-26 20:00:00-06:00,,0.001,0.02,0.021,0.027,9.0,0.001
2025-07-26 21:00:00-06:00,,0.0,0.011,0.012,0.038,2.0,0.001
2025-07-26 22:00:00-06:00,,0.0,0.018,0.018,0.027,15.0,0.0
2025-07-26 23:00:00-06:00,,0.001,0.02,0.021,0.022,8.0,0.0
2025-07-27 00:00:00-06:00,,0.0,0.019,0.02,0.016,6.0,0.0
2025-07-27 01:00:00-06:00,,0.001,0.018,0.019,0.016,,0.0
2025-07-27 02:00:00-06:00,,0.001,0.014,0.015,0.017,4.0,0.0
2025-07-27 03:00:00-06:00,,0.0,0.011,0.011,0.022,2.0,0.0
2025-07-27 04:00:00-06:00,,0.0,0.009,0.01,0.022,6.0,0.0
2025-07-27 05:00:00-06:00,,0.0,0.009,0.01,0.023,6.0,0.001
2025-07-27 06:00:00-06:00,,0.0,0.01,0.01,0.021,3.0,0.001
2025-07-27 07:00:00-06:00,,0.001,0.01,0.011,0.022,5.0,0.001
2025-07-27 08:00:00-06:00,,0.002,0.009,0.011,0.024,8.0,0.001
2025-07-27 09:00:00-06:00,,0.004,0.008,0.012,0.029,5.0,0.001
2025-07-27 10:00:00-06:00,,0.004,0.01,0.013,0.031,4.0,0.001
2025-07-27 11:00:00-06:00,,0.003,0.01,0.013,0.039,8.0,0.001
2025-07-27 12:00:00-06:00,,0.003,0.01,0.013,0.045,9.0,0.001
2025-07-27 13:00:00-06:00,,0.002,0.013,0.015,0.051,13.0,0.0
2025-07-27 14:00:00-06:00,,0.002,0.01,0.011,0.063,9.0,0.001
2025-07-27 15:00:00-06:00,,0.002,0.011,0.012,0.067,12.0,0.001
2025-07-27 16:00:00-06:00,,0.001,0.01,0.011,0.065,12.0,0.001
2025-07-27 17:00:00-06:00,,0.001,0.01,0.011,0.058,11.0,0.001
2025-07-27 18:00:00-06:00,,0.001,0.01,0.011,0.044,13.0,0.001
2025-07-27 19:00:00-06:00,,0.002,0.013,0.015,0.022,6.0,0.001
2025-07-27 20:00:00-06:00,,0.001,0.014,0.015,0.017,6.0,0.0
2025-07-27 21:00:00-06:00,,0.001,0.017,0.018,0.01,6.0,0.0
2025-07-27 22:00:00-06:00,,0.001,0.019,0.021,0.007,3.0,0.0
2025-07-27 23:00:00-06:00,,0.001,0.018,0.019,0.008,5.0,0.0
2025-07-28 00:00:00-06:00,,,,,,3.0,
2025-07-28 02:00:00-06:00,,,,,,5.0,
2025-07-28 03:00:00-06:00,,,,,,6.0,
2025-07-28 04:00:00-06:00,,0.0,0.005,0.005,0.022,,0.001
2025-07-28 05:00:00-06:00,,0.0,0.005,0.006,0.019,1.0,0.001
2025-07-28 06:00:00-06:00,,0.001,0.009,0.009,0.014,9.0,0.001
2025-07-28 07:00:00-06:00,,0.002,0.013,0.014,0.014,7.0,0.002
2025-07-28 08:00:00-06:00,,0.006,0.015,0.02,0.014,8.0,0.003
2025-07-28 09:00:00-06:00,,0.009,0.013,0.023,0.017,11.0,0.006
2025-07-28 10:00:00-06:00,,0.01,0.013,0.023,0.023,8.0,0.008
2025-07-28 11:00:00-06:00,,0.008,0.013,0.021,0.034,14.0,0.005
2025-07-28 12:00:00-06:00,,0.007,0.016,0.022,0.047,16.0,0.001
2025-07-28 13:00:00-06:00,,0.003,0.013,0.016,0.061,13.0,0.001
2025-07-28 14:00:00-06:00,,0.003,0.013,0.015,0.059,15.0,0.001
2025-07-28 15:00:00-06:00,,0.003,0.011,0.014,0.052,13.0,0.001
2025-07-28 16:00:00-06:00,,0.002,0.01,0.012,0.054,16.0,0.001
2025-07-28 17:00:00-06:00,,0.001,0.017,0.018,0.032,8.0,0.001
2025-07-28 18:00:00-06:00,,0.002,0.02,0.021,0.024,11.0,0.0
2025-07-28 19:00:00-06:00,,0.002,0.024,0.026,0.019,8.0,0.0
2025-07-28 20:00:00-06:00,,0.001,0.022,0.023,0.018,5.0,0.0
2025-07-28 21:00:00-06:00,,0.012,0.037,0.048,0.003,8.0,0.001
2025-07-28 22:00:00-06:00,,0.002,0.026,0.028,0.008,7.0,0.0
2025-07-28 23:00:00-06:00,,0.002,0.026,0.029,0.005,11.0,0.0
2025-07-29 00:00:00-06:00,,0.002,0.024,0.026,0.007,9.0,0.0
2025-07-29 01:00:00-06:00,,0.001,0.016,0.017,0.013,,0.0
2025-07-29 02:00:00-06:00,,0.001,0.011,0.012,0.017,2.0,0.0
2025-07-29 03:00:00-06:00,,0.001,0.008,0.008,0.019,7.0,0.0
2025-07-29 04:00:00-06:00,,0.0,0.007,0.008,0.014,3.0,0.0
2025-07-29 05:00:00-06:00,,0.0,0.007,0.007,0.014,6.0,0.0
2025-07-29 06:00:00-06:00,,0.0,0.008,0.008,0.013,4.0,0.0
2025-07-29 07:00:00-06:00,,0.004,0.015,0.019,0.008,5.0,0.0
2025-07-29 08:00:00-06:00,,0.019,0.019,0.038,0.007,6.0,0.001
2025-07-29 09:00:00-06:00,,0.015,0.015,0.03,0.019,5.0,0.002
2025-07-29 10:00:00-06:00,,0.011,0.013,0.024,0.026,8.0,0.002
2025-07-29 11:00:00-06:00,,0.006,0.011,0.017,0.035,8.0,0.002
2025-07-29 12:00:00-06:00,,0.007,0.016,0.023,0.043,15.0,0.003
2025-07-29 17:00:00-06:00,,0.0,0.013,0.014,0.039,14.0,0.0
2025-07-29 18:00:00-06:00,,0.002,0.014,0.016,0.031,14.0,0.0
2025-07-29 19:00:00-06:00,,0.0,0.016,0.016,0.031,10.0,0.0
2025-07-29 20:00:00-06:00,,0.0,0.021,0.021,0.024,12.0,0.0
2025-07-29 21:00:00-06:00,,0.001,0.024,0.024,0.013,13.0,0.0
2025-07-29 22:00:00-06:00,,0.0,0.015,0.015,0.021,10.0,0.0
2025-07-29 23:00:00-06:00,,0.0,0.017,0.017,0.018,2.0,0.0
2025-07-30 00:00:00-06:00,,0.0,0.012,0.012,0.023,8.0,0.0
2025-07-30 01:00:00-06:00,,,0.009,0.009,0.027,,0.0
2025-07-30 02:00:00-06:00,,0.0,0.007,0.007,0.028,1.0,0.001
2025-07-30 03:00:00-06:00,,0.0,0.006,0.005,0.03,4.0,0.001
2025-07-30 04:00:00-06:00,,0.0,0.006,0.006,0.017,3.0,0.0
2025-07-30 05:00:00-06:00,,0.0,0.008,0.008,0.017,4.0,0.0
2025-07-30 06:00:00-06:00,,0.0,0.01,0.009,0.02,3.0,0.0
2025-07-30 07:00:00-06:00,,0.0,0.014,0.015,0.02,5.0,0.001
2025-07-30 08:00:00-06:00,,0.004,0.016,0.02,0.02,3.0,0.001
2025-07-30 09:00:00-06:00,,0.007,0.017,0.025,0.021,5.0,0.002
2025-07-30 10:00:00-06:00,,0.007,0.014,0.021,0.032,7.0,0.002
2025-07-30 11:00:00-06:00,,0.005,0.012,0.017,0.042,13.0,0.001
2025-07-30 12:00:00-06:00,,0.005,0.015,0.02,0.051,7.0,0.001
2025-07-30 13:00:00-06:00,,0.003,0.016,0.019,0.069,16.0,0.001
2025-07-30 14:00:00-06:00,,0.001,0.016,0.017,0.078,15.0,0.001
2025-07-30 15:00:00-06:00,,0.001,0.012,0.013,0.057,13.0,0.002
2025-07-30 16:00:00-06:00,,0.0,0.008,0.009,0.057,12.0,0.001
2025-07-30 17:00:00-06:00,,0.0,0.006,0.006,0.058,10.0,0.001
2025-07-30 18:00:00-06:00,,0.0,0.013,0.013,0.046,5.0,0.001
2025-07-30 19:00:00-06:00,,0.0,0.018,0.018,0.033,10.0,0.001
2025-07-30 20:00:00-06:00,,0.0,0.019,0.019,0.027,15.0,0.0
2025-07-30 21:00:00-06:00,,0.0,0.017,0.017,0.028,7.0,0.0
2025-07-30 22:00:00-06:00,,0.0,0.02,0.021,0.024,10.0,0.0
2025-07-30 23:00:00-06:00,,0.0,0.016,0.016,0.026,7.0,0.0
2025-07-31 00:00:00-06:00,,0.0,0.021,0.02,0.015,3.0,0.0
2025-07-31 01:00:00-06:00,,0.0,0.017,0.017,0.015,,0.0
2025-07-31 02:00:00-06:00,,0.0,0.013,0.013,0.017,4.0,0.0
2025-07-31 03:00:00-06:00,,0.0,0.01,0.01,0.017,8.0,0.0
2025-07-31 04:00:00-06:00,,0.0,0.009,0.009,0.016,8.0,0.0
2025-07-31 05:00:00-06:00,,0.0,0.009,0.008,0.012,4.0,0.0
2025-07-31 06:00:00-06:00,,0.001,0.012,0.013,0.007,7.0,0.0
2025-07-31 07:00:00-06:00,,0.011,0.019,0.03,0.003,7.0,0.0
2025-07-31 08:00:00-06:00,,0.016,0.017,0.033,0.009,7.0,0.001
2025-07-31 09:00:00-06:00,,0.009,0.017,0.026,0.018,10.0,0.0
2025-07-31 10:00:00-06:00,,0.006,0.015,0.021,0.026,12.0,0.0
2025-07-31 11:00:00-06:00,,0.015,0.024,0.039,0.028,12.0,0.001
2025-07-31 12:00:00-06:00,,0.011,0.028,0.039,0.041,14.0,0.001
2025-07-31 13:00:00-06:00,,0.005,0.024,0.029,0.058,25.0,0.001
2025-07-31 14:00:00-06:00,,0.002,0.021,0.024,0.072,24.0,0.001
2025-07-31 15:00:00-06:00,,0.001,0.018,0.019,0.061,20.0,0.002
2025-07-31 16:00:00-06:00,,0.004,0.022,0.027,0.032,16.0,0.003
2025-07-31 17:00:00-06:00,,0.005,0.018,0.022,0.028,12.0,0.004
2025-07-31 18:00:00-06:00,,0.001,0.013,0.015,0.034,4.0,0.002
2025-07-31 19:00:00-06:00,,0.001,0.031,0.033,0.02,9.0,0.001
2025-07-31 20:00:00-06:00,,0.0,0.024,0.025,0.019,14.0,0.001
2025-07-31 21:00:00-06:00,,0.0,0.023,0.023,0.021,12.0,0.001
2025-07-31 22:00:00-06:00,,0.0,0.027,0.027,0.018,6.0,0.001
2025-07-31 23:00:00-06:00,,0.0,0.021,0.02,0.019,2.0,0.001
2025-08-01 00:00:00-06:00,,0.0,0.019,0.019,0.016,5.0,0.001
2025-08-01 01:00:00-06:00,,0.0,0.019,0.019,0.016,,0.001
2025-08-01 02:00:00-06:00,,0.0,0.016,0.016,0.019,,0.001
2025-08-01 03:00:00-06:00,,0.0,0.02,0.02,0.013,5.0,0.001
2025-08-01 04:00:00-06:00,,0.0,0.017,0.017,0.013,5.0,0.001
2025-08-01 05:00:00-06:00,,0.0,0.016,0.016,0.013,7.0,0.001
2025-08-01 06:00:00-06:00,,0.001,0.021,0.021,0.008,8.0,0.001
2025-08-01 07:00:00-06:00,,0.011,0.023,0.034,0.004,9.0,0.001
2025-08-01 08:00:00-06:00,,0.04,0.027,0.067,0.003,10.0,0.002
2025-08-01 09:00:00-06:00,,0.023,0.022,0.045,0.009,12.0,0.001
2025-08-01 10:00:00-06:00,,0.018,0.02,0.038,0.019,11.0,0.001
2025-08-01 11:00:00-06:00,,0.012,0.018,0.031,0.029,9.0,0.001
2025-08-01 12:00:00-06:00,,0.005,0.015,0.02,0.046,13.0,0.001
2025-08-01 13:00:00-06:00,,0.002,0.014,0.016,0.063,9.0,0.001
2025-08-01 14:00:00-06:00,,0.001,0.013,0.014,0.07,14.0,0.001
2025-08-01 15:00:00-06:00,,0.001,0.016,0.017,0.082,8.0,0.001
2025-08-01 16:00:00-06:00,,0.001,0.023,0.024,0.047,10.0,0.001
2025-08-01 17:00:00-06:00,,0.002,0.024,0.026,0.018,16.0,0.0
2025-08-01 18:00:00-06:00,,0.005,0.022,0.027,0.016,7.0,0.0
2025-08-01 19:00:00-06:00,,0.002,0.02,0.023,0.016,7.0,0.0
2025-08-01 20:00:00-06:00,,0.006,0.028,0.034,0.004,8.0,0.001
2025-08-01 21:00:00-06:00,,0.004,0.025,0.029,0.008,7.0,0.0
2025-08-01 22:00:00-06:00,,0.001,0.017,0.017,0.012,7.0,0.0
2025-08-01 23:00:00-06:00,,0.0,0.01,0.01,0.02,8.0,0.0
2025-08-02 00:00:00-06:00,,0.009,0.015,0.025,0.007,7.0,0.0
2025-08-02 01:00:00-06:00,,0.027,0.018,0.045,0.002,,0.001
2025-08-02 02:00:00-06:00,,0.015,0.015,0.03,0.003,9.0,0.0
2025-08-02 03:00:00-06:00,,0.001,0.01,0.011,0.009,9.0,0.0
2025-08-02 04:00:00-06:00,,0.0,0.009,0.01,0.006,9.0,0.0
2025-08-02 05:00:00-06:00,,0.003,0.011,0.014,0.003,6.0,0.0
2025-08-02 06:00:00-06:00,,0.003,0.011,0.014,0.003,6.0,0.0
2025-08-02 07:00:00-06:00,,0.004,0.012,0.016,0.004,10.0,0.0
2025-08-02 08:00:00-06:00,,0.023,0.014,0.036,0.007,9.0,0.001
2025-08-02 09:00:00-06:00,,0.019,0.017,0.035,0.014,9.0,0.002
2025-08-02 10:00:00-06:00,,0.018,0.021,0.038,0.022,11.0,0.004
2025-08-02 11:00:00-06:00,,0.016,0.026,0.042,0.033,18.0,0.003
2025-08-02 12:00:00-06:00,,0.008,0.024,0.033,0.047,26.0,0.003
2025-08-02 13:00:00-06:00,,0.004,0.022,0.026,0.079,30.0,0.002
2025-08-02 22:00:00-06:00,,0.001,0.019,0.02,0.111,29.0,0.002
2025-08-02 23:00:00-06:00,,0.0,0.019,0.019,0.012,4.0,0.0
2025-08-03 00:00:00-06:00,,,,,,5.0,
2025-08-03 02:00:00-06:00,,,,,,4.0,
2025-08-03 03:00:00-06:00,,,,,,3.0,
2025-08-03 04:00:00-06:00,,0.001,0.015,0.016,0.004,9.0,0.0
2025-08-03 05:00:00-06:00,,0.0,0.01,0.01,0.005,5.0,0.0
2025-08-03 06:00:00-06:00,,0.0,0.009,0.009,0.006,9.0,0.0
2025-08-03 07:00:00-06:00,,0.001,0.011,0.012,0.006,12.0,0.0
2025-08-03 08:00:00-06:00,,0.011,0.016,0.028,0.006,8.0,0.001
2025-08-03 09:00:00-06:00,,0.01,0.015,0.025,0.018,11.0,0.001
2025-08-03 10:00:00-06:00,,0.004,0.011,0.015,0.034,15.0,0.001
2025-08-03 11:00:00-06:00,,0.003,0.011,0.014,0.046,20.0,0.001
2025-08-03 12:00:00-06:00,,0.002,0.012,0.014,0.062,17.0,0.001
2025-08-03 13:00:00-06:00,,0.001,0.01,0.011,0.075,24.0,0.001
2025-08-03 14:00:00-06:00,,0.0,0.009,0.01,0.092,14.0,0.001
2025-08-03 15:00:00-06:00,,0.0,0.01,0.009,0.1,14.0,0.001
2025-08-03 16:00:00-06:00,,0.0,0.008,0.008,0.084,11.0,0.001
2025-08-03 17:00:00-06:00,,0.0,0.008,0.008,0.075,10.0,0.001
2025-08-03 18:00:00-06:00,,0.0,0.009,0.009,0.069,6.0,0.01
2025-08-03 19:00:00-06:00,,0.0,0.009,0.009,0.052,8.0,0.006
2025-08-03 20:00:00-06:00,,0.0,0.011,0.01,0.032,25.0,0.0
2025-08-03 21:00:00-06:00,,0.0,0.011,0.011,0.027,8.0,0.0
2025-08-03 22:00:00-06:00,,0.0,0.014,0.014,0.022,4.0,0.001
2025-08-03 23:00:00-06:00,,0.0,0.02,0.02,0.018,5.0,0.001
2025-08-04 00:00:00-06:00,,0.0,0.015,0.015,0.022,7.0,0.0
2025-08-04 01:00:00-06:00,,0.0,0.011,0.01,0.025,,0.0
2025-08-04 02:00:00-06:00,,0.0,0.009,0.009,0.023,1.0,0.0
2025-08-04 03:00:00-06:00,,0.0,0.01,0.01,0.013,2.0,0.0
2025-08-04 04:00:00-06:00,,0.0,0.009,0.01,0.011,1.0,0.0
2025-08-04 05:00:00-06:00,,0.0,0.006,0.006,0.012,3.0,0.0
2025-08-04 06:00:00-06:00,,0.005,0.012,0.017,0.004,3.0,0.0
2025-08-04 07:00:00-06:00,,0.024,0.014,0.038,0.003,4.0,0.001
2025-08-04 08:00:00-06:00,,0.021,0.017,0.038,0.01,8.0,0.001
2025-08-04 09:00:00-06:00,,0.022,0.025,0.048,0.018,6.0,0.002
2025-08-04 10:00:00-06:00,,0.018,0.036,0.053,0.034,14.0,0.002
2025-08-04 11:00:00-06:00,,0.011,0.035,0.046,0.053,18.0,0.002
2025-08-04 12:00:00-06:00,,0.006,0.027,0.033,0.069,23.0,0.002
2025-08-04 13:00:00-06:00,,0.004,0.021,0.025,0.07,19.0,0.002
2025-08-04 14:00:00-06:00,,0.002,0.018,0.02,0.081,12.0,0.001
2025-08-04 15:00:00-06:00,,0.001,0.011,0.012,0.075,10.0,0.001
2025-08-04 16:00:00-06:00,,0.001,0.009,0.01,0.068,8.0,0.001
2025-08-04 17:00:00-06:00,,0.0,0.009,0.01,0.065,5.0,0.001
2025-08-04 18:00:00-06:00,,0.001,0.01,0.01,0.05,9.0,0.001
2025-08-04 19:00:00-06:00,,0.0,0.013,0.013,0.031,3.0,0.001
2025-08-04 20:00:00-06:00,,0.001,0.017,0.018,0.024,9.0,0.001
2025-08-04 21:00:00-06:00,,0.0,0.013,0.014,0.021,4.0,0.0
2025-08-04 22:00:00-06:00,,0.0,0.014,0.014,0.021,4.0,0.001
2025-08-04 23:00:00-06:00,,0.0,0.02,0.02,0.014,6.0,0.001
2025-08-05 00:00:00-06:00,,0.0,0.019,0.019,0.012,6.0,0.001
2025-08-05 01:00:00-06:00,,0.0,0.009,0.009,0.022,,0.0
2025-08-05 02:00:00-06:00,,0.0,0.006,0.006,0.025,7.0,0.0
2025-08-05 03:00:00-06:00,,0.0,0.007,0.006,0.025,3.0,0.0
2025-08-05 04:00:00-06:00,,0.0,0.006,0.006,0.025,2.0,0.0
2025-08-05 05:00:00-06:00,,0.0,0.006,0.005,0.024,5.0,0.0
2025-08-05 06:00:00-06:00,,0.0,0.009,0.009,0.01,5.0,0.0
2025-08-05 07:00:00-06:00,,0.008,0.013,0.021,0.004,5.0,0.0
2025-08-05 08:00:00-06:00,,0.019,0.017,0.036,0.01,4.0,0.001
2025-08-05 09:00:00-06:00,,0.007,0.012,0.019,0.025,7.0,0.001
2025-08-05 10:00:00-06:00,,0.007,0.015,0.022,0.032,7.0,0.001
2025-08-05 11:00:00-06:00,,0.005,0.015,0.021,0.045,8.0,0.002
2025-08-05 12:00:00-06:00,,0.003,0.016,0.019,0.062,11.0,0.001
2025-08-05 13:00:00-06:00,,0.003,0.021,0.024,0.077,12.0,0.001
2025-08-05 14:00:00-06:00,,0.001,0.013,0.014,0.086,13.0,0.001
2025-08-05 15:00:00-06:00,,0.001,0.01,0.01,0.09,16.0,0.004
2025-08-05 16:00:00-06:00,,0.001,0.014,0.014,0.084,8.0,0.003
2025-08-05 17:00:00-06:00,,0.0,0.012,0.012,0.088,11.0,0.001
2025-08-05 18:00:00-06:00,,0.0,0.012,0.012,0.059,13.0,0.002
2025-08-05 19:00:00-06:00,,0.0,0.014,0.015,0.036,10.0,0.001
2025-08-05 20:00:00-06:00,,0.0,0.017,0.017,0.024,10.0,0.0
2025-08-05 21:00:00-06:00,,0.0,0.012,0.012,0.03,14.0,0.001
2025-08-05 22:00:00-06:00,,0.0,0.013,0.013,0.03,9.0,0.001
2025-08-05 23:00:00-06:00,,0.0,0.016,0.016,0.029,4.0,0.0
2025-08-06 00:00:00-06:00,,0.0,0.014,0.014,0.025,1.0,0.0
2025-08-06 01:00:00-06:00,,0.0,0.013,0.012,0.023,,0.0
2025-08-06 02:00:00-06:00,,0.0,0.009,0.009,0.022,5.0,0.0
2025-08-06 03:00:00-06:00,,0.0,0.008,0.007,0.022,4.0,0.0
2025-08-06 04:00:00-06:00,,,0.008,0.008,0.02,2.0,0.0
2025-08-06 05:00:00-06:00,,0.0,0.008,0.008,0.018,8.0,0.0
2025-08-06 06:00:00-06:00,,0.0,0.009,0.009,0.016,5.0,0.0
2025-08-06 07:00:00-06:00,,0.001,0.014,0.015,0.012,5.0,0.0
2025-08-06 08:00:00-06:00,,0.01,0.018,0.028,0.009,9.0,0.001
2025-08-06 09:00:00-06:00,,0.012,0.016,0.028,0.013,9.0,0.001
2025-08-06 10:00:00-06:00,,0.01,0.012,0.021,0.021,4.0,0.001
2025-08-06 11:00:00-06:00,,0.009,0.015,0.025,0.028,10.0,0.001
2025-08-06 12:00:00-06:00,,0.007,0.017,0.024,0.039,9.0,0.001
2025-08-06 13:00:00-06:00,,0.003,0.016,0.018,0.044,10.0,0.001
2025-08-06 14:00:00-06:00,,0.002,0.013,0.015,0.046,14.0,0.001
2025-08-06 15:00:00-06:00,,0.001,0.012,0.012,0.036,7.0,0.0
2025-08-06 16:00:00-06:00,,0.002,0.017,0.019,0.023,7.0,0.001
2025-08-06 17:00:00-06:00,,0.002,0.014,0.017,0.024,4.0,0.0
2025-08-06 18:00:00-06:00,,0.002,0.014,0.016,0.024,1.0,0.001
2025-08-06 19:00:00-06:00,,0.001,0.015,0.016,0.02,3.0,0.001
2025-08-06 20:00:00-06:00,,0.001,0.02,0.021,0.013,4.0,0.001
2025-08-06 21:00:00-06:00,,0.002,0.024,0.026,0.007,7.0,0.001
2025-08-06 22:00:00-06:00,,0.007,0.028,0.034,0.002,7.0,0.001
2025-08-06 23:00:00-06:00,,0.007,0.026,0.033,0.003,6.0,0.001
2025-08-07 00:00:00-06:00,,0.001,0.02,0.02,0.007,11.0,0.0
2025-08-07 01:00:00-06:00,,0.0,0.014,0.014,0.011,,0.0
2025-08-07 02:00:00-06:00,,0.0,0.011,0.011,0.012,,0.001
2025-08-07 03:00:00-06:00,,0.0,0.009,0.009,0.013,7.0,0.001
2025-08-07 04:00:00-06:00,,0.0,0.009,0.009,0.011,3.0,0.0
2025-08-07 05:00:00-06:00,,0.0,0.01,0.01,0.01,6.0,0.001
2025-08-07 06:00:00-06:00,,0.001,0.012,0.013,0.006,5.0,0.001
2025-08-07 07:00:00-06:00,,0.034,0.017,0.052,0.002,8.0,0.001
2025-08-07 08:00:00-06:00,,0.034,0.02,0.054,0.004,9.0,0.001
2025-08-07 09:00:00-06:00,,0.029,0.019,0.049,0.008,7.0,0.002
2025-08-07 10:00:00-06:00,,0.018,0.018,0.036,0.02,14.0,0.001
2025-08-07 11:00:00-06:00,,0.01,0.017,0.027,0.033,10.0,0.001
2025-08-07 12:00:00-06:00,,0.004,0.014,0.019,0.043,14.0,0.001
2025-08-07 13:00:00-06:00,,0.003,0.012,0.015,0.047,9.0,0.001
2025-08-07 14:00:00-06:00,,0.0,0.006,0.007,0.056,12.0,0.001
2025-08-07 15:00:00-06:00,,0.0,0.013,0.014,0.078,5.0,0.001
2025-08-07 16:00:00-06:00,,0.001,0.019,0.02,0.07,12.0,0.001
2025-08-07 17:00:00-06:00,,0.001,0.02,0.02,0.052,18.0,0.001
2025-08-07 18:00:00-06:00,,0.001,0.024,0.025,0.052,21.0,0.001
2025-08-07 19:00:00-06:00,,0.002,0.034,0.035,0.035,17.0,0.001
2025-08-07 20:00:00-06:00,,0.001,0.037,0.038,0.029,11.0,0.001
2025-08-07 21:00:00-06:00,,0.0,0.023,0.023,0.032,18.0,0.001
2025-08-07 22:00:00-06:00,,0.001,0.033,0.035,0.014,9.0,0.001
2025-08-07 23:00:00-06:00,,0.011,0.041,0.052,0.003,9.0,0.001
2025-08-08 00:00:00-06:00,,0.005,0.035,0.04,0.006,11.0,0.001
2025-08-08 01:00:00-06:00,,0.002,0.032,0.034,0.006,,0.001
2025-08-08 02:00:00-06:00,,0.006,0.03,0.036,0.002,9.0,0.001
2025-08-08 03:00:00-06:00,,0.009,0.027,0.036,0.002,17.0,0.001
2025-08-08 04:00:00-06:00,,0.007,0.028,0.034,0.002,10.0,0.001
2025-08-08 05:00:00-06:00,,0.007,0.024,0.031,0.002,11.0,0.001
2025-08-08 06:00:00-06:00,,0.012,0.016,0.028,0.002,13.0,0.001
2025-08-08 07:00:00-06:00,,0.035,0.017,0.052,0.003,13.0,0.001
2025-08-08 08:00:00-06:00,,0.046,0.022,0.068,0.006,12.0,0.002
2025-08-08 09:00:00-06:00,,0.017,0.022,0.039,0.019,15.0,0.002
2025-08-08 10:00:00-06:00,,0.011,0.021,0.032,0.03,15.0,0.001
2025-08-08 11:00:00-06:00,,0.007,0.02,0.026,0.047,20.0,0.001
2025-08-08 12:00:00-06:00,,0.003,0.014,0.017,0.067,21.0,0.001
2025-08-08 13:00:00-06:00,,0.002,0.017,0.019,0.092,16.0,0.001
2025-08-08 14:00:00-06:00,,0.001,0.024,0.025,0.106,20.0,0.001
2025-08-08 15:00:00-06:00,,0.0,0.018,0.019,0.101,19.0,0.002
2025-08-08 16:00:00-06:00,,0.0,0.023,0.023,0.081,26.0,0.001
2025-08-08 17:00:00-06:00,,0.001,0.023,0.023,0.072,19.0,0.001
2025-08-08 19:00:00-06:00,,0.0,0.022,0.022,0.033,19.0,0.001
2025-08-08 20:00:00-06:00,,0.034,0.048,0.083,0.006,13.0,0.002
2025-08-08 21:00:00-06:00,,0.033,0.05,0.083,0.002,23.0,0.002
2025-08-08 22:00:00-06:00,,0.05,0.039,0.089,0.002,22.0,0.002
2025-08-08 23:00:00-06:00,,0.033,0.034,0.067,0.003,20.0,0.001
2025-08-09 00:00:00-06:00,,,,,,19.0,
2025-08-09 02:00:00-06:00,,,,,,17.0,
2025-08-09 03:00:00-06:00,,,,,,10.0,
2025-08-09 04:00:00-06:00,,0.001,0.014,0.014,0.007,6.0,0.0
2025-08-09 05:00:00-06:00,,0.0,0.011,0.011,0.009,7.0,0.0
2025-08-09 06:00:00-06:00,,0.001,0.012,0.012,0.005,8.0,0.0
2025-08-09 07:00:00-06:00,,0.005,0.014,0.019,0.004,6.0,0.0
2025-08-09 08:00:00-06:00,,0.035,0.018,0.054,0.005,8.0,0.001
2025-08-09 09:00:00-06:00,,0.033,0.029,0.062,0.015,5.0,0.002
2025-08-09 10:00:00-06:00,,0.013,0.025,0.038,0.033,18.0,0.007
2025-08-09 11:00:00-06:00,,0.009,0.031,0.04,0.054,22.0,0.01
2025-08-09 12:00:00-06:00,,0.005,0.028,0.033,0.08,31.0,0.01
2025-08-09 13:00:00-06:00,,0.002,0.022,0.023,0.1,30.0,0.007
2025-08-09 14:00:00-06:00,,0.001,0.016,0.017,0.109,30.0,0.005
2025-08-09 15:00:00-06:00,,0.0,0.016,0.016,0.121,24.0,0.008
2025-08-09 16:00:00-06:00,,0.0,0.012,0.012,0.1,27.0,0.008
2025-08-09 17:00:00-06:00,,0.0,0.014,0.014,0.078,27.0,0.004
2025-08-09 18:00:00-06:00,,0.0,0.012,0.011,0.063,28.0,0.002
2025-08-09 19:00:00-06:00,,0.0,0.014,0.014,0.053,24.0,0.001
2025-08-09 20:00:00-06:00,,0.0,0.017,0.017,0.044,17.0,0.001
2025-08-09 21:00:00-06:00,,0.0,0.016,0.016,0.042,12.0,0.002
2025-08-09 22:00:00-06:00,,0.0,0.016,0.016,0.031,7.0,0.001
2025-08-09 23:00:00-06:00,,0.0,0.024,0.024,0.017,8.0,0.001
2025-08-10 00:00:00-06:00,,0.0,0.019,0.019,0.02,9.0,0.001
2025-08-10 01:00:00-06:00,,0.0,0.018,0.019,0.014,,0.001
2025-08-10 02:00:00-06:00,,0.0,0.018,0.019,0.009,13.0,0.001
2025-08-10 03:00:00-06:00,,0.0,0.016,0.016,0.007,10.0,0.0
2025-08-10 04:00:00-06:00,,0.003,0.019,0.022,0.003,12.0,0.0
2025-08-10 05:00:00-06:00,,0.002,0.018,0.02,0.003,12.0,0.0
2025-08-10 06:00:00-06:00,,0.003,0.015,0.018,0.003,17.0,0.0
2025-08-10 07:00:00-06:00,,0.003,0.013,0.017,0.004,16.0,0.0
2025-08-10 08:00:00-06:00,,0.008,0.012,0.02,0.01,15.0,0.0
2025-08-10 09:00:00-06:00,,0.015,0.023,0.038,0.019,10.0,0.002
2025-08-10 10:00:00-06:00,,0.011,0.026,0.038,0.036,20.0,0.002
2025-08-10 11:00:00-06:00,,0.007,0.026,0.032,0.06,26.0,0.002
2025-08-10 12:00:00-06:00,,0.002,0.019,0.021,0.084,30.0,0.001
2025-08-10 13:00:00-06:00,,0.0,0.015,0.015,0.085,26.0,0.001
2025-08-10 14:00:00-06:00,,0.0,0.014,0.014,0.115,25.0,0.002
2025-08-10 15:00:00-06:00,,0.0,0.013,0.013,0.125,16.0,0.002
2025-08-10 16:00:00-06:00,,0.0,0.013,0.013,0.128,19.0,0.003
2025-08-10 17:00:00-06:00,,,0.012,0.011,0.124,22.0,0.002
2025-08-10 18:00:00-06:00,,0.0,0.013,0.013,0.06,30.0,0.001
2025-08-10 19:00:00-06:00,,,0.01,0.009,0.062,21.0,0.0
2025-08-10 20:00:00-06:00,,0.0,0.016,0.016,0.046,16.0,0.001
2025-08-10 21:00:00-06:00,,0.0,0.013,0.013,0.045,16.0,0.001
2025-08-10 22:00:00-06:00,,0.0,0.015,0.015,0.04,14.0,0.002
2025-08-10 23:00:00-06:00,,0.0,0.026,0.026,0.023,9.0,0.001
2025-08-11 00:00:00-06:00,,0.0,0.026,0.026,0.019,7.0,0.0
2025-08-11 01:00:00-06:00,,0.0,0.022,0.022,0.012,,0.0
2025-08-11 02:00:00-06:00,,0.0,0.016,0.016,0.014,17.0,0.0
2025-08-11 03:00:00-06:00,,0.0,0.009,0.009,0.019,7.0,0.0
2025-08-11 04:00:00-06:00,,0.0,0.014,0.014,0.01,4.0,0.0
2025-08-11 05:00:00-06:00,,0.0,0.016,0.016,0.005,4.0,0.0
2025-08-11 06:00:00-06:00,,0.006,0.017,0.023,0.003,10.0,0.0
2025-08-11 07:00:00-06:00,,0.036,0.016,0.052,0.002,7.0,0.001
2025-08-11 08:00:00-06:00,,0.057,0.018,0.075,0.003,9.0,0.001
2025-08-11 09:00:00-06:00,,0.012,0.019,0.031,0.028,11.0,0.001
2025-08-11 10:00:00-06:00,,0.012,0.026,0.038,0.034,20.0,0.001
2025-08-11 11:00:00-06:00,,0.009,0.027,0.035,0.052,25.0,0.001
2025-08-11 12:00:00-06:00,,0.006,0.029,0.035,0.075,23.0,0.001
2025-08-11 13:00:00-06:00,,0.002,0.019,0.021,0.084,27.0,0.001
2025-08-11 14:00:00-06:00,,0.0,0.013,0.013,0.089,16.0,0.001
2025-08-11 15:00:00-06:00,,0.0,0.014,0.014,0.103,10.0,0.001
2025-08-11 16:00:00-06:00,,0.0,0.017,0.017,0.125,11.0,0.002
2025-08-11 17:00:00-06:00,,0.0,0.02,0.02,0.124,20.0,0.002
2025-08-11 18:00:00-06:00,,0.001,0.019,0.02,0.069,24.0,0.001
2025-08-11 19:00:00-06:00,,0.0,0.022,0.022,0.054,20.0,0.001
2025-08-11 20:00:00-06:00,,0.0,0.023,0.023,0.051,20.0,0.001
2025-08-11 21:00:00-06:00,,0.002,0.045,0.047,0.019,13.0,0.001
2025-08-11 22:00:00-06:00,,0.003,0.047,0.05,0.012,15.0,0.0
2025-08-11 23:00:00-06:00,,0.004,0.047,0.052,0.01,20.0,0.007
2025-08-12 00:00:00-06:00,,0.0,0.012,0.012,0.042,19.0,0.012
2025-08-12 01:00:00-06:00,,,0.006,0.006,0.046,,0.001
2025-08-12 02:00:00-06:00,,,0.009,0.008,0.037,9.0,0.001
2025-08-12 03:00:00-06:00,,0.0,0.007,0.007,0.042,9.0,0.002
2025-08-12 04:00:00-06:00,,,0.006,0.005,0.04,8.0,0.004
2025-08-12 05:00:00-06:00,,0.0,0.009,0.008,0.034,10.0,0.004
2025-08-12 06:00:00-06:00,,0.0,0.012,0.012,0.03,5.0,0.004
2025-08-12 07:00:00-06:00,,0.001,0.017,0.017,0.021,13.0,0.004
2025-08-12 08:00:00-06:00,,0.01,0.031,0.04,0.012,8.0,0.006
2025-08-12 09:00:00-06:00,,0.014,0.029,0.043,0.016,13.0,0.007
2025-08-12 10:00:00-06:00,,0.009,0.021,0.03,0.023,12.0,0.006
2025-08-12 11:00:00-06:00,,0.012,0.021,0.033,0.034,22.0,0.004
2025-08-12 12:00:00-06:00,,0.005,0.021,0.026,0.061,14.0,0.004
2025-08-12 13:00:00-06:00,,0.002,0.019,0.02,0.096,22.0,0.004
2025-08-12 14:00:00-06:00,,0.001,0.015,0.015,0.103,25.0,0.002
2025-08-12 15:00:00-06:00,,0.001,0.015,0.016,0.101,17.0,0.001
2025-08-12 16:00:00-06:00,,0.0,0.013,0.013,0.087,20.0,0.001
2025-08-12 17:00:00-06:00,,0.001,0.014,0.015,0.076,14.0,0.001
2025-08-12 18:00:00-06:00,,0.001,0.019,0.019,0.052,14.0,0.001
2025-08-12 19:00:00-06:00,,0.0,0.02,0.02,0.038,16.0,0.001
2025-08-12 20:00:00-06:00,,0.0,0.025,0.025,0.036,12.0,0.0
2025-08-12 21:00:00-06:00,,0.0,0.031,0.032,0.017,11.0,0.0
2025-08-12 22:00:00-06:00,,0.0,0.027,0.027,0.015,15.0,0.0
2025-08-12 23:00:00-06:00,,0.0,0.025,0.025,0.015,5.0,0.0
2025-08-13 00:00:00-06:00,,0.0,0.021,0.021,0.013,8.0,0.0
2025-08-13 01:00:00-06:00,,0.0,0.014,0.014,0.018,,0.0
2025-08-13 02:00:00-06:00,,0.0,0.015,0.015,0.015,4.0,0.001
2025-08-13 03:00:00-06:00,,0.0,0.014,0.013,0.014,8.0,0.004
2025-08-13 04:00:00-06:00,,0.0,0.014,0.014,0.014,7.0,0.002
2025-08-13 05:00:00-06:00,,0.0,0.012,0.012,0.016,12.0,0.0
2025-08-13 06:00:00-06:00,,0.001,0.012,0.012,0.016,12.0,0.0
2025-08-13 07:00:00-06:00,,0.003,0.017,0.021,0.009,12.0,0.0
2025-08-13 08:00:00-06:00,,0.011,0.017,0.028,0.015,9.0,0.001
2025-08-13 09:00:00-06:00,,0.01,0.018,0.029,0.019,12.0,0.001
2025-08-13 10:00:00-06:00,,0.006,0.014,0.02,0.033,7.0,0.0
2025-08-13 11:00:00-06:00,,0.007,0.019,0.026,0.043,14.0,0.0
2025-08-13 12:00:00-06:00,,0.006,0.021,0.027,0.056,15.0,0.0
2025-08-13 13:00:00-06:00,,0.003,0.021,0.024,0.079,22.0,0.001
2025-08-13 14:00:00-06:00,,0.002,0.021,0.023,0.099,19.0,0.001
2025-08-13 15:00:00-06:00,,0.0,0.017,0.018,0.11,20.0,0.001
2025-08-13 16:00:00-06:00,,0.0,0.017,0.017,0.096,17.0,0.001
2025-08-13 17:00:00-06:00,,0.0,0.019,0.019,0.062,18.0,0.0
2025-08-13 18:00:00-06:00,,0.0,0.023,0.023,0.043,14.0,0.0
2025-08-13 19:00:00-06:00,,0.0,0.026,0.026,0.031,13.0,0.001
2025-08-13 20:00:00-06:00,,0.0,0.02,0.02,0.026,7.0,0.002
2025-08-13 21:00:00-06:00,,0.005,0.034,0.039,0.008,5.0,0.001
2025-08-13 22:00:00-06:00,,0.011,0.034,0.045,0.003,8.0,0.001
2025-08-13 23:00:00-06:00,,0.024,0.031,0.055,0.002,10.0,0.001
2025-08-14 00:00:00-06:00,,0.012,0.03,0.042,0.002,10.0,0.001
2025-08-14 01:00:00-06:00,,0.003,0.022,0.025,0.006,,0.0
2025-08-14 02:00:00-06:00,,0.0,0.016,0.016,0.008,11.0,0.0
2025-08-14 03:00:00-06:00,,0.0,0.013,0.013,0.008,7.0,0.0
2025-08-14 04:00:00-06:00,,0.0,0.009,0.009,0.011,7.0,0.0
2025-08-14 05:00:00-06:00,,0.0,0.011,0.011,0.007,6.0,0.0
2025-08-14 06:00:00-06:00,,0.002,0.013,0.015,0.003,10.0,0.0
2025-08-14 07:00:00-06:00,,0.031,0.014,0.045,0.002,10.0,0.001
2025-08-14 08:00:00-06:00,,0.066,0.019,0.084,0.004,12.0,0.001
2025-08-14 09:00:00-06:00,,0.022,0.023,0.045,0.017,9.0,0.001
2025-08-14 10:00:00-06:00,,0.011,0.019,0.03,0.03,18.0,0.001
2025-08-14 11:00:00-06:00,,0.005,0.015,0.019,0.051,16.0,0.0
2025-08-14 12:00:00-06:00,,0.001,0.011,0.013,0.07,18.0,0.0
2025-08-14 13:00:00-06:00,,0.001,0.012,0.013,0.088,18.0,0.0
2025-08-14 14:00:00-06:00,,0.001,0.015,0.016,0.099,16.0,0.0
2025-08-14 15:00:00-06:00,,0.0,0.014,0.014,0.097,17.0,0.0
2025-08-14 16:00:00-06:00,,0.001,0.017,0.017,0.062,13.0,0.0
2025-08-14 17:00:00-06:00,,0.002,0.015,0.016,0.045,17.0,0.002
2025-08-14 18:00:00-06:00,,0.001,0.014,0.016,0.045,17.0,0.001
2025-08-14 19:00:00-06:00,,0.0,0.017,0.017,0.048,11.0,0.0
2025-08-14 20:00:00-06:00,,0.0,0.018,0.018,0.043,18.0,0.0
2025-08-14 21:00:00-06:00,,0.002,0.03,0.032,0.027,13.0,0.0
2025-08-14 22:00:00-06:00,,0.0,0.017,0.017,0.036,13.0,0.001
2025-08-14 23:00:00-06:00,,0.0,0.021,0.021,0.026,9.0,0.001
2025-08-15 00:00:00-06:00,,,,,,8.0,
2025-08-15 02:00:00-06:00,,,,,,4.0,
2025-08-15 04:00:00-06:00,,0.0,0.01,0.01,0.024,3.0,0.001
2025-08-15 05:00:00-06:00,,0.0,0.011,0.011,0.021,4.0,0.001
2025-08-15 06:00:00-06:00,,0.0,0.01,0.01,0.02,1.0,0.0
2025-08-15 07:00:00-06:00,,0.01,0.021,0.031,0.007,6.0,0.0
2025-08-15 08:00:00-06:00,,0.023,0.027,0.05,0.006,6.0,0.001
2025-08-15 09:00:00-06:00,,0.017,0.031,0.047,0.013,7.0,0.001
2025-08-15 10:00:00-06:00,,0.017,0.033,0.051,0.015,8.0,0.002
2025-08-15 11:00:00-06:00,,0.017,0.031,0.047,0.027,12.0,0.001
2025-08-15 12:00:00-06:00,,0.009,0.021,0.03,0.045,16.0,0.001
2025-08-15 13:00:00-06:00,,0.003,0.013,0.016,0.051,10.0,0.0
2025-08-15 14:00:00-06:00,,0.001,0.008,0.01,0.047,11.0,0.0
2025-08-15 15:00:00-06:00,,0.001,0.007,0.008,0.051,4.0,0.0
2025-08-15 16:00:00-06:00,,0.001,0.008,0.008,0.052,4.0,0.0
2025-08-15 17:00:00-06:00,,0.001,0.008,0.009,0.05,6.0,0.001
2025-08-15 18:00:00-06:00,,0.002,0.014,0.017,0.039,6.0,0.003
2025-08-15 19:00:00-06:00,,0.003,0.019,0.022,0.03,8.0,0.004
2025-08-15 20:00:00-06:00,,0.001,0.023,0.024,0.019,15.0,0.001
2025-08-15 21:00:00-06:00,,0.001,0.031,0.032,0.011,13.0,0.0
2025-08-15 22:00:00-06:00,,0.006,0.032,0.038,0.007,6.0,0.0
2025-08-15 23:00:00-06:00,,0.015,0.035,0.05,0.002,8.0,0.001
2025-08-16 00:00:00-06:00,,0.016,0.031,0.046,0.002,10.0,0.001
2025-08-16 01:00:00-06:00,,0.013,0.035,0.049,0.002,,0.001
2025-08-16 02:00:00-06:00,,0.016,0.027,0.043,0.002,9.0,0.001
2025-08-16 03:00:00-06:00,,0.012,0.021,0.033,0.002,11.0,0.0
2025-08-16 04:00:00-06:00,,0.005,0.017,0.022,0.003,8.0,0.0
2025-08-16 05:00:00-06:00,,0.002,0.016,0.019,0.003,7.0,0.0
2025-08-16 06:00:00-06:00,,0.004,0.016,0.021,0.003,10.0,0.0
2025-08-16 07:00:00-06:00,,0.01,0.019,0.028,0.003,7.0,0.0
2025-08-16 08:00:00-06:00,,0.02,0.019,0.04,0.008,7.0,0.001
2025-08-16 09:00:00-06:00,,0.019,0.024,0.043,0.019,9.0,0.001
2025-08-16 10:00:00-06:00,,0.009,0.023,0.032,0.041,12.0,0.001
2025-08-16 11:00:00-06:00,,0.007,0.024,0.03,0.057,21.0,0.001
2025-08-16 12:00:00-06:00,,0.004,0.02,0.024,0.066,20.0,0.001
2025-08-16 13:00:00-06:00,,0.002,0.018,0.02,0.076,20.0,0.001
2025-08-16 14:00:00-06:00,,0.001,0.014,0.014,0.081,15.0,0.001
2025-08-16 15:00:00-06:00,,0.0,0.01,0.01,0.06,13.0,0.0
2025-08-16 16:00:00-06:00,,0.001,0.007,0.008,0.044,12.0,0.0
2025-08-16 17:00:00-06:00,,0.001,0.006,0.007,0.042,1.0,0.0
2025-08-16 18:00:00-06:00,,0.001,0.008,0.009,0.039,2.0,0.0
2025-08-16 19:00:00-06:00,,0.0,0.009,0.01,0.036,4.0,0.0
2025-08-16 20:00:00-06:00,,0.0,0.013,0.014,0.029,7.0,0.0
2025-08-16 21:00:00-06:00,,0.0,0.01,0.009,0.029,10.0,0.0
2025-08-16 22:00:00-06:00,,0.0,0.017,0.017,0.02,,0.0
2025-08-16 23:00:00-06:00,,0.0,0.022,0.022,0.014,7.0,0.0
2025-08-17 00:00:00-06:00,,0.0,0.016,0.016,0.023,10.0,0.0
2025-08-17 01:00:00-06:00,,0.0,0.013,0.012,0.029,,0.0
2025-08-17 02:00:00-06:00,,0.0,0.01,0.009,0.028,12.0,0.0
2025-08-17 03:00:00-06:00,,0.0,0.011,0.011,0.015,8.0,0.0
2025-08-17 04:00:00-06:00,,0.0,0.009,0.008,0.013,7.0,0.0
2025-08-17 05:00:00-06:00,,0.0,0.009,0.009,0.012,7.0,0.0
2025-08-17 06:00:00-06:00,,0.0,0.008,0.008,0.012,8.0,0.001
2025-08-17 07:00:00-06:00,,0.001,0.009,0.01,0.01,13.0,0.001
2025-08-17 08:00:00-06:00,,0.006,0.012,0.018,0.014,10.0,0.004
2025-08-17 09:00:00-06:00,,0.005,0.012,0.017,0.026,8.0,0.027
2025-08-17 10:00:00-06:00,,0.005,0.011,0.017,0.032,12.0,0.03
2025-08-17 11:00:00-06:00,,0.004,0.012,0.016,0.045,17.0,0.018
2025-08-17 12:00:00-06:00,,0.002,0.012,0.014,0.062,24.0,0.005
2025-08-17 13:00:00-06:00,,0.001,0.012,0.014,0.082,20.0,0.003
2025-08-17 14:00:00-06:00,,0.0,0.009,0.009,0.085,19.0,0.002
2025-08-17 15:00:00-06:00,,0.0,0.007,0.007,0.08,12.0,0.001
2025-08-17 16:00:00-06:00,,0.0,0.007,0.007,0.065,9.0,0.0
2025-08-17 17:00:00-06:00,,0.0,0.006,0.006,0.055,11.0,0.0
2025-08-17 18:00:00-06:00,,0.0,0.007,0.007,0.048,5.0,0.0
2025-08-17 19:00:00-06:00,,0.0,0.008,0.008,0.041,7.0,0.0
2025-08-17 20:00:00-06:00,,0.0,0.009,0.008,0.034,3.0,0.0
2025-08-17 21:00:00-06:00,,0.0,0.01,0.01,0.03,10.0,0.0
2025-08-17 22:00:00-06:00,,0.0,0.009,0.009,0.035,10.0,0.0
2025-08-17 23:00:00-06:00,,0.0,0.011,0.01,0.026,6.0,0.0
2025-08-18 00:00:00-06:00,,0.0,0.016,0.016,0.02,3.0,0.0
2025-08-18 01:00:00-06:00,,0.0,0.013,0.013,0.019,,0.0
2025-08-18 02:00:00-06:00,,0.0,0.012,0.012,0.018,,0.0
2025-08-18 03:00:00-06:00,,0.0,0.01,0.01,0.017,7.0,0.0
2025-08-18 04:00:00-06:00,,0.0,0.01,0.01,0.018,7.0,0.0
2025-08-18 05:00:00-06:00,,0.0,0.007,0.007,0.021,7.0,0.001
2025-08-18 06:00:00-06:00,,0.0,0.011,0.011,0.019,9.0,0.001
2025-08-18 07:00:00-06:00,,0.002,0.02,0.022,0.009,9.0,0.0
2025-08-18 08:00:00-06:00,,0.007,0.02,0.027,0.012,9.0,0.001
2025-08-18 09:00:00-06:00,,0.008,0.013,0.021,0.023,11.0,0.001
2025-08-18 10:00:00-06:00,,0.007,0.014,0.021,0.031,7.0,0.001
2025-08-18 11:00:00-06:00,,0.005,0.015,0.02,0.043,11.0,0.001
2025-08-18 12:00:00-06:00,,0.006,0.021,0.027,0.059,17.0,0.001
2025-08-18 13:00:00-06:00,,0.004,0.022,0.026,0.073,17.0,0.001
2025-08-18 14:00:00-06:00,,0.002,0.019,0.02,0.09,20.0,0.002
2025-08-18 15:00:00-06:00,,0.0,0.016,0.016,0.077,17.0,0.001
2025-08-18 16:00:00-06:00,,0.001,0.017,0.017,0.059,15.0,0.001
2025-08-18 17:00:00-06:00,,0.001,0.018,0.018,0.058,10.0,0.001
2025-08-18 18:00:00-06:00,,0.003,0.025,0.028,0.051,13.0,0.001
2025-08-18 19:00:00-06:00,,0.0,0.02,0.02,0.038,15.0,0.0
2025-08-18 20:00:00-06:00,,0.0,0.017,0.017,0.029,11.0,0.0
2025-08-18 21:00:00-06:00,,0.0,0.021,0.021,0.022,4.0,0.0
2025-08-18 22:00:00-06:00,,0.0,0.017,0.017,0.023,6.0,0.0
2025-08-18 23:00:00-06:00,,0.0,0.016,0.015,0.021,5.0,0.0
2025-08-19 00:00:00-06:00,,0.0,0.011,0.011,0.026,8.0,0.0
2025-08-19 01:00:00-06:00,,0.0,0.013,0.013,0.021,,0.002
2025-08-19 02:00:00-06:00,,0.0,0.01,0.009,0.02,12.0,0.012
2025-08-19 03:00:00-06:00,,0.0,0.01,0.01,0.012,10.0,0.007
2025-08-19 04:00:00-06:00,,0.001,0.011,0.012,0.006,14.0,0.001
2025-08-19 05:00:00-06:00,,0.0,0.009,0.009,0.009,8.0,0.001
2025-08-19 06:00:00-06:00,,0.0,0.011,0.011,0.007,6.0,0.001
2025-08-19 07:00:00-06:00,,0.009,0.015,0.024,0.003,5.0,0.001
2025-08-19 08:00:00-06:00,,0.024,0.021,0.045,0.005,10.0,0.018
2025-08-19 09:00:00-06:00,,0.015,0.021,0.036,0.013,10.0,0.062
2025-08-19 10:00:00-06:00,,0.007,0.017,0.024,0.022,20.0,0.033
2025-08-19 11:00:00-06:00,,0.005,0.013,0.017,0.039,22.0,0.011
2025-08-19 12:00:00-06:00,,0.004,0.015,0.02,0.053,18.0,0.006
2025-08-19 13:00:00-06:00,,0.005,0.021,0.026,0.076,23.0,0.006
2025-08-19 14:00:00-06:00,,0.007,0.022,0.03,0.1,33.0,0.007
2025-08-19 15:00:00-06:00,,0.007,0.019,0.027,0.115,31.0,0.004
2025-08-19 16:00:00-06:00,,0.007,0.014,0.022,0.086,27.0,0.001
2025-08-19 17:00:00-06:00,,0.008,0.015,0.023,0.072,14.0,0.001
2025-08-19 18:00:00-06:00,,0.008,0.017,0.024,0.056,8.0,0.001
2025-08-19 19:00:00-06:00,,0.008,0.019,0.027,0.035,11.0,0.001
2025-08-19 20:00:00-06:00,,0.007,0.02,0.027,0.027,8.0,0.0
2025-08-19 21:00:00-06:00,,0.008,0.014,0.022,0.027,8.0,0.0
2025-08-19 22:00:00-06:00,,0.01,0.016,0.026,0.023,10.0,0.0
2025-08-19 23:00:00-06:00,,0.011,0.017,0.028,0.02,4.0,0.001
2025-08-20 00:00:00-06:00,,0.011,0.018,0.029,0.018,8.0,0.001
2025-08-20 01:00:00-06:00,,0.011,0.016,0.027,0.019,,0.0
2025-08-20 02:00:00-06:00,,0.011,0.016,0.027,0.018,8.0,0.001
2025-08-20 03:00:00-06:00,,0.011,0.016,0.027,0.016,11.0,0.001
2025-08-20 04:00:00-06:00,,0.011,0.016,0.027,0.015,11.0,0.001
2025-08-20 05:00:00-06:00,,0.01,0.014,0.025,0.017,12.0,0.001
2025-08-20 06:00:00-06:00,,0.011,0.022,0.033,0.009,12.0,0.001
2025-08-20 07:00:00-06:00,,0.019,0.028,0.047,0.003,11.0,0.002
2025-08-20 08:00:00-06:00,,0.023,0.024,0.048,0.01,16.0,0.002
2025-08-20 09:00:00-06:00,,0.022,0.023,0.045,0.015,20.0,0.001
2025-08-20 10:00:00-06:00,,0.023,0.024,0.047,0.021,14.0,0.001
2025-08-20 15:00:00-06:00,,0.01,0.015,0.025,0.101,18.0,0.001
2025-08-20 16:00:00-06:00,,0.01,0.018,0.028,0.084,21.0,0.001
2025-08-20 17:00:00-06:00,,0.012,0.024,0.037,0.053,16.0,0.001
2025-08-20 18:00:00-06:00,,0.011,0.021,0.032,0.055,15.0,0.002
2025-08-20 19:00:00-06:00,,0.011,0.024,0.035,0.033,16.0,0.001
2025-08-20 20:00:00-06:00,,0.01,0.023,0.033,0.023,12.0,0.001
2025-08-20 21:00:00-06:00,,0.011,0.02,0.03,0.022,13.0,0.001
2025-08-20 22:00:00-06:00,,0.011,0.02,0.03,0.022,13.0,0.001
2025-08-20 23:00:00-06:00,,0.011,0.02,0.03,0.022,13.0,0.001
2025-08-21 00:00:00-06:00,,,,,,7.0,
2025-08-21 02:00:00-06:00,,,,,,8.0,
2025-08-21 03:00:00-06:00,,,,,,14.0,
2025-08-21 04:00:00-06:00,,0.009,0.011,0.02,0.021,10.0,0.0
2025-08-21 05:00:00-06:00,,0.009,0.009,0.018,0.022,5.0,0.0
2025-08-21 06:00:00-06:00,,0.009,0.007,0.016,0.026,6.0,0.0
2025-08-21 07:00:00-06:00,,0.009,0.014,0.023,0.018,9.0,0.0
2025-08-21 08:00:00-06:00,,0.022,0.027,0.049,0.008,5.0,0.0
2025-08-21 09:00:00-06:00,,0.023,0.027,0.05,0.011,6.0,0.001
2025-08-21 10:00:00-06:00,,0.028,0.027,0.056,0.011,4.0,0.0
2025-08-21 11:00:00-06:00,,0.027,0.027,0.054,0.02,6.0,0.001
2025-08-21 12:00:00-06:00,,0.022,0.027,0.049,0.034,9.0,0.004
2025-08-21 13:00:00-06:00,,0.015,0.023,0.037,0.044,14.0,0.005
2025-08-21 14:00:00-06:00,,0.013,0.025,0.038,0.066,13.0,0.003
2025-08-21 15:00:00-06:00,,0.011,0.021,0.032,0.088,19.0,0.004
2025-08-21 16:00:00-06:00,,0.012,0.017,0.029,0.068,18.0,0.005
2025-08-21 17:00:00-06:00,,0.011,0.016,0.028,0.056,13.0,0.003
2025-08-21 18:00:00-06:00,,0.013,0.019,0.032,0.041,14.0,0.008
2025-08-21 19:00:00-06:00,,0.016,0.025,0.041,0.033,18.0,0.003
2025-08-21 20:00:00-06:00,,0.014,0.029,0.042,0.017,13.0,0.0
2025-08-21 21:00:00-06:00,,0.017,0.035,0.052,0.007,9.0,0.0
2025-08-21 22:00:00-06:00,,0.017,0.04,0.057,0.005,9.0,0.001
2025-08-21 23:00:00-06:00,,0.018,0.042,0.06,0.003,8.0,0.0
2025-08-22 00:00:00-06:00,,0.021,0.041,0.062,0.002,10.0,0.0
2025-08-22 01:00:00-06:00,,0.019,0.037,0.056,0.002,,0.0
2025-08-22 02:00:00-06:00,,0.015,0.034,0.049,0.003,15.0,0.0
2025-08-22 03:00:00-06:00,,0.012,0.017,0.029,0.013,13.0,0.0
2025-08-22 04:00:00-06:00,,0.011,0.014,0.025,0.013,10.0,0.0
2025-08-22 05:00:00-06:00,,0.011,0.013,0.024,0.013,7.0,0.0
2025-08-22 06:00:00-06:00,,0.011,0.014,0.024,0.012,8.0,0.008
2025-08-22 07:00:00-06:00,,0.014,0.02,0.033,0.005,10.0,0.04
2025-08-22 08:00:00-06:00,,0.023,0.02,0.044,0.005,16.0,0.018
2025-08-22 09:00:00-06:00,,0.028,0.018,0.045,0.013,24.0,0.007
2025-08-22 10:00:00-06:00,,0.025,0.018,0.043,0.025,11.0,0.007
2025-08-22 11:00:00-06:00,,0.02,0.021,0.041,0.033,14.0,0.003
2025-08-22 12:00:00-06:00,,0.017,0.023,0.041,0.056,21.0,0.002
2025-08-22 13:00:00-06:00,,0.014,0.024,0.038,0.077,23.0,0.001
2025-08-22 14:00:00-06:00,,0.013,0.027,0.039,0.087,25.0,0.002
2025-08-22 15:00:00-06:00,,0.012,0.023,0.035,0.102,29.0,0.001
2025-08-22 16:00:00-06:00,,0.013,0.019,0.032,0.06,18.0,0.002
2025-08-22 17:00:00-06:00,,0.012,0.023,0.035,0.047,18.0,0.001
2025-08-22 18:00:00-06:00,,0.012,0.031,0.043,0.041,12.0,0.001
2025-08-22 19:00:00-06:00,,0.011,0.02,0.032,0.044,16.0,0.001
2025-08-22 20:00:00-06:00,,0.011,0.018,0.028,0.031,16.0,0.001
2025-08-22 21:00:00-06:00,,0.011,0.03,0.041,0.015,8.0,0.0
2025-08-22 22:00:00-06:00,,0.012,0.031,0.043,0.013,9.0,0.0
2025-08-22 23:00:00-06:00,,0.024,0.039,0.063,0.006,9.0,0.001
2025-08-23 00:00:00-06:00,,0.012,0.033,0.045,0.007,11.0,0.001
2025-08-23 01:00:00-06:00,,0.012,0.029,0.042,0.007,,0.0
2025-08-23 02:00:00-06:00,,0.012,0.031,0.043,0.002,8.0,0.0
2025-08-23 03:00:00-06:00,,0.015,0.031,0.046,0.002,9.0,0.0
2025-08-23 04:00:00-06:00,,0.012,0.023,0.035,0.008,11.0,0.0
2025-08-23 05:00:00-06:00,,0.011,0.013,0.024,0.015,13.0,0.0
2025-08-23 06:00:00-06:00,,0.011,0.014,0.025,0.01,8.0,0.0
2025-08-23 07:00:00-06:00,,0.015,0.02,0.035,0.006,8.0,0.0
2025-08-23 08:00:00-06:00,,0.023,0.021,0.044,0.008,5.0,0.0
2025-08-23 09:00:00-06:00,,0.021,0.021,0.042,0.015,12.0,0.0
2025-08-23 10:00:00-06:00,,0.018,0.015,0.032,0.034,8.0,0.0
2025-08-23 11:00:00-06:00,,0.014,0.012,0.026,0.048,7.0,0.0
2025-08-23 12:00:00-06:00,,0.012,0.013,0.025,0.063,7.0,0.0
2025-08-23 13:00:00-06:00,,0.011,0.016,0.026,0.08,8.0,0.0
2025-08-23 14:00:00-06:00,,0.01,0.018,0.028,0.095,12.0,0.0
2025-08-23 15:00:00-06:00,,0.009,0.014,0.023,0.065,11.0,0.001
2025-08-23 17:00:00-06:00,,0.01,0.012,0.022,0.038,4.0,0.008
2025-08-23 18:00:00-06:00,,0.011,0.013,0.024,0.037,8.0,0.004
2025-08-23 19:00:00-06:00,,0.012,0.028,0.04,0.028,9.0,0.002
2025-08-23 20:00:00-06:00,,0.01,0.016,0.026,0.041,12.0,0.001
2025-08-23 22:00:00-06:00,,0.01,0.025,0.035,0.022,11.0,0.002
2025-08-24 00:00:00-06:00,,0.01,0.022,0.032,0.017,11.0,0.001
2025-08-24 01:00:00-06:00,,0.011,0.025,0.036,0.009,,0.001
2025-08-24 02:00:00-06:00,,0.013,0.029,0.042,0.004,12.0,0.001
2025-08-24 03:00:00-06:00,,0.015,0.027,0.042,0.002,13.0,0.0
2025-08-24 04:00:00-06:00,,0.019,0.024,0.043,0.001,11.0,0.0
2025-08-24 05:00:00-06:00,,0.017,0.023,0.04,0.001,13.0,0.0
2025-08-24 06:00:00-06:00,,0.014,0.013,0.027,0.003,13.0,0.0
2025-08-24 07:00:00-06:00,,0.013,0.012,0.025,0.002,6.0,0.0
2025-08-24 08:00:00-06:00,,0.023,0.014,0.037,0.003,10.0,0.0
2025-08-24 09:00:00-06:00,,0.023,0.019,0.042,0.012,6.0,0.001
2025-08-24 10:00:00-06:00,,0.019,0.015,0.034,0.029,12.0,0.001
2025-08-24 11:00:00-06:00,,0.016,0.015,0.031,0.043,11.0,0.001
2025-08-24 12:00:00-06:00,,0.013,0.014,0.028,0.063,15.0,0.0
2025-08-24 13:00:00-06:00,,0.01,0.012,0.022,0.079,16.0,0.0
2025-08-24 14:00:00-06:00,,0.009,0.009,0.018,0.07,13.0,0.0
2025-08-24 15:00:00-06:00,,0.01,0.007,0.018,0.05,7.0,0.0
2025-08-24 16:00:00-06:00,,0.009,0.007,0.017,0.054,5.0,0.0
2025-08-24 17:00:00-06:00,,0.009,0.005,0.015,0.045,4.0,0.001
2025-08-24 18:00:00-06:00,,0.008,0.005,0.014,0.042,9.0,0.0
2025-08-24 19:00:00-06:00,,0.007,0.006,0.014,0.036,4.0,0.0
2025-08-24 20:00:00-06:00,,0.009,0.014,0.023,0.037,4.0,0.0
2025-08-24 21:00:00-06:00,,0.01,0.013,0.023,0.038,5.0,0.0
2025-08-24 22:00:00-06:00,,0.011,0.012,0.023,0.038,8.0,0.0
2025-08-24 23:00:00-06:00,,0.011,0.013,0.024,0.038,9.0,0.003
2025-08-25 00:00:00-06:00,,0.012,0.017,0.029,0.032,6.0,0.006
2025-08-25 01:00:00-06:00,,0.012,0.014,0.027,0.032,,0.009
2025-08-25 02:00:00-06:00,,0.012,0.012,0.024,0.028,16.0,0.013
2025-08-25 03:00:00-06:00,,0.012,0.01,0.022,0.028,12.0,0.018
2025-08-25 04:00:00-06:00,,0.012,0.011,0.023,0.024,11.0,0.012
2025-08-25 05:00:00-06:00,,0.013,0.009,0.021,0.024,13.0,0.006
2025-08-25 06:00:00-06:00,,0.011,0.01,0.022,0.025,15.0,0.004
2025-08-25 07:00:00-06:00,,0.012,0.019,0.031,0.015,14.0,0.004
2025-08-25 08:00:00-06:00,,0.028,0.027,0.055,0.007,8.0,0.008
2025-08-25 09:00:00-06:00,,0.026,0.022,0.048,0.018,6.0,0.008
2025-08-25 10:00:00-06:00,,0.02,0.019,0.04,0.029,9.0,0.008
2025-08-25 11:00:00-06:00,,0.016,0.015,0.031,0.046,19.0,0.005
2025-08-25 12:00:00-06:00,,0.013,0.013,0.027,0.063,20.0,0.003
2025-08-25 13:00:00-06:00,,0.013,0.014,0.027,0.079,18.0,0.002
2025-08-25 14:00:00-06:00,,0.007,0.017,0.024,0.097,14.0,0.002
2025-08-25 15:00:00-06:00,,0.008,0.019,0.027,0.106,21.0,0.002
2025-08-25 16:00:00-06:00,,0.009,0.019,0.028,0.1,17.0,0.002
2025-08-25 17:00:00-06:00,,0.012,0.025,0.037,0.054,22.0,0.002
2025-08-25 18:00:00-06:00,,0.012,0.023,0.036,0.046,29.0,0.005
2025-08-25 19:00:00-06:00,,0.012,0.023,0.035,0.046,15.0,0.0
2025-08-25 20:00:00-06:00,,0.012,0.022,0.033,0.04,16.0,0.001
2025-08-25 21:00:00-06:00,,0.012,0.021,0.033,0.024,10.0,0.0
2025-08-25 22:00:00-06:00,,0.012,0.02,0.031,0.025,11.0,0.0
2025-08-25 23:00:00-06:00,,0.011,0.019,0.03,0.02,11.0,0.0
2025-08-26 00:00:00-06:00,,0.011,0.017,0.027,0.025,9.0,0.001
2025-08-26 01:00:00-06:00,,0.009,0.012,0.022,0.036,,0.007
2025-08-26 02:00:00-06:00,,0.008,0.008,0.016,0.044,3.0,0.015
2025-08-26 03:00:00-06:00,,0.008,0.009,0.017,0.038,7.0,0.01
2025-08-26 04:00:00-06:00,,0.008,0.011,0.019,0.03,5.0,0.007
2025-08-26 05:00:00-06:00,,0.009,0.014,0.023,0.026,5.0,0.008
2025-08-26 06:00:00-06:00,,0.009,0.014,0.023,0.016,7.0,0.003
2025-08-26 07:00:00-06:00,,0.013,0.022,0.035,0.008,7.0,0.003
2025-08-26 08:00:00-06:00,,0.034,0.026,0.059,0.004,12.0,0.002
2025-08-26 09:00:00-06:00,,0.03,0.027,0.057,0.013,5.0,0.004
2025-08-26 10:00:00-06:00,,0.017,0.016,0.033,0.033,8.0,0.003
2025-08-26 11:00:00-06:00,,0.019,0.02,0.039,0.043,10.0,0.001
2025-08-26 12:00:00-06:00,,0.019,0.027,0.046,0.061,14.0,0.001
2025-08-26 13:00:00-06:00,,0.016,0.028,0.044,0.081,25.0,0.001
2025-08-26 14:00:00-06:00,,0.013,0.022,0.035,0.094,25.0,0.001
2025-08-26 15:00:00-06:00,,0.011,0.019,0.03,0.103,18.0,0.001
2025-08-26 16:00:00-06:00,,0.011,0.018,0.029,0.109,15.0,0.001
2025-08-26 17:00:00-06:00,,0.01,0.017,0.028,0.102,15.0,0.0
2025-08-26 18:00:00-06:00,,0.011,0.019,0.031,0.071,15.0,0.0
2025-08-26 19:00:00-06:00,,0.012,0.023,0.035,0.044,12.0,0.0
2025-08-26 20:00:00-06:00,,0.011,0.021,0.032,0.024,15.0,0.0
2025-08-26 21:00:00-06:00,,0.013,0.026,0.039,0.01,9.0,0.0
2025-08-26 22:00:00-06:00,,0.012,0.019,0.031,0.013,4.0,0.0
2025-08-26 23:00:00-06:00,,0.01,0.017,0.028,0.014,15.0,0.0
2025-08-27 00:00:00-06:00,,,,,,6.0,
2025-08-27 03:00:00-06:00,,,,,,9.0,
2025-08-27 04:00:00-06:00,,0.011,0.01,0.021,0.017,7.0,0.001
2025-08-27 05:00:00-06:00,,0.011,0.007,0.018,0.02,7.0,0.001
2025-08-27 06:00:00-06:00,,0.011,0.009,0.02,0.019,9.0,0.0
2025-08-27 07:00:00-06:00,,0.012,0.018,0.03,0.009,8.0,0.001
2025-08-27 08:00:00-06:00,,0.023,0.024,0.047,0.002,6.0,0.001
2025-08-27 09:00:00-06:00,,0.027,0.022,0.049,0.006,12.0,0.001
2025-08-27 10:00:00-06:00,,0.022,0.015,0.037,0.014,14.0,0.0
2025-08-27 11:00:00-06:00,,,,,,7.0,0.0
2025-08-27 12:00:00-06:00,,,,,,6.0,0.0
2025-08-27 13:00:00-06:00,,,,,,9.0,0.0
2025-08-27 14:00:00-06:00,,,,,,11.0,0.001
2025-08-27 15:00:00-06:00,,0.02,0.038,0.058,0.014,21.0,0.0
2025-08-27 16:00:00-06:00,,0.024,0.036,0.059,0.012,23.0,0.001
2025-08-27 17:00:00-06:00,,0.039,0.044,0.083,0.009,8.0,0.001
2025-08-27 18:00:00-06:00,,0.021,0.03,0.05,0.015,13.0,0.001
2025-08-27 19:00:00-06:00,,0.021,0.034,0.054,0.006,13.0,0.001
2025-08-27 20:00:00-06:00,,0.036,0.035,0.071,0.001,10.0,0.001
2025-08-27 21:00:00-06:00,,0.044,0.027,0.071,0.001,9.0,0.001
2025-08-27 22:00:00-06:00,,0.061,0.024,0.085,0.0,11.0,0.001
2025-08-27 23:00:00-06:00,,0.058,0.022,0.08,0.001,8.0,0.001
2025-08-28 00:00:00-06:00,,0.038,0.021,0.059,0.001,10.0,0.001
2025-08-28 01:00:00-06:00,,0.018,0.022,0.04,0.007,,0.0
2025-08-28 02:00:00-06:00,,0.013,0.015,0.028,0.013,19.0,0.0
2025-08-28 03:00:00-06:00,,0.013,0.016,0.03,0.006,12.0,0.0
2025-08-28 04:00:00-06:00,,0.013,0.014,0.027,0.003,6.0,0.0
2025-08-28 05:00:00-06:00,,0.013,0.011,0.025,0.004,13.0,0.0
2025-08-28 06:00:00-06:00,,0.015,0.013,0.028,0.002,7.0,0.0
2025-08-28 07:00:00-06:00,,0.033,0.015,0.048,0.001,8.0,0.0
2025-08-28 08:00:00-06:00,,0.044,0.016,0.06,0.004,8.0,0.001
2025-08-28 09:00:00-06:00,,0.025,0.016,0.041,0.015,8.0,0.006
2025-08-28 10:00:00-06:00,,0.024,0.018,0.042,0.027,8.0,0.006
2025-08-28 11:00:00-06:00,,0.019,0.021,0.04,0.043,21.0,0.003
2025-08-28 12:00:00-06:00,,0.015,0.026,0.042,0.061,23.0,0.003
2025-08-28 13:00:00-06:00,,0.012,0.023,0.035,0.079,32.0,0.003
2025-08-28 14:00:00-06:00,,0.011,0.02,0.031,0.1,32.0,0.002
2025-08-28 15:00:00-06:00,,0.009,0.019,0.028,0.115,19.0,0.001
2025-08-28 16:00:00-06:00,,0.01,0.016,0.026,0.088,20.0,0.001
2025-08-28 17:00:00-06:00,,0.011,0.024,0.034,0.074,18.0,0.002
2025-08-28 18:00:00-06:00,,0.011,0.021,0.032,0.037,15.0,0.001
2025-08-28 19:00:00-06:00,,0.011,0.025,0.035,0.022,17.0,0.0
2025-08-28 20:00:00-06:00,,0.01,0.023,0.033,0.023,9.0,0.0
2025-08-28 21:00:00-06:00,,0.01,0.03,0.041,0.01,6.0,0.0
2025-08-28 22:00:00-06:00,,0.02,0.034,0.054,0.002,6.0,0.0
2025-08-28 23:00:00-06:00,,0.023,0.034,0.058,0.002,7.0,0.0
2025-08-29 00:00:00-06:00,,0.013,0.03,0.043,0.005,7.0,0.0
2025-08-29 01:00:00-06:00,,0.012,0.025,0.037,0.005,,0.0
2025-08-29 02:00:00-06:00,,0.012,0.019,0.031,0.006,13.0,0.0
2025-08-29 03:00:00-06:00,,0.012,0.016,0.028,0.007,7.0,0.001
2025-08-29 04:00:00-06:00,,0.012,0.014,0.026,0.009,9.0,0.005
2025-08-29 05:00:00-06:00,,0.012,0.013,0.025,0.012,11.0,0.013
2025-08-29 06:00:00-06:00,,0.012,0.015,0.027,0.01,15.0,0.017
2025-08-29 07:00:00-06:00,,0.02,0.018,0.039,0.004,13.0,0.01
2025-08-29 08:00:00-06:00,,0.036,0.021,0.057,0.006,19.0,0.029
2025-08-29 09:00:00-06:00,,0.024,0.018,0.042,0.017,13.0,0.021
2025-08-29 10:00:00-06:00,,0.023,0.022,0.045,0.02,27.0,0.013
2025-08-29 11:00:00-06:00,,0.023,0.023,0.046,0.039,24.0,0.011
2025-08-29 12:00:00-06:00,,0.018,0.026,0.045,0.053,28.0,0.014
2025-08-29 13:00:00-06:00,,0.017,0.026,0.044,0.078,33.0,0.015
2025-08-29 14:00:00-06:00,,0.013,0.022,0.035,0.099,35.0,0.012
2025-08-29 15:00:00-06:00,,0.012,0.018,0.03,0.11,40.0,0.008
2025-08-29 16:00:00-06:00,,0.011,0.016,0.027,0.104,30.0,0.004
2025-08-29 17:00:00-06:00,,0.011,0.017,0.028,0.076,24.0,0.001
2025-08-29 18:00:00-06:00,,0.012,0.026,0.038,0.065,14.0,0.002
2025-08-29 19:00:00-06:00,,0.012,0.023,0.035,0.051,15.0,0.001
2025-08-29 20:00:00-06:00,,0.012,0.021,0.032,0.031,25.0,0.001
2025-08-29 21:00:00-06:00,,0.012,0.024,0.036,0.024,14.0,0.001
2025-08-29 22:00:00-06:00,,0.013,0.023,0.035,0.02,6.0,0.001
2025-08-29 23:00:00-06:00,,0.013,0.024,0.037,0.014,7.0,0.0
2025-08-30 00:00:00-06:00,,0.013,0.023,0.036,0.012,8.0,0.0
2025-08-30 01:00:00-06:00,,0.013,0.019,0.032,0.012,,0.001
2025-08-30 02:00:00-06:00,,0.013,0.02,0.033,0.006,12.0,0.001
2025-08-30 03:00:00-06:00,,0.013,0.016,0.029,0.003,9.0,0.001
2025-08-30 04:00:00-06:00,,0.014,0.015,0.029,0.003,10.0,0.001
2025-08-30 05:00:00-06:00,,0.013,0.015,0.028,0.003,9.0,0.002
2025-08-30 06:00:00-06:00,,0.013,0.013,0.026,0.004,10.0,0.001
2025-08-30 07:00:00-06:00,,0.017,0.013,0.03,0.002,9.0,0.001
2025-08-30 08:00:00-06:00,,0.026,0.015,0.04,0.003,12.0,0.001
2025-08-30 09:00:00-06:00,,0.026,0.019,0.045,0.01,12.0,0.006
2025-08-30 10:00:00-06:00,,0.019,0.015,0.034,0.028,15.0,0.005
2025-08-30 11:00:00-06:00,,0.016,0.015,0.031,0.041,20.0,0.003
2025-08-30 12:00:00-06:00,,0.014,0.015,0.029,0.062,28.0,0.003
2025-08-30 13:00:00-06:00,,0.013,0.018,0.031,0.081,32.0,0.003
2025-08-30 14:00:00-06:00,,0.013,0.024,0.037,0.092,26.0,0.004
2025-08-30 15:00:00-06:00,,0.012,0.018,0.03,0.086,36.0,0.002
2025-08-30 16:00:00-06:00,,0.012,0.017,0.029,0.092,27.0,0.001
2025-08-30 17:00:00-06:00,,0.012,0.019,0.031,0.062,17.0,0.001
2025-08-30 18:00:00-06:00,,0.012,0.018,0.029,0.046,13.0,0.001
2025-08-30 19:00:00-06:00,,0.012,0.02,0.032,0.035,17.0,0.001
2025-08-30 20:00:00-06:00,,0.012,0.023,0.035,0.024,7.0,0.0
2025-08-30 21:00:00-06:00,,0.012,0.027,0.039,0.012,9.0,0.001
2025-08-30 22:00:00-06:00,,0.013,0.02,0.032,0.016,8.0,0.0
2025-08-30 23:00:00-06:00,,0.013,0.017,0.03,0.017,4.0,0.0
2025-08-31 00:00:00-06:00,,0.014,0.022,0.035,0.01,8.0,0.001
2025-08-31 01:00:00-06:00,,0.014,0.026,0.039,0.005,,0.001
2025-08-31 02:00:00-06:00,,0.013,0.017,0.03,0.015,7.0,0.001
2025-08-31 03:00:00-06:00,,0.013,0.016,0.029,0.014,10.0,0.001
2025-08-31 04:00:00-06:00,,0.013,0.013,0.026,0.017,5.0,0.001
2025-08-31 05:00:00-06:00,,0.013,0.012,0.025,0.018,5.0,0.001
2025-08-31 06:00:00-06:00,,0.013,0.011,0.024,0.019,7.0,0.0
2025-08-31 07:00:00-06:00,,0.013,0.013,0.025,0.017,7.0,0.0
2025-08-31 08:00:00-06:00,,0.017,0.014,0.031,0.018,7.0,0.001
2025-08-31 09:00:00-06:00,,0.016,0.01,0.026,0.025,4.0,0.0
2025-08-31 10:00:00-06:00,,0.016,0.011,0.027,0.031,7.0,0.0
2025-08-31 11:00:00-06:00,,0.014,0.011,0.025,0.042,7.0,0.0
2025-08-31 12:00:00-06:00,,0.012,0.011,0.022,0.055,8.0,0.0
2025-08-31 13:00:00-06:00,,0.011,0.011,0.022,0.069,9.0,0.0
2025-08-31 14:00:00-06:00,,0.01,0.012,0.022,0.084,15.0,0.001
2025-08-31 15:00:00-06:00,,0.009,0.011,0.02,0.082,12.0,0.001
2025-08-31 16:00:00-06:00,,0.009,0.011,0.02,0.076,9.0,0.001
2025-08-31 17:00:00-06:00,,0.01,0.011,0.02,0.052,12.0,0.001
2025-08-31 18:00:00-06:00,,0.011,0.013,0.023,0.038,7.0,0.001
2025-08-31 19:00:00-06:00,,0.01,0.01,0.02,0.035,5.0,0.0
2025-08-31 20:00:00-06:00,,0.009,0.013,0.022,0.027,9.0,0.0
2025-08-31 21:00:00-06:00,,0.011,0.021,0.032,0.018,2.0,0.0
2025-08-31 22:00:00-06:00,,0.012,0.019,0.031,0.011,3.0,0.0
2025-08-31 23:00:00-06:00,,0.012,0.02,0.032,0.009,8.0,0.0
2025-09-01 00:00:00-06:00,,0.012,0.019,0.032,0.009,7.0,0.0
2025-09-01 01:00:00-06:00,,0.012,0.017,0.03,0.01,,0.0
2025-09-01 02:00:00-06:00,,0.012,0.014,0.026,0.015,7.0,0.0
2025-09-01 03:00:00-06:00,,0.012,0.01,0.022,0.017,9.0,0.0
2025-09-01 04:00:00-06:00,,0.012,0.009,0.021,0.018,7.0,0.0
2025-09-01 05:00:00-06:00,,0.012,0.011,0.023,0.016,2.0,0.0
2025-09-01 06:00:00-06:00,,0.012,0.011,0.022,0.015,3.0,0.0
2025-09-01 07:00:00-06:00,,0.013,0.018,0.031,0.007,7.0,0.0
2025-09-01 08:00:00-06:00,,0.026,0.023,0.049,0.004,5.0,0.001
2025-09-01 09:00:00-06:00,,0.035,0.024,0.059,0.008,8.0,0.001
2025-09-01 10:00:00-06:00,,0.035,0.026,0.061,0.014,13.0,0.001
2025-09-01 11:00:00-06:00,,0.028,0.022,0.05,0.028,9.0,0.001
2025-09-01 12:00:00-06:00,,0.017,0.01,0.027,0.032,10.0,0.0
2025-09-01 13:00:00-06:00,,0.014,0.007,0.021,0.032,6.0,0.0
2025-09-01 14:00:00-06:00,,0.013,0.007,0.021,0.031,2.0,0.0
2025-09-01 15:00:00-06:00,,0.013,0.01,0.023,0.03,3.0,0.0
2025-09-01 16:00:00-06:00,,0.015,0.013,0.028,0.026,3.0,0.0
2025-09-01 17:00:00-06:00,,0.015,0.013,0.028,0.024,5.0,0.0
2025-09-01 18:00:00-06:00,,0.016,0.015,0.031,0.024,2.0,0.0
2025-09-01 19:00:00-06:00,,0.018,0.019,0.037,0.016,4.0,0.0
2025-09-01 20:00:00-06:00,,0.017,0.023,0.041,0.006,1.0,0.0
2025-09-01 21:00:00-06:00,,0.015,0.023,0.038,0.006,8.0,0.0
2025-09-01 22:00:00-06:00,,0.036,0.029,0.066,0.001,2.0,0.011
2025-09-01 23:00:00-06:00,,0.015,0.029,0.044,0.01,4.0,0.033
2025-09-02 00:00:00-06:00,,,,,,13.0,
2025-09-02 02:00:00-06:00,,,,,,24.0,
2025-09-02 03:00:00-06:00,,,,,,23.0,
2025-09-02 04:00:00-06:00,,0.012,0.013,0.024,0.016,19.0,0.012
2025-09-02 05:00:00-06:00,,0.011,0.013,0.025,0.016,14.0,0.004
2025-09-02 06:00:00-06:00,,0.011,0.013,0.023,0.014,17.0,0.001
2025-09-02 07:00:00-06:00,,0.013,0.018,0.031,0.009,8.0,0.001
2025-09-02 08:00:00-06:00,,0.018,0.024,0.042,0.007,10.0,0.001
2025-09-02 09:00:00-06:00,,0.023,0.024,0.047,0.009,9.0,0.005
2025-09-02 10:00:00-06:00,,0.029,0.023,0.052,0.012,9.0,0.008
2025-09-02 11:00:00-06:00,,0.028,0.02,0.048,0.021,11.0,0.011
2025-09-02 12:00:00-06:00,,0.02,0.017,0.037,0.04,16.0,0.008
2025-09-02 13:00:00-06:00,,0.014,0.015,0.029,0.061,17.0,0.004
2025-09-02 14:00:00-06:00,,0.014,0.02,0.034,0.08,18.0,0.003
2025-09-02 15:00:00-06:00,,0.011,0.023,0.034,0.102,20.0,0.002
2025-09-02 16:00:00-06:00,,0.011,0.021,0.032,0.071,16.0,0.002
2025-09-02 17:00:00-06:00,,0.012,0.023,0.034,0.037,18.0,0.007
2025-09-02 18:00:00-06:00,,0.01,0.031,0.041,0.029,15.0,0.011
2025-09-02 19:00:00-06:00,,0.011,0.035,0.046,0.031,13.0,0.003
2025-09-02 20:00:00-06:00,,0.01,0.02,0.03,0.029,19.0,0.001
2025-09-02 21:00:00-06:00,,0.01,0.026,0.036,0.022,6.0,0.002
2025-09-02 22:00:00-06:00,,0.01,0.025,0.035,0.021,3.0,0.002
2025-09-02 23:00:00-06:00,,0.013,0.036,0.049,0.009,2.0,0.001
2025-09-03 00:00:00-06:00,,0.011,0.034,0.045,0.011,2.0,0.001
2025-09-03 01:00:00-06:00,,0.011,0.028,0.039,0.015,,0.002
2025-09-03 02:00:00-06:00,,0.011,0.034,0.045,0.009,6.0,0.002
2025-09-03 03:00:00-06:00,,0.011,0.036,0.047,0.005,10.0,0.002
2025-09-03 04:00:00-06:00,,0.012,0.033,0.044,0.004,16.0,0.001
2025-09-03 05:00:00-06:00,,0.012,0.029,0.042,0.004,14.0,0.001
2025-09-03 06:00:00-06:00,,0.012,0.027,0.038,0.004,13.0,0.001
2025-09-03 07:00:00-06:00,,0.022,0.031,0.053,0.002,17.0,0.001
2025-09-03 08:00:00-06:00,,0.03,0.029,0.058,0.007,13.0,0.002
2025-09-03 09:00:00-06:00,,0.03,0.03,0.059,0.015,14.0,0.002
2025-09-03 10:00:00-06:00,,0.032,0.029,0.061,0.022,14.0,0.001
2025-09-03 11:00:00-06:00,,0.023,0.028,0.052,0.048,17.0,0.001
2025-09-03 12:00:00-06:00,,0.017,0.027,0.044,0.074,20.0,0.001
2025-09-03 18:00:00-06:00,,0.009,0.023,0.031,0.054,,0.004
2025-09-03 19:00:00-06:00,,0.01,0.03,0.04,0.043,,0.002
2025-09-03 20:00:00-06:00,,0.011,0.035,0.046,0.032,,0.001
2025-09-03 21:00:00-06:00,,0.015,0.05,0.065,0.015,,0.001
2025-09-03 22:00:00-06:00,,0.012,0.04,0.052,0.016,,0.001
2025-09-03 23:00:00-06:00,,0.014,0.046,0.06,0.008,,0.001
2025-09-04 00:00:00-06:00,,0.012,0.041,0.053,0.011,,0.001
2025-09-04 01:00:00-06:00,,0.012,0.038,0.05,0.007,,0.001
2025-09-04 02:00:00-06:00,,0.014,0.044,0.058,0.003,,0.001
2025-09-04 03:00:00-06:00,,0.016,0.043,0.059,0.003,,0.001
2025-09-04 04:00:00-06:00,,0.027,0.047,0.074,0.002,,0.001
2025-09-04 05:00:00-06:00,,0.015,0.045,0.06,0.003,,0.001
2025-09-04 06:00:00-06:00,,0.018,0.035,0.052,0.003,,0.001
2025-09-04 07:00:00-06:00,,0.03,0.03,0.06,0.003,,0.001
2025-09-04 08:00:00-06:00,,0.028,0.03,0.058,0.007,,0.001
2025-09-04 09:00:00-06:00,,0.031,0.034,0.065,0.015,,0.001
2025-09-04 10:00:00-06:00,,0.026,0.031,0.057,0.031,,0.001
2025-09-04 12:00:00-06:00,,0.016,0.029,0.045,0.081,,0.001
2025-09-04 13:00:00-06:00,,0.013,0.023,0.035,0.116,22.0,0.001
2025-09-04 14:00:00-06:00,,0.01,0.017,0.027,0.106,21.0,0.002
2025-09-04 15:00:00-06:00,,0.008,0.013,0.021,0.057,20.0,0.001
2025-09-04 16:00:00-06:00,,0.01,0.008,0.018,0.045,13.0,0.001
2025-09-04 17:00:00-06:00,,0.01,0.01,0.02,0.046,3.0,0.002
2025-09-04 18:00:00-06:00,,0.013,0.017,0.03,0.035,5.0,0.005
2025-09-04 19:00:00-06:00,,0.017,0.024,0.041,0.023,13.0,0.003
2025-09-04 20:00:00-06:00,,0.016,0.027,0.043,0.02,11.0,0.002
2025-09-04 21:00:00-06:00,,0.017,0.03,0.047,0.012,11.0,0.001
2025-09-04 22:00:00-06:00,,0.024,0.04,0.064,0.003,14.0,0.001
2025-09-04 23:00:00-06:00,,0.023,0.039,0.062,0.003,17.0,0.001
2025-09-05 00:00:00-06:00,,0.023,0.039,0.062,0.003,17.0,0.001
2025-09-05 09:00:00-06:00,,0.039,0.026,0.065,0.01,12.0,0.001
2025-09-05 10:00:00-06:00,,0.03,0.029,0.059,0.019,10.0,0.001
2025-09-05 11:00:00-06:00,,0.022,0.023,0.045,0.038,11.0,0.001
2025-09-08 10:00:00-06:00,,0.017,0.017,0.034,0.027,15.0,
2025-09-08 11:00:00-06:00,,,,,0.039,17.0,
2025-09-08 12:00:00-06:00,,,,,0.05,16.0,
2025-09-08 13:00:00-06:00,,,,,0.069,23.0,
2025-09-08 14:00:00-06:00,,0.012,0.023,0.036,0.093,31.0,0.001
2025-09-08 15:00:00-06:00,,0.01,0.021,0.031,0.111,29.0,0.001
2025-09-08 16:00:00-06:00,,0.009,0.021,0.03,0.113,25.0,0.001
2025-09-08 17:00:00-06:00,,0.01,0.023,0.033,0.096,21.0,0.001
2025-09-08 18:00:00-06:00,,0.012,0.034,0.046,0.061,21.0,0.001
2025-09-08 19:00:00-06:00,,0.013,0.037,0.05,0.039,18.0,0.001
2025-09-08 20:00:00-06:00,,0.014,0.025,0.038,0.029,18.0,0.0
2025-09-08 21:00:00-06:00,,0.014,0.027,0.041,0.018,13.0,0.001
2025-09-08 22:00:00-06:00,,0.015,0.026,0.041,0.012,10.0,0.001
2025-09-08 23:00:00-06:00,,0.014,0.022,0.036,0.016,19.0,0.0
2025-09-09 00:00:00-06:00,,0.013,0.016,0.029,0.02,13.0,0.0
2025-09-09 01:00:00-06:00,,0.012,0.014,0.026,0.021,,0.0
2025-09-09 02:00:00-06:00,,0.012,0.013,0.024,0.021,17.0,0.0
2025-09-09 03:00:00-06:00,,0.011,0.013,0.024,0.017,8.0,0.0
2025-09-09 04:00:00-06:00,,0.011,0.016,0.027,0.015,13.0,0.001
2025-09-09 05:00:00-06:00,,0.012,0.015,0.027,0.005,14.0,0.0
2025-09-09 06:00:00-06:00,,0.016,0.016,0.032,0.003,11.0,0.0
2025-09-09 07:00:00-06:00,,0.03,0.015,0.045,0.002,14.0,0.0
2025-09-09 08:00:00-06:00,,0.064,0.026,0.09,0.005,9.0,0.001
2025-09-09 09:00:00-06:00,,0.047,0.036,0.083,0.011,13.0,0.001
2025-09-09 10:00:00-06:00,,0.034,0.032,0.066,0.021,16.0,0.001
2025-09-09 11:00:00-06:00,,0.026,0.029,0.055,0.038,21.0,0.001
2025-09-09 12:00:00-06:00,,0.019,0.027,0.046,0.061,20.0,0.001
2025-09-09 13:00:00-06:00,,0.013,0.022,0.035,0.082,23.0,0.001
2025-09-09 14:00:00-06:00,,0.01,0.019,0.03,0.108,21.0,0.001
2025-09-09 15:00:00-06:00,,0.01,0.019,0.029,0.112,21.0,0.001
2025-09-09 16:00:00-06:00,,0.011,0.022,0.033,0.07,15.0,0.001
2025-09-09 17:00:00-06:00,,0.011,0.024,0.035,0.048,18.0,0.001
2025-09-09 18:00:00-06:00,,0.012,0.029,0.041,0.038,16.0,0.001
2025-09-09 19:00:00-06:00,,0.012,0.028,0.04,0.029,15.0,0.001
2025-09-09 20:00:00-06:00,,0.011,0.032,0.044,0.022,15.0,0.001
2025-09-09 21:00:00-06:00,,0.013,0.043,0.056,0.011,10.0,0.001
2025-09-09 22:00:00-06:00,,0.018,0.039,0.056,0.009,12.0,0.001
2025-09-09 23:00:00-06:00,,0.028,0.043,0.071,0.002,12.0,0.001
2025-09-10 00:00:00-06:00,,0.018,0.041,0.059,0.003,8.0,0.001
2025-09-10 01:00:00-06:00,,0.02,0.031,0.051,0.003,,0.001
2025-09-10 02:00:00-06:00,,0.012,0.018,0.03,0.015,10.0,0.0
2025-09-10 03:00:00-06:00,,0.011,0.013,0.023,0.017,15.0,0.0
2025-09-10 04:00:00-06:00,,0.01,0.008,0.018,0.028,9.0,0.001
2025-09-10 05:00:00-06:00,,0.01,0.008,0.018,0.027,7.0,0.0
2025-09-10 06:00:00-06:00,,0.01,0.009,0.018,0.025,9.0,0.0
2025-09-10 07:00:00-06:00,,0.015,0.022,0.037,0.009,7.0,0.0
2025-09-10 08:00:00-06:00,,0.052,0.028,0.081,0.005,7.0,0.001
2025-09-10 09:00:00-06:00,,0.03,0.025,0.056,0.01,10.0,0.001
2025-09-10 10:00:00-06:00,,0.032,0.026,0.058,0.011,11.0,0.001
2025-09-10 11:00:00-06:00,,0.032,0.028,0.061,0.02,17.0,0.001
2025-09-10 12:00:00-06:00,,0.026,0.028,0.054,0.041,14.0,0.001
2025-09-10 13:00:00-06:00,,0.018,0.023,0.04,0.063,18.0,0.0
2025-09-10 14:00:00-06:00,,0.013,0.017,0.03,0.087,19.0,0.0
2025-09-10 15:00:00-06:00,,0.012,0.019,0.031,0.087,10.0,0.001
2025-09-10 16:00:00-06:00,,0.011,0.015,0.027,0.076,13.0,0.001
2025-09-10 17:00:00-06:00,,0.012,0.016,0.028,0.063,10.0,0.001
2025-09-10 18:00:00-06:00,,0.01,0.018,0.028,0.048,8.0,0.0
2025-09-10 19:00:00-06:00,,0.009,0.022,0.031,0.031,16.0,0.0
2025-09-10 20:00:00-06:00,,0.012,0.031,0.043,0.014,12.0,0.0
2025-09-10 21:00:00-06:00,,0.044,0.04,0.084,0.002,7.0,0.001
2025-09-10 22:00:00-06:00,,0.032,0.033,0.065,0.004,7.0,0.001
2025-09-10 23:00:00-06:00,,0.014,0.028,0.042,0.004,15.0,0.0
2025-09-11 00:00:00-06:00,,0.012,0.021,0.033,0.012,4.0,0.0
2025-09-11 01:00:00-06:00,,0.012,0.015,0.027,0.016,,0.0
2025-09-11 02:00:00-06:00,,0.012,0.012,0.024,0.02,7.0,0.0
2025-09-11 03:00:00-06:00,,0.012,0.011,0.023,0.019,5.0,0.001
2025-09-11 04:00:00-06:00,,0.012,0.01,0.022,0.02,10.0,0.001
2025-09-11 05:00:00-06:00,,0.012,0.008,0.02,0.022,4.0,0.001
2025-09-11 06:00:00-06:00,,0.012,0.01,0.022,0.019,7.0,0.0
2025-09-11 07:00:00-06:00,,0.013,0.019,0.032,0.01,5.0,0.001
2025-09-11 08:00:00-06:00,,0.02,0.019,0.039,0.012,8.0,0.001
2025-09-11 09:00:00-06:00,,0.02,0.014,0.034,0.02,6.0,0.0
2025-09-11 10:00:00-06:00,,0.021,0.014,0.035,0.027,2.0,0.001
2025-09-11 11:00:00-06:00,,0.02,0.02,0.04,0.033,6.0,0.0
2025-09-11 12:00:00-06:00,,0.017,0.016,0.033,0.042,10.0,0.0
2025-09-11 13:00:00-06:00,,0.014,0.016,0.031,0.049,7.0,0.0
2025-09-11 14:00:00-06:00,,0.014,0.019,0.032,0.05,9.0,0.0
2025-09-11 15:00:00-06:00,,0.014,0.018,0.032,0.054,6.0,0.0
2025-09-11 16:00:00-06:00,,0.014,0.018,0.032,0.054,6.0,0.0
2025-09-11 17:00:00-06:00,,0.018,0.025,0.044,0.025,15.0,0.0
2025-09-11 18:00:00-06:00,,0.016,0.025,0.04,0.028,6.0,0.0
2025-09-11 19:00:00-06:00,,0.017,0.032,0.05,0.014,6.0,0.0
2025-09-11 20:00:00-06:00,,0.017,0.028,0.045,0.008,11.0,0.0
2025-09-11 21:00:00-06:00,,0.016,0.022,0.038,0.012,9.0,0.0
2025-09-11 22:00:00-06:00,,0.015,0.021,0.036,0.013,8.0,0.0
2025-09-11 23:00:00-06:00,,0.017,0.028,0.045,0.005,4.0,0.0
2025-09-12 00:00:00-06:00,,0.014,0.019,0.033,0.012,3.0,0.0
2025-09-12 01:00:00-06:00,,0.013,0.014,0.026,0.016,,0.0
2025-09-12 02:00:00-06:00,,0.012,0.011,0.023,0.017,4.0,0.0
2025-09-12 03:00:00-06:00,,0.012,0.01,0.022,0.019,3.0,0.0
2025-09-12 04:00:00-06:00,,0.012,0.009,0.021,0.02,3.0,0.001
2025-09-12 05:00:00-06:00,,0.012,0.011,0.022,0.015,3.0,0.002
2025-09-12 06:00:00-06:00,,0.012,0.016,0.028,0.009,8.0,0.006
2025-09-12 07:00:00-06:00,,0.02,0.023,0.042,0.003,9.0,0.008
2025-09-12 08:00:00-06:00,,0.038,0.024,0.061,0.004,13.0,0.004
2025-09-12 09:00:00-06:00,,0.035,0.024,0.059,0.007,18.0,0.002
2025-09-12 10:00:00-06:00,,0.038,0.025,0.063,0.011,13.0,0.001
2025-09-12 11:00:00-06:00,,0.033,0.025,0.058,0.019,16.0,0.001
2025-09-12 12:00:00-06:00,,0.024,0.022,0.047,0.037,17.0,0.001
2025-09-12 13:00:00-06:00,,0.018,0.021,0.038,0.051,15.0,0.0
2025-09-12 14:00:00-06:00,,0.015,0.017,0.032,0.066,10.0,0.0
2025-09-12 15:00:00-06:00,,0.014,0.022,0.036,0.052,11.0,0.0
2025-09-12 16:00:00-06:00,,0.014,0.02,0.034,0.047,9.0,0.0
2025-09-12 17:00:00-06:00,,0.015,0.024,0.039,0.028,11.0,0.0
2025-09-12 18:00:00-06:00,,0.016,0.023,0.039,0.018,10.0,0.0
2025-09-12 19:00:00-06:00,,0.014,0.023,0.037,0.015,6.0,0.0
2025-09-12 20:00:00-06:00,,0.016,0.026,0.042,0.008,3.0,0.001
2025-09-12 21:00:00-06:00,,0.016,0.024,0.04,0.007,10.0,0.001
2025-09-12 22:00:00-06:00,,0.015,0.021,0.035,0.015,11.0,0.0
2025-09-12 23:00:00-06:00,,0.012,0.018,0.031,0.017,5.0,0.0
2025-09-13 00:00:00-06:00,,0.018,0.026,0.044,0.003,3.0,0.001
2025-09-13 01:00:00-06:00,,0.019,0.026,0.044,0.002,,0.001
2025-09-13 02:00:00-06:00,,0.017,0.024,0.041,0.002,8.0,0.0
2025-09-13 03:00:00-06:00,,0.013,0.021,0.034,0.004,9.0,0.0
2025-09-13 04:00:00-06:00,,0.012,0.018,0.03,0.005,6.0,0.0
2025-09-13 05:00:00-06:00,,0.012,0.018,0.03,0.006,2.0,0.0
2025-09-13 06:00:00-06:00,,0.012,0.017,0.029,0.009,9.0,0.0
2025-09-13 07:00:00-06:00,,0.015,0.02,0.035,0.006,4.0,0.0
2025-09-13 08:00:00-06:00,,0.023,0.019,0.042,0.007,6.0,0.0
2025-09-13 09:00:00-06:00,,0.033,0.019,0.052,0.01,7.0,0.001
2025-09-13 10:00:00-06:00,,0.034,0.019,0.053,0.016,7.0,0.001
2025-09-13 11:00:00-06:00,,0.023,0.016,0.04,0.029,8.0,0.0
2025-09-13 12:00:00-06:00,,0.016,0.016,0.032,0.048,11.0,0.0
2025-09-13 13:00:00-06:00,,0.013,0.017,0.03,0.072,12.0,0.0
2025-09-13 14:00:00-06:00,,0.011,0.015,0.026,0.089,11.0,0.0
2025-09-13 15:00:00-06:00,,0.01,0.018,0.028,0.094,9.0,0.001
2025-09-13 16:00:00-06:00,,0.009,0.014,0.023,0.077,10.0,0.005
2025-09-13 17:00:00-06:00,,0.008,0.017,0.025,0.078,13.0,0.004
2025-09-13 18:00:00-06:00,,0.009,0.022,0.032,0.047,11.0,0.001
2025-09-13 19:00:00-06:00,,0.011,0.025,0.036,0.033,20.0,0.001
2025-09-13 20:00:00-06:00,,0.01,0.016,0.026,0.041,13.0,0.0
2025-09-13 21:00:00-06:00,,0.01,0.017,0.027,0.028,13.0,0.0
2025-09-13 22:00:00-06:00,,0.011,0.023,0.035,0.011,5.0,0.0
2025-09-13 23:00:00-06:00,,0.014,0.028,0.042,0.003,8.0,0.0
2025-09-14 00:00:00-06:00,,,,,,5.0,
2025-09-14 02:00:00-06:00,,,,,,11.0,
2025-09-14 03:00:00-06:00,,,,,,3.0,
2025-09-14 04:00:00-06:00,,0.014,0.022,0.036,0.003,5.0,0.0
2025-09-14 05:00:00-06:00,,0.015,0.022,0.037,0.003,10.0,0.0
2025-09-14 06:00:00-06:00,,0.012,0.018,0.03,0.005,14.0,
2025-09-14 07:00:00-06:00,,0.011,0.014,0.025,0.011,12.0,
2025-09-14 08:00:00-06:00,,0.014,0.013,0.026,0.015,14.0,
2025-09-14 09:00:00-06:00,,0.017,0.011,0.028,0.024,4.0,
2025-09-14 10:00:00-06:00,,0.015,0.011,0.025,0.035,9.0,
2025-09-14 11:00:00-06:00,,0.012,0.009,0.021,0.051,6.0,
2025-09-14 12:00:00-06:00,,0.01,0.01,0.02,0.066,13.0,0.0
2025-09-14 13:00:00-06:00,,0.01,0.012,0.022,0.08,13.0,0.0
2025-09-14 14:00:00-06:00,,0.009,0.014,0.022,0.102,13.0,0.0
2025-09-14 15:00:00-06:00,,0.008,0.013,0.022,0.103,14.0,0.0
2025-09-14 16:00:00-06:00,,0.008,0.011,0.019,0.094,15.0,0.0
2025-09-14 17:00:00-06:00,,0.008,0.012,0.02,0.08,11.0,0.0
2025-09-14 18:00:00-06:00,,0.009,0.014,0.023,0.06,8.0,0.0
2025-09-14 19:00:00-06:00,,0.009,0.016,0.025,0.039,14.0,
2025-09-14 20:00:00-06:00,,0.008,0.015,0.024,0.033,11.0,
2025-09-14 21:00:00-06:00,,0.009,0.015,0.025,0.026,9.0,
2025-09-14 22:00:00-06:00,,0.017,0.033,0.049,0.005,7.0,
2025-09-14 23:00:00-06:00,,0.017,0.03,0.046,0.004,8.0,
2025-09-15 00:00:00-06:00,,0.01,0.018,0.028,0.01,9.0,
2025-09-15 01:00:00-06:00,,0.01,0.019,0.029,0.007,,
2025-09-15 02:00:00-06:00,,0.01,0.013,0.023,0.011,10.0,
2025-09-15 03:00:00-06:00,,0.01,0.011,0.021,0.009,6.0,
2025-09-15 04:00:00-06:00,,0.012,0.012,0.024,0.006,4.0,
2025-09-15 05:00:00-06:00,,0.011,0.011,0.022,0.011,4.0,
2025-09-15 06:00:00-06:00,,0.011,0.012,0.023,0.01,5.0,
2025-09-15 07:00:00-06:00,,0.016,0.019,0.036,0.004,10.0,
2025-09-15 08:00:00-06:00,,0.041,0.023,0.064,0.003,5.0,
2025-09-15 09:00:00-06:00,,0.041,0.023,0.064,0.008,16.0,
2025-09-15 10:00:00-06:00,,0.024,0.017,0.041,0.021,10.0,0.0
2025-09-15 11:00:00-06:00,,0.021,0.019,0.04,0.028,12.0,
2025-09-15 12:00:00-06:00,,0.016,0.017,0.034,0.044,13.0,
2025-09-15 13:00:00-06:00,,0.013,0.016,0.029,0.063,15.0,
2025-09-15 14:00:00-06:00,,0.011,0.016,0.027,0.078,11.0,
2025-09-15 15:00:00-06:00,,0.01,0.015,0.025,0.089,14.0,
2025-09-15 16:00:00-06:00,,0.009,0.013,0.022,0.079,9.0,
2025-09-15 17:00:00-06:00,,0.009,0.015,0.024,0.065,12.0,
2025-09-15 18:00:00-06:00,,0.01,0.021,0.031,0.029,6.0,
2025-09-15 19:00:00-06:00,,0.011,0.018,0.028,0.038,14.0,
2025-09-15 20:00:00-06:00,,0.01,0.018,0.028,0.029,11.0,
2025-09-15 21:00:00-06:00,,0.011,0.021,0.031,0.015,15.0,
2025-09-15 22:00:00-06:00,,0.012,0.023,0.036,0.007,9.0,
2025-09-15 23:00:00-06:00,,0.011,0.016,0.027,0.013,8.0,
2025-09-16 00:00:00-06:00,,0.011,0.01,0.021,0.019,10.0,
2025-09-16 01:00:00-06:00,,0.011,0.01,0.02,0.018,,
2025-09-16 02:00:00-06:00,,0.011,0.01,0.021,0.017,4.0,
2025-09-16 03:00:00-06:00,,0.011,0.009,0.021,0.018,13.0,
2025-09-16 04:00:00-06:00,,0.011,0.008,0.02,0.019,8.0,
2025-09-16 05:00:00-06:00,,0.012,0.009,0.021,0.018,9.0,0.0
2025-09-16 06:00:00-06:00,,0.012,0.011,0.023,0.015,6.0,0.002
2025-09-16 07:00:00-06:00,,0.014,0.019,0.032,0.007,11.0,0.002
2025-09-16 08:00:00-06:00,,0.02,0.018,0.038,0.008,13.0,0.002
2025-09-16 09:00:00-06:00,,0.019,0.014,0.033,0.016,10.0,0.0
2025-09-16 10:00:00-06:00,,0.017,0.011,0.028,0.021,10.0,
2025-09-16 11:00:00-06:00,,0.014,0.008,0.023,0.031,10.0,
2025-09-16 12:00:00-06:00,,0.012,0.007,0.019,0.043,2.0,
2025-09-16 13:00:00-06:00,,0.01,0.007,0.017,0.05,,
2025-09-16 14:00:00-06:00,,0.01,0.007,0.016,0.054,7.0,
2025-09-16 15:00:00-06:00,,0.009,0.007,0.016,0.057,,
2025-09-16 16:00:00-06:00,,0.009,0.007,0.016,0.052,2.0,
2025-09-16 17:00:00-06:00,,0.008,0.007,0.016,0.047,4.0,
2025-09-16 18:00:00-06:00,,0.008,0.009,0.017,0.041,2.0,0.0
2025-09-16 19:00:00-06:00,,0.008,0.009,0.016,0.035,7.0,
2025-09-16 20:00:00-06:00,,0.008,0.01,0.018,0.032,10.0,
2025-09-16 21:00:00-06:00,,0.008,0.013,0.021,0.021,10.0,
2025-09-16 22:00:00-06:00,,0.01,0.014,0.025,0.017,9.0,
2025-09-16 23:00:00-06:00,,0.011,0.014,0.025,0.017,4.0,
2025-09-17 00:00:00-06:00,,0.011,0.013,0.024,0.019,8.0,
2025-09-17 01:00:00-06:00,,0.012,0.013,0.025,0.017,,
2025-09-17 02:00:00-06:00,,0.012,0.017,0.029,0.013,1.0,
2025-09-17 03:00:00-06:00,,0.012,0.014,0.026,0.017,5.0,
2025-09-17 04:00:00-06:00,,0.012,0.011,0.023,0.021,6.0,
2025-09-17 05:00:00-06:00,,0.012,0.014,0.026,0.017,6.0,
2025-09-17 06:00:00-06:00,,0.012,0.019,0.031,0.011,5.0,
2025-09-17 07:00:00-06:00,,0.013,0.021,0.034,0.008,5.0,
2025-09-17 08:00:00-06:00,,0.025,0.026,0.05,0.007,6.0,
2025-09-17 09:00:00-06:00,,0.031,0.023,0.055,0.011,7.0,0.0
2025-09-17 10:00:00-06:00,,0.023,0.024,0.047,0.015,7.0,
2025-09-17 11:00:00-06:00,,0.023,0.022,0.044,0.021,9.0,
2025-09-17 12:00:00-06:00,,0.02,0.019,0.039,0.034,11.0,
2025-09-17 13:00:00-06:00,,0.015,0.018,0.033,0.043,,
2025-09-17 14:00:00-06:00,,0.014,0.017,0.03,0.054,9.0,
2025-09-17 15:00:00-06:00,,0.012,0.017,0.029,0.065,8.0,
2025-09-17 16:00:00-06:00,,0.012,0.018,0.03,0.067,7.0,0.0
2025-09-17 17:00:00-06:00,,0.013,0.019,0.032,0.052,11.0,0.0
2025-09-17 18:00:00-06:00,,0.012,0.021,0.033,0.047,9.0,0.001
2025-09-17 19:00:00-06:00,,0.017,0.032,0.049,0.026,10.0,0.001
2025-09-17 20:00:00-06:00,,0.013,0.036,0.05,0.014,16.0,0.004
2025-09-17 21:00:00-06:00,,0.017,0.031,0.048,0.01,16.0,0.001
2025-09-17 22:00:00-06:00,,0.015,0.024,0.039,0.011,10.0,0.0
2025-09-17 23:00:00-06:00,,0.014,0.026,0.04,0.007,7.0,0.0
2025-09-18 00:00:00-06:00,,0.013,0.02,0.033,0.012,8.0,0.0
2025-09-18 01:00:00-06:00,,0.012,0.018,0.031,0.013,,0.0
2025-09-18 02:00:00-06:00,,0.012,0.018,0.03,0.014,6.0,0.001
2025-09-18 03:00:00-06:00,,0.011,0.017,0.028,0.013,7.0,0.003
2025-09-18 04:00:00-06:00,,0.011,0.015,0.026,0.014,9.0,0.005
2025-09-18 05:00:00-06:00,,0.012,0.015,0.026,0.011,13.0,0.005
2025-09-18 06:00:00-06:00,,0.013,0.02,0.032,0.006,20.0,0.003
2025-09-18 07:00:00-06:00,,0.021,0.025,0.046,0.002,18.0,0.003
2025-09-18 08:00:00-06:00,,0.029,0.025,0.054,0.003,14.0,0.002
2025-09-18 09:00:00-06:00,,0.031,0.025,0.057,0.008,18.0,0.001
2025-09-18 10:00:00-06:00,,0.03,0.023,0.053,0.017,10.0,0.0
2025-09-18 11:00:00-06:00,,0.029,0.024,0.053,0.029,8.0,0.0
2025-09-18 12:00:00-06:00,,0.021,0.023,0.045,0.046,5.0,0.0
2025-09-18 13:00:00-06:00,,0.017,0.024,0.041,0.067,17.0,0.0
2025-09-18 14:00:00-06:00,,0.012,0.02,0.032,0.093,14.0,0.0
2025-09-18 15:00:00-06:00,,0.01,0.018,0.028,0.107,12.0,0.0
2025-09-18 16:00:00-06:00,,0.009,0.019,0.028,0.107,15.0,0.0
2025-09-18 17:00:00-06:00,,0.011,0.018,0.029,0.048,12.0,0.0
2025-09-18 18:00:00-06:00,,0.011,0.022,0.032,0.035,11.0,0.0
2025-09-18 19:00:00-06:00,,0.012,0.026,0.038,0.022,8.0,0.0
2025-09-18 20:00:00-06:00,,0.014,0.033,0.047,0.007,11.0,0.0
2025-09-18 21:00:00-06:00,,0.016,0.028,0.044,0.007,11.0,0.0
2025-09-18 23:00:00-06:00,,0.012,0.022,0.035,0.012,9.0,0.0
2025-09-19 00:00:00-06:00,,0.011,0.016,0.027,0.017,5.0,0.0
2025-09-19 01:00:00-06:00,,0.011,0.013,0.024,0.02,,0.0
2025-09-19 02:00:00-06:00,,0.011,0.012,0.022,0.02,7.0,0.0
2025-09-19 03:00:00-06:00,,0.01,0.011,0.021,0.021,4.0,0.001
2025-09-19 04:00:00-06:00,,0.011,0.009,0.02,0.022,7.0,0.002
2025-09-19 05:00:00-06:00,,0.011,0.013,0.025,0.016,8.0,0.005
2025-09-19 06:00:00-06:00,,0.012,0.019,0.031,0.01,9.0,0.002
2025-09-19 07:00:00-06:00,,0.02,0.027,0.046,0.003,14.0,0.002
2025-09-19 08:00:00-06:00,,0.027,0.024,0.051,0.009,16.0,0.001
2025-09-19 09:00:00-06:00,,0.021,0.017,0.038,0.02,9.0,0.0
2025-09-19 10:00:00-06:00,,0.018,0.015,0.032,0.028,9.0,0.0
2025-09-19 11:00:00-06:00,,0.017,0.016,0.033,0.037,4.0,0.0
2025-09-19 12:00:00-06:00,,0.015,0.018,0.033,0.051,11.0,0.0
2025-09-19 13:00:00-06:00,,0.012,0.015,0.027,0.068,7.0,0.0
2025-09-19 14:00:00-06:00,,0.009,0.014,0.022,0.089,9.0,0.0
2025-09-19 15:00:00-06:00,,0.008,0.012,0.019,0.071,7.0,0.0
2025-09-19 16:00:00-06:00,,0.008,0.013,0.021,0.059,8.0,0.0
2025-09-19 17:00:00-06:00,,0.009,0.012,0.021,0.054,7.0,0.0
2025-09-19 18:00:00-06:00,,0.009,0.016,0.025,0.044,3.0,0.0
2025-09-19 19:00:00-06:00,,0.009,0.018,0.027,0.035,8.0,0.0
2025-09-19 20:00:00-06:00,,0.008,0.018,0.027,0.03,8.0,0.0
2025-09-19 21:00:00-06:00,,0.009,0.02,0.029,0.022,9.0,0.0
2025-09-19 22:00:00-06:00,,0.01,0.024,0.035,0.015,10.0,0.0
2025-09-19 23:00:00-06:00,,0.01,0.019,0.029,0.018,9.0,0.0
2025-09-20 00:00:00-06:00,,,,,,9.0,
2025-09-20 02:00:00-06:00,,,,,,11.0,
2025-09-20 03:00:00-06:00,,,,,,4.0,
2025-09-20 04:00:00-06:00,,0.009,0.014,0.023,0.017,5.0,0.005
2025-09-20 05:00:00-06:00,,0.01,0.015,0.024,0.016,4.0,0.009
2025-09-20 06:00:00-06:00,,0.011,0.013,0.024,0.017,14.0,0.007
2025-09-20 07:00:00-06:00,,0.012,0.019,0.031,0.013,17.0,0.002
2025-09-20 08:00:00-06:00,,0.018,0.019,0.037,0.017,9.0,0.001
2025-09-20 09:00:00-06:00,,0.017,0.014,0.031,0.023,4.0,0.002
2025-09-20 10:00:00-06:00,,0.019,0.015,0.034,0.028,6.0,0.002
2025-09-20 11:00:00-06:00,,0.016,0.016,0.032,0.044,9.0,0.001
2025-09-20 12:00:00-06:00,,0.013,0.015,0.028,0.063,13.0,0.001
2025-09-20 13:00:00-06:00,,0.009,0.013,0.021,0.075,7.0,0.001
2025-09-20 14:00:00-06:00,,0.007,0.01,0.018,0.07,7.0,0.001
2025-09-20 15:00:00-06:00,,0.007,0.011,0.018,0.067,6.0,0.001
2025-09-20 16:00:00-06:00,,0.009,0.014,0.023,0.048,5.0,0.001
2025-09-20 17:00:00-06:00,,0.009,0.014,0.023,0.036,12.0,0.0
2025-09-20 18:00:00-06:00,,0.011,0.021,0.031,0.027,4.0,0.001
2025-09-20 19:00:00-06:00,,0.01,0.02,0.03,0.019,10.0,0.0
2025-09-20 20:00:00-06:00,,0.01,0.02,0.029,0.019,9.0,0.0
2025-09-20 21:00:00-06:00,,0.013,0.031,0.044,0.011,6.0,0.0
2025-09-20 22:00:00-06:00,,0.01,0.019,0.029,0.015,10.0,0.001
2025-09-20 23:00:00-06:00,,0.01,0.018,0.028,0.015,6.0,0.001
2025-09-21 00:00:00-06:00,,0.01,0.014,0.024,0.017,8.0,0.0
2025-09-21 01:00:00-06:00,,0.01,0.011,0.021,0.019,,0.001
2025-09-21 02:00:00-06:00,,0.01,0.01,0.019,0.02,1.0,0.001
2025-09-21 03:00:00-06:00,,0.009,0.009,0.018,0.02,9.0,0.002
2025-09-21 04:00:00-06:00,,0.009,0.01,0.019,0.018,6.0,0.001
2025-09-21 05:00:00-06:00,,0.009,0.011,0.02,0.012,8.0,0.001
2025-09-21 06:00:00-06:00,,0.009,0.012,0.021,0.009,7.0,0.001
2025-09-21 07:00:00-06:00,,0.01,0.013,0.022,0.008,7.0,0.001
2025-09-21 08:00:00-06:00,,0.025,0.019,0.045,0.008,7.0,0.001
2025-09-21 09:00:00-06:00,,0.025,0.02,0.045,0.013,4.0,0.002
2025-09-21 10:00:00-06:00,,0.014,0.011,0.025,0.027,6.0,0.001
2025-09-21 11:00:00-06:00,,0.015,0.012,0.026,0.039,9.0,0.001
2025-09-21 12:00:00-06:00,,0.012,0.012,0.024,0.056,11.0,0.001
2025-09-21 13:00:00-06:00,,0.011,0.012,0.023,0.071,10.0,0.001
2025-09-21 14:00:00-06:00,,0.01,0.011,0.021,0.081,15.0,0.001
2025-09-21 15:00:00-06:00,,0.008,0.011,0.019,0.089,10.0,0.001
2025-09-21 16:00:00-06:00,,0.008,0.011,0.019,0.081,12.0,0.001
2025-09-21 17:00:00-06:00,,0.008,0.012,0.021,0.045,8.0,0.001
2025-09-21 18:00:00-06:00,,0.009,0.015,0.024,0.042,17.0,0.001
2025-09-21 19:00:00-06:00,,0.009,0.017,0.026,0.029,12.0,0.001
2025-09-21 20:00:00-06:00,,0.01,0.017,0.027,0.019,10.0,0.0
2025-09-21 21:00:00-06:00,,0.011,0.019,0.03,0.014,6.0,0.0
2025-09-21 22:00:00-06:00,,0.011,0.016,0.026,0.014,9.0,0.001
2025-09-21 23:00:00-06:00,,0.011,0.012,0.023,0.016,5.0,0.0
2025-09-22 00:00:00-06:00,,0.01,0.01,0.02,0.018,4.0,0.0
2025-09-22 01:00:00-06:00,,0.01,0.01,0.02,0.013,,0.0
2025-09-22 02:00:00-06:00,,0.01,0.012,0.022,0.007,3.0,0.0
2025-09-22 03:00:00-06:00,,0.013,0.012,0.025,0.003,9.0,0.0
2025-09-22 04:00:00-06:00,,0.012,0.009,0.02,0.004,1.0,0.0
2025-09-22 05:00:00-06:00,,0.013,0.011,0.024,0.003,8.0,0.0
2025-09-22 06:00:00-06:00,,0.013,0.014,0.027,0.004,7.0,0.001
2025-09-22 07:00:00-06:00,,0.022,0.016,0.038,0.003,4.0,0.002
2025-09-22 08:00:00-06:00,,0.05,0.016,0.066,0.004,13.0,0.001
2025-09-22 09:00:00-06:00,,0.035,0.019,0.055,0.008,10.0,0.001
2025-09-22 10:00:00-06:00,,0.03,0.02,0.05,0.022,11.0,0.002
2025-09-22 11:00:00-06:00,,0.023,0.023,0.046,0.03,15.0,0.001
2025-09-22 12:00:00-06:00,,0.019,0.025,0.044,0.053,21.0,0.001
2025-09-22 13:00:00-06:00,,0.016,0.025,0.041,0.077,24.0,0.001
2025-09-22 14:00:00-06:00,,0.008,0.02,0.028,0.094,21.0,0.001
2025-09-22 15:00:00-06:00,,0.007,0.014,0.021,0.088,21.0,0.001
2025-09-22 16:00:00-06:00,,0.006,0.013,0.019,0.082,4.0,0.001
2025-09-22 17:00:00-06:00,,0.007,0.015,0.022,0.082,11.0,0.001
2025-09-22 18:00:00-06:00,,0.007,0.017,0.023,0.062,8.0,0.004
2025-09-22 19:00:00-06:00,,0.008,0.026,0.034,0.057,12.0,0.001
2025-09-22 20:00:00-06:00,,0.008,0.026,0.034,0.046,20.0,0.001
2025-09-22 21:00:00-06:00,,0.009,0.025,0.034,0.017,18.0,0.001
2025-09-22 22:00:00-06:00,,0.011,0.026,0.037,0.01,12.0,0.001
2025-09-22 23:00:00-06:00,,0.011,0.018,0.029,0.016,11.0,0.001
2025-09-23 00:00:00-06:00,,0.01,0.014,0.024,0.019,8.0,0.001
2025-09-23 01:00:00-06:00,,0.01,0.01,0.02,0.021,,0.003
2025-09-23 02:00:00-06:00,,0.009,0.009,0.018,0.02,3.0,0.001
2025-09-23 03:00:00-06:00,,0.008,0.01,0.017,0.015,9.0,0.001
2025-09-23 04:00:00-06:00,,0.008,0.01,0.018,0.011,3.0,0.001
2025-09-23 05:00:00-06:00,,0.01,0.012,0.022,0.014,7.0,0.001
2025-09-23 06:00:00-06:00,,0.012,0.017,0.029,0.01,8.0,0.003
2025-09-23 07:00:00-06:00,,0.019,0.024,0.043,0.004,12.0,0.005
2025-09-23 08:00:00-06:00,,0.029,0.023,0.051,0.006,9.0,0.006
2025-09-23 09:00:00-06:00,,0.028,0.02,0.048,0.015,17.0,0.003
2025-09-23 10:00:00-06:00,,0.024,0.021,0.044,0.022,11.0,0.001
2025-09-23 11:00:00-06:00,,0.015,0.019,0.035,0.032,12.0,0.001
2025-09-23 12:00:00-06:00,,0.011,0.017,0.028,0.05,14.0,0.001
2025-09-23 13:00:00-06:00,,0.007,0.016,0.023,0.067,10.0,0.001
2025-09-23 14:00:00-06:00,,0.006,0.017,0.022,0.079,9.0,0.001
2025-09-23 15:00:00-06:00,,0.004,0.012,0.016,0.092,13.0,0.001
2025-09-23 16:00:00-06:00,,0.005,0.011,0.016,0.081,10.0,0.001
2025-09-23 17:00:00-06:00,,0.008,0.016,0.024,0.05,9.0,0.001
2025-09-23 18:00:00-06:00,,0.01,0.016,0.027,0.043,7.0,0.002
2025-09-23 19:00:00-06:00,,0.009,0.017,0.026,0.028,11.0,0.002
2025-09-23 20:00:00-06:00,,0.01,0.021,0.031,0.016,8.0,0.001
2025-09-23 21:00:00-06:00,,0.011,0.021,0.032,0.012,13.0,0.0
2025-09-23 22:00:00-06:00,,0.014,0.026,0.04,0.005,13.0,0.001
2025-09-23 23:00:00-06:00,,0.013,0.024,0.037,0.006,12.0,0.001
2025-09-24 00:00:00-06:00,,0.011,0.02,0.03,0.009,10.0,0.001
2025-09-24 01:00:00-06:00,,0.011,0.016,0.027,0.011,,0.001
2025-09-24 02:00:00-06:00,,0.011,0.017,0.028,0.011,6.0,0.001
2025-09-24 03:00:00-06:00,,0.011,0.015,0.027,0.013,10.0,0.001
2025-09-24 04:00:00-06:00,,0.011,0.016,0.027,0.011,8.0,0.001
2025-09-24 05:00:00-06:00,,0.012,0.015,0.027,0.011,7.0,0.001
2025-09-24 06:00:00-06:00,,0.011,0.014,0.025,0.014,7.0,0.0
2025-09-24 07:00:00-06:00,,0.016,0.021,0.037,0.006,9.0,0.001
2025-09-24 08:00:00-06:00,,0.026,0.02,0.046,0.01,7.0,0.001
2025-09-24 09:00:00-06:00,,0.022,0.017,0.039,0.016,8.0,0.001
2025-09-24 10:00:00-06:00,,0.02,0.013,0.033,0.028,9.0,0.001
2025-09-24 11:00:00-06:00,,0.017,0.015,0.032,0.039,7.0,0.001
2025-09-24 12:00:00-06:00,,0.016,0.017,0.033,0.055,11.0,0.0
2025-09-24 13:00:00-06:00,,0.012,0.016,0.028,0.08,13.0,0.0
2025-09-24 14:00:00-06:00,,0.008,0.017,0.025,0.099,12.0,0.001
2025-09-24 15:00:00-06:00,,0.007,0.02,0.028,0.116,8.0,0.001
2025-09-24 16:00:00-06:00,,,,,0.105,15.0,0.001
2025-09-24 17:00:00-06:00,,,,,0.093,20.0,0.001
2025-09-24 18:00:00-06:00,,,,,0.039,17.0,0.002
2025-09-24 19:00:00-06:00,,,,,0.026,24.0,0.0
2025-09-24 20:00:00-06:00,,,,,0.019,16.0,0.0
2025-09-24 21:00:00-06:00,,,,,0.006,5.0,0.001
2025-09-24 22:00:00-06:00,,,,,0.004,10.0,0.001
2025-09-24 23:00:00-06:00,,,,,0.006,13.0,0.001
2025-09-25 00:00:00-06:00,,,,,0.014,7.0,0.0
2025-09-25 01:00:00-06:00,,,,,0.024,,0.0
2025-09-25 02:00:00-06:00,,,,,0.019,10.0,0.0
2025-09-25 03:00:00-06:00,,,,,0.014,7.0,0.0
2025-09-25 04:00:00-06:00,,,,,0.014,2.0,0.0
2025-09-25 05:00:00-06:00,,,,,0.016,5.0,0.0
2025-09-25 06:00:00-06:00,,,,,0.008,3.0,0.0
2025-09-25 07:00:00-06:00,,,,,0.003,3.0,0.0
2025-09-25 08:00:00-06:00,,,,,0.007,8.0,0.001
2025-09-25 09:00:00-06:00,,,,,0.016,3.0,0.001
2025-09-25 10:00:00-06:00,,,,,0.031,6.0,0.001
2025-09-25 11:00:00-06:00,,,,,0.049,10.0,0.001
2025-09-25 12:00:00-06:00,,,,,0.062,8.0,0.001
2025-09-25 13:00:00-06:00,,,,,0.063,10.0,0.0
2025-09-25 14:00:00-06:00,,,,,0.063,2.0,0.0
2025-09-25 15:00:00-06:00,,,,,0.055,6.0,0.0
2025-09-25 16:00:00-06:00,,,,,0.035,2.0,0.0
2025-09-25 17:00:00-06:00,,,,,0.015,14.0,0.001
2025-09-25 18:00:00-06:00,,,,,0.009,7.0,0.001
2025-09-25 19:00:00-06:00,,,,,0.006,11.0,0.001
2025-09-25 20:00:00-06:00,,,,,0.004,9.0,0.001
2025-09-25 21:00:00-06:00,,,,,0.003,14.0,0.001
2025-09-25 22:00:00-06:00,,,,,0.003,13.0,0.001
2025-09-25 23:00:00-06:00,,,,,0.003,11.0,0.001
2025-09-26 00:00:00-06:00,,,,,,15.0,
2025-09-26 02:00:00-06:00,,,,,,22.0,
2025-09-26 03:00:00-06:00,,,,,,13.0,
2025-09-26 04:00:00-06:00,,,,,0.003,12.0,0.001
2025-09-26 05:00:00-06:00,,,,,0.003,14.0,0.001
2025-09-26 06:00:00-06:00,,,,,0.003,13.0,0.0
2025-09-26 07:00:00-06:00,,,,,0.003,15.0,0.001
2025-09-26 08:00:00-06:00,,,,,0.003,8.0,0.002
2025-09-26 09:00:00-06:00,,,,,0.006,15.0,0.001
2025-09-26 10:00:00-06:00,,,,,0.019,11.0,0.001
2025-09-26 11:00:00-06:00,,,,,0.038,19.0,0.001
2025-09-26 12:00:00-06:00,,,,,,10.0,
2025-09-26 13:00:00-06:00,,,,,,10.0,
2025-09-26 14:00:00-06:00,,,,,,17.0,
2025-09-26 15:00:00-06:00,,,,,,15.0,0.001
2025-09-26 16:00:00-06:00,,0.001,0.026,0.027,0.079,19.0,0.001
2025-09-26 17:00:00-06:00,,0.0,0.015,0.016,0.044,29.0,0.0
2025-09-26 18:00:00-06:00,,,,,0.03,6.0,0.0
2025-09-26 19:00:00-06:00,,,,,0.009,7.0,0.0
2025-09-26 20:00:00-06:00,,,,,0.027,2.0,0.0
2025-09-26 21:00:00-06:00,,,,,0.024,12.0,0.0
2025-09-26 22:00:00-06:00,,,,,0.009,14.0,0.0
2025-09-26 23:00:00-06:00,,,,,0.005,11.0,0.0
2025-09-27 00:00:00-06:00,,,,,0.002,10.0,0.0
2025-09-27 01:00:00-06:00,,0.008,0.036,0.044,0.004,,0.001
2025-09-27 02:00:00-06:00,,0.006,0.034,0.04,0.009,10.0,0.001
2025-09-27 03:00:00-06:00,,0.005,0.04,0.045,0.006,21.0,0.001
2025-09-27 04:00:00-06:00,,0.014,0.04,0.054,0.002,15.0,0.001
2025-09-27 05:00:00-06:00,,0.001,0.022,0.023,0.016,15.0,0.002
2025-09-27 06:00:00-06:00,,0.0,0.017,0.017,0.023,21.0,0.001
2025-09-27 07:00:00-06:00,,0.001,0.023,0.024,0.015,7.0,0.001
2025-09-27 08:00:00-06:00,,0.004,0.02,0.024,0.018,11.0,0.001
2025-09-27 09:00:00-06:00,,0.006,0.014,0.02,0.028,9.0,0.001
2025-09-27 10:00:00-06:00,,0.008,0.017,0.025,0.034,9.0,0.002
2025-09-27 11:00:00-06:00,,0.006,0.014,0.02,0.044,17.0,0.002
2025-09-27 12:00:00-06:00,,0.003,0.012,0.015,0.059,17.0,0.001
2025-09-27 13:00:00-06:00,,0.002,0.012,0.014,0.072,16.0,0.001
2025-09-27 14:00:00-06:00,,0.001,0.016,0.017,0.085,10.0,0.002
2025-09-27 15:00:00-06:00,,0.0,0.018,0.018,0.105,12.0,0.002
2025-09-27 16:00:00-06:00,,0.0,0.014,0.014,0.055,21.0,0.001
2025-09-27 17:00:00-06:00,,0.0,0.012,0.012,0.04,21.0,0.001
2025-09-27 18:00:00-06:00,,0.0,0.013,0.013,0.038,13.0,0.003
2025-09-27 19:00:00-06:00,,0.0,0.019,0.019,0.025,10.0,0.002
2025-09-27 20:00:00-06:00,,0.0,0.027,0.027,0.014,10.0,0.002
2025-09-27 21:00:00-06:00,,0.003,0.027,0.03,0.017,16.0,0.002
2025-09-27 22:00:00-06:00,,0.0,0.015,0.015,0.028,12.0,0.003
2025-09-27 23:00:00-06:00,,0.002,0.023,0.025,0.012,13.0,0.002
2025-09-28 00:00:00-06:00,,0.001,0.023,0.024,0.017,10.0,0.002
2025-09-28 01:00:00-06:00,,0.0,0.02,0.02,0.019,,0.001
2025-09-28 02:00:00-06:00,,0.0,0.011,0.011,0.027,11.0,0.001
2025-09-28 03:00:00-06:00,,0.0,0.012,0.011,0.025,13.0,0.001
2025-09-28 04:00:00-06:00,,0.0,0.012,0.012,0.022,12.0,0.001
2025-09-28 05:00:00-06:00,,0.0,0.014,0.014,0.02,14.0,0.001
2025-09-28 06:00:00-06:00,,0.0,0.017,0.017,0.014,14.0,0.001
2025-09-28 07:00:00-06:00,,0.0,0.018,0.019,0.01,14.0,0.0
2025-09-28 08:00:00-06:00,,0.003,0.017,0.02,0.012,15.0,0.001
2025-09-28 09:00:00-06:00,,0.006,0.018,0.024,0.01,16.0,0.002
2025-09-28 10:00:00-06:00,,0.009,0.019,0.028,0.011,11.0,0.004
2025-09-28 11:00:00-06:00,,0.012,0.016,0.027,0.029,23.0,0.004
2025-09-28 12:00:00-06:00,,0.005,0.018,0.023,0.054,18.0,0.001
2025-09-28 13:00:00-06:00,,0.003,0.018,0.021,0.082,17.0,0.001
2025-09-28 14:00:00-06:00,,0.0,0.013,0.013,0.107,21.0,0.001
2025-09-28 15:00:00-06:00,,0.0,0.015,0.015,0.11,20.0,0.001
2025-09-28 16:00:00-06:00,,0.0,0.015,0.016,0.078,14.0,0.001
2025-09-28 17:00:00-06:00,,0.001,0.015,0.015,0.052,16.0,0.001
2025-09-28 18:00:00-06:00,,0.0,0.013,0.014,0.046,12.0,0.0
2025-09-28 19:00:00-06:00,,0.0,0.019,0.019,0.031,9.0,0.001
2025-09-28 20:00:00-06:00,,0.0,0.019,0.019,0.023,10.0,0.002
2025-09-28 21:00:00-06:00,,0.0,0.019,0.019,0.014,10.0,0.001
2025-09-28 22:00:00-06:00,,0.0,0.019,0.02,0.012,8.0,0.0
2025-09-28 23:00:00-06:00,,0.0,0.015,0.014,0.015,5.0,0.0
2025-09-29 00:00:00-06:00,,0.0,0.012,0.012,0.017,5.0,0.0
2025-09-29 01:00:00-06:00,,0.0,0.01,0.009,0.021,,0.0
2025-09-29 02:00:00-06:00,,0.0,0.01,0.01,0.02,8.0,0.0
2025-09-29 03:00:00-06:00,,0.0,0.011,0.011,0.019,5.0,0.0
2025-09-29 04:00:00-06:00,,0.0,0.01,0.01,0.019,1.0,0.0
2025-09-29 05:00:00-06:00,,0.0,0.008,0.008,0.019,1.0,0.0
2025-09-29 06:00:00-06:00,,0.0,0.016,0.016,0.011,2.0,0.001
2025-09-29 07:00:00-06:00,,0.005,0.024,0.03,0.005,9.0,0.001
2025-09-29 08:00:00-06:00,,0.012,0.024,0.037,0.006,3.0,0.001
2025-09-29 09:00:00-06:00,,0.022,0.024,0.045,0.011,7.0,0.001
2025-09-29 10:00:00-06:00,,0.016,0.022,0.038,0.02,5.0,0.001
2025-09-29 11:00:00-06:00,,0.014,0.024,0.039,0.026,4.0,0.001
2025-09-29 12:00:00-06:00,,0.005,0.017,0.022,0.049,13.0,0.001
2025-09-29 13:00:00-06:00,,0.003,0.015,0.018,0.061,8.0,0.001
2025-09-29 14:00:00-06:00,,0.002,0.014,0.016,0.064,13.0,0.001
2025-09-29 15:00:00-06:00,,0.001,0.009,0.01,0.062,12.0,0.001
2025-09-29 16:00:00-06:00,,0.0,0.008,0.008,0.062,12.0,0.001
2025-09-29 17:00:00-06:00,,0.001,0.01,0.011,0.055,11.0,0.001
2025-09-29 18:00:00-06:00,,0.003,0.017,0.02,0.035,10.0,0.006
2025-09-29 19:00:00-06:00,,0.01,0.034,0.044,0.01,14.0,0.005
2025-09-29 20:00:00-06:00,,0.007,0.034,0.04,0.008,24.0,0.002
2025-09-29 21:00:00-06:00,,0.0,0.025,0.026,0.018,18.0,0.001
2025-09-29 22:00:00-06:00,,0.001,0.027,0.028,0.013,17.0,0.001
2025-09-29 23:00:00-06:00,,0.001,0.027,0.027,0.012,14.0,0.001
2025-09-30 00:00:00-06:00,,0.0,0.018,0.018,0.02,14.0,0.001
2025-09-30 01:00:00-06:00,,0.0,0.018,0.018,0.019,,0.0
2025-09-30 02:00:00-06:00,,0.0,0.011,0.011,0.024,14.0,0.0
2025-09-30 03:00:00-06:00,,,0.01,0.01,0.025,14.0,0.0
2025-09-30 04:00:00-06:00,,0.0,0.012,0.012,0.022,13.0,0.0
2025-09-30 05:00:00-06:00,,0.0,0.012,0.012,0.02,11.0,0.001
2025-09-30 06:00:00-06:00,,0.0,0.01,0.01,0.02,16.0,0.001
2025-09-30 07:00:00-06:00,,0.002,0.022,0.024,0.009,17.0,0.001
2025-09-30 08:00:00-06:00,,0.014,0.027,0.041,0.005,21.0,0.004
2025-09-30 09:00:00-06:00,,0.012,0.024,0.036,0.01,21.0,0.006
2025-09-30 10:00:00-06:00,,0.013,0.023,0.035,0.016,20.0,0.008
2025-09-30 11:00:00-06:00,,0.018,0.026,0.043,0.022,19.0,0.006
2025-09-30 12:00:00-06:00,,0.012,0.023,0.034,0.041,22.0,0.005
2025-09-30 13:00:00-06:00,,0.004,0.019,0.023,0.073,23.0,0.003
2025-09-30 14:00:00-06:00,,0.003,0.021,0.024,0.093,23.0,0.003
2025-09-30 15:00:00-06:00,,0.002,0.022,0.024,0.119,29.0,0.003
2025-09-30 16:00:00-06:00,,0.001,0.025,0.026,0.133,25.0,0.002
2025-09-30 17:00:00-06:00,,0.0,0.022,0.022,0.135,31.0,0.001
2025-09-30 18:00:00-06:00,,0.0,0.018,0.018,0.105,23.0,0.001
2025-09-30 19:00:00-06:00,,0.0,0.025,0.025,0.073,23.0,0.016
2025-09-30 20:00:00-06:00,,0.0,0.031,0.031,0.033,26.0,0.006
2025-09-30 21:00:00-06:00,,0.0,0.026,0.026,0.024,25.0,0.001
2025-09-30 22:00:00-06:00,,0.0,0.02,0.02,0.025,13.0,0.001
2025-09-30 23:00:00-06:00,,0.0,0.015,0.015,0.029,10.0,0.001
2025-10-01 00:00:00-06:00,,0.0,0.014,0.013,0.029,6.0,0.002
2025-10-01 01:00:00-06:00,,0.0,0.011,0.011,0.031,,0.004
2025-10-01 02:00:00-06:00,,0.0,0.012,0.012,0.029,16.0,0.005
2025-10-01 03:00:00-06:00,,0.0,0.01,0.009,0.031,12.0,0.008
2025-10-01 04:00:00-06:00,,0.0,0.008,0.007,0.033,15.0,0.019
2025-10-01 05:00:00-06:00,,0.0,0.01,0.009,0.03,13.0,0.015
2025-10-01 06:00:00-06:00,,0.002,0.021,0.023,0.015,20.0,0.004
2025-10-01 07:00:00-06:00,,0.007,0.03,0.037,0.008,19.0,0.002
2025-10-01 08:00:00-06:00,,0.02,0.034,0.054,0.005,16.0,0.002
2025-10-01 09:00:00-06:00,,0.022,0.031,0.053,0.012,19.0,0.002
2025-10-01 10:00:00-06:00,,0.016,0.024,0.04,0.024,20.0,0.003
2025-10-01 11:00:00-06:00,,0.014,0.03,0.044,0.031,18.0,0.002
2025-10-01 12:00:00-06:00,,0.009,0.031,0.04,0.06,32.0,0.004
2025-10-01 13:00:00-06:00,,0.004,0.027,0.032,0.096,34.0,0.005
2025-10-01 14:00:00-06:00,,0.002,0.02,0.022,0.112,31.0,0.007
2025-10-01 15:00:00-06:00,,0.001,0.02,0.02,0.126,30.0,0.008
2025-10-01 16:00:00-06:00,,0.0,0.02,0.02,0.141,21.0,0.01
2025-10-01 17:00:00-06:00,,0.0,0.02,0.02,0.132,33.0,0.008
2025-10-01 18:00:00-06:00,,0.0,0.021,0.021,0.097,32.0,0.004
2025-10-01 19:00:00-06:00,,0.0,0.019,0.019,0.049,31.0,0.002
2025-10-01 20:00:00-06:00,,0.0,0.013,0.014,0.038,29.0,0.0
2025-10-01 21:00:00-06:00,,0.0,0.016,0.016,0.031,15.0,0.0
2025-10-01 22:00:00-06:00,,0.0,0.021,0.021,0.022,12.0,0.0
2025-10-01 23:00:00-06:00,,0.0,0.019,0.019,0.024,14.0,0.0
2025-10-02 00:00:00-06:00,,,,,,7.0,
2025-10-02 02:00:00-06:00,,,,,,6.0,
2025-10-02 03:00:00-06:00,,,,,,8.0,
2025-10-02 04:00:00-06:00,,0.0,0.011,0.011,0.028,11.0,0.003
2025-10-02 05:00:00-06:00,,0.0,0.014,0.014,0.024,12.0,0.006
2025-10-02 06:00:00-06:00,,0.0,0.017,0.018,0.02,16.0,0.012
2025-10-02 07:00:00-06:00,,0.001,0.022,0.023,0.016,27.0,0.026
2025-10-02 08:00:00-06:00,,0.008,0.036,0.044,0.007,28.0,0.048
2025-10-02 09:00:00-06:00,,0.016,0.036,0.052,0.009,34.0,0.048
2025-10-02 10:00:00-06:00,,0.015,0.031,0.047,0.018,35.0,0.036
2025-10-02 11:00:00-06:00,,0.013,0.029,0.042,0.028,35.0,0.02
2025-10-02 12:00:00-06:00,,0.008,0.025,0.033,0.042,32.0,0.01
2025-10-02 13:00:00-06:00,,0.005,0.022,0.027,0.058,26.0,0.003
2025-10-02 14:00:00-06:00,,0.003,0.021,0.024,0.075,28.0,0.001
2025-10-02 15:00:00-06:00,,0.002,0.016,0.018,0.091,26.0,0.001
2025-10-02 16:00:00-06:00,,0.001,0.016,0.016,0.091,23.0,0.001
2025-10-02 17:00:00-06:00,,0.001,0.016,0.017,0.071,19.0,0.001
2025-10-02 18:00:00-06:00,,0.0,0.017,0.017,0.048,18.0,0.001
2025-10-02 19:00:00-06:00,,0.0,0.018,0.018,0.041,16.0,0.008
2025-10-02 20:00:00-06:00,,0.0,0.018,0.018,0.032,14.0,0.004
2025-10-02 21:00:00-06:00,,0.0,0.015,0.015,0.026,16.0,0.0
2025-10-02 22:00:00-06:00,,0.0,0.025,0.025,0.011,7.0,0.001
2025-10-02 23:00:00-06:00,,0.0,0.02,0.02,0.017,10.0,0.001
2025-10-03 00:00:00-06:00,,0.0,0.018,0.018,0.019,8.0,0.001
2025-10-03 01:00:00-06:00,,0.0,0.016,0.015,0.021,,0.001
2025-10-03 02:00:00-06:00,,0.0,0.015,0.015,0.019,,0.001
2025-10-03 03:00:00-06:00,,0.0,0.016,0.016,0.016,6.0,0.0
2025-10-03 04:00:00-06:00,,0.0,0.016,0.016,0.016,8.0,0.0
2025-10-03 05:00:00-06:00,,0.0,0.014,0.014,0.02,7.0,0.0
2025-10-03 06:00:00-06:00,,0.0,0.018,0.018,0.018,10.0,0.001
2025-10-03 07:00:00-06:00,,0.002,0.03,0.031,0.008,8.0,0.001
2025-10-03 08:00:00-06:00,,0.003,0.028,0.031,0.015,10.0,0.001
2025-10-03 09:00:00-06:00,,0.005,0.021,0.026,0.023,12.0,0.003
2025-10-03 10:00:00-06:00,,0.007,0.015,0.022,0.034,6.0,
2025-10-03 11:00:00-06:00,,0.006,0.014,0.02,0.044,9.0,
2025-10-03 12:00:00-06:00,,0.006,0.02,0.026,0.056,12.0,
2025-10-03 13:00:00-06:00,,0.004,0.018,0.022,0.077,13.0,0.007
2025-10-03 14:00:00-06:00,,0.002,0.018,0.02,0.099,16.0,0.002
2025-10-03 15:00:00-06:00,,0.001,0.019,0.02,0.105,10.0,0.002
2025-10-03 16:00:00-06:00,,0.0,0.016,0.017,0.093,19.0,0.001
2025-10-03 17:00:00-06:00,,0.0,0.015,0.015,0.07,16.0,0.001
